state,year,quarter,level,name,registered_users
andaman-&-nicobar-islands,2022,1,district,south andaman,63487
andaman-&-nicobar-islands,2022,1,district,north and middle andaman,10720
andaman-&-nicobar-islands,2022,1,district,nicobars,2081
andaman-&-nicobar-islands,2022,1,pincode,744103,15011
andaman-&-nicobar-islands,2022,1,pincode,744105,13070
andaman-&-nicobar-islands,2022,1,pincode,744101,12300
andaman-&-nicobar-islands,2022,1,pincode,744102,8271
andaman-&-nicobar-islands,2022,1,pincode,744202,4107
andaman-&-nicobar-islands,2022,1,pincode,744107,3455
andaman-&-nicobar-islands,2022,1,pincode,744104,3146
andaman-&-nicobar-islands,2022,1,pincode,744112,2552
andaman-&-nicobar-islands,2022,1,pincode,744211,2344
andaman-&-nicobar-islands,2022,1,pincode,744205,2034
andaman-&-nicobar-islands,2022,2,district,south andaman,66959
andaman-&-nicobar-islands,2022,2,district,north and middle andaman,11379
andaman-&-nicobar-islands,2022,2,district,nicobars,2192
andaman-&-nicobar-islands,2022,2,pincode,744103,15799
andaman-&-nicobar-islands,2022,2,pincode,744105,13791
andaman-&-nicobar-islands,2022,2,pincode,744101,12947
andaman-&-nicobar-islands,2022,2,pincode,744102,8709
andaman-&-nicobar-islands,2022,2,pincode,744202,4361
andaman-&-nicobar-islands,2022,2,pincode,744107,3674
andaman-&-nicobar-islands,2022,2,pincode,744104,3319
andaman-&-nicobar-islands,2022,2,pincode,744112,2700
andaman-&-nicobar-islands,2022,2,pincode,744211,2471
andaman-&-nicobar-islands,2022,2,pincode,744205,2162
andaman-&-nicobar-islands,2022,3,district,south andaman,70445
andaman-&-nicobar-islands,2022,3,district,north and middle andaman,11897
andaman-&-nicobar-islands,2022,3,district,nicobars,2300
andaman-&-nicobar-islands,2022,3,pincode,744103,16666
andaman-&-nicobar-islands,2022,3,pincode,744105,14503
andaman-&-nicobar-islands,2022,3,pincode,744101,13649
andaman-&-nicobar-islands,2022,3,pincode,744102,9148
andaman-&-nicobar-islands,2022,3,pincode,744202,4572
andaman-&-nicobar-islands,2022,3,pincode,744107,3868
andaman-&-nicobar-islands,2022,3,pincode,744104,3493
andaman-&-nicobar-islands,2022,3,pincode,744112,2837
andaman-&-nicobar-islands,2022,3,pincode,744211,2577
andaman-&-nicobar-islands,2022,3,pincode,744205,2268
andaman-&-nicobar-islands,2022,4,district,south andaman,73692
andaman-&-nicobar-islands,2022,4,district,north and middle andaman,12361
andaman-&-nicobar-islands,2022,4,district,nicobars,2389
andaman-&-nicobar-islands,2022,4,pincode,744103,17406
andaman-&-nicobar-islands,2022,4,pincode,744105,15185
andaman-&-nicobar-islands,2022,4,pincode,744101,14337
andaman-&-nicobar-islands,2022,4,pincode,744102,9591
andaman-&-nicobar-islands,2022,4,pincode,744202,4760
andaman-&-nicobar-islands,2022,4,pincode,744107,4051
andaman-&-nicobar-islands,2022,4,pincode,744104,3647
andaman-&-nicobar-islands,2022,4,pincode,744112,2975
andaman-&-nicobar-islands,2022,4,pincode,744211,2679
andaman-&-nicobar-islands,2022,4,pincode,744205,2358
andaman-&-nicobar-islands,2024,1,district,south andaman,89907
andaman-&-nicobar-islands,2024,1,district,north and middle andaman,15539
andaman-&-nicobar-islands,2024,1,district,nicobars,2965
andaman-&-nicobar-islands,2024,1,pincode,744103,21242
andaman-&-nicobar-islands,2024,1,pincode,744105,18563
andaman-&-nicobar-islands,2024,1,pincode,744101,17431
andaman-&-nicobar-islands,2024,1,pincode,744102,11589
andaman-&-nicobar-islands,2024,1,pincode,744202,5978
andaman-&-nicobar-islands,2024,1,pincode,744107,5006
andaman-&-nicobar-islands,2024,1,pincode,744104,4398
andaman-&-nicobar-islands,2024,1,pincode,744112,3629
andaman-&-nicobar-islands,2024,1,pincode,744211,3292
andaman-&-nicobar-islands,2024,1,pincode,744205,2975
andaman-&-nicobar-islands,2024,2,district,south andaman,93421
andaman-&-nicobar-islands,2024,2,district,north and middle andaman,16183
andaman-&-nicobar-islands,2024,2,district,nicobars,3083
andaman-&-nicobar-islands,2024,2,pincode,744103,22049
andaman-&-nicobar-islands,2024,2,pincode,744105,19314
andaman-&-nicobar-islands,2024,2,pincode,744101,18110
andaman-&-nicobar-islands,2024,2,pincode,744102,12053
andaman-&-nicobar-islands,2024,2,pincode,744202,6212
andaman-&-nicobar-islands,2024,2,pincode,744107,5184
andaman-&-nicobar-islands,2024,2,pincode,744104,4570
andaman-&-nicobar-islands,2024,2,pincode,744112,3761
andaman-&-nicobar-islands,2024,2,pincode,744211,3409
andaman-&-nicobar-islands,2024,2,pincode,744205,3090
andaman-&-nicobar-islands,2024,3,district,south andaman,143250
andaman-&-nicobar-islands,2024,3,district,north and middle andaman,21728
andaman-&-nicobar-islands,2024,3,district,nicobar,7495
andaman-&-nicobar-islands,2024,3,pincode,744103,42228
andaman-&-nicobar-islands,2024,3,pincode,744105,22090
andaman-&-nicobar-islands,2024,3,pincode,744102,17618
andaman-&-nicobar-islands,2024,3,pincode,744104,17606
andaman-&-nicobar-islands,2024,3,pincode,744101,11136
andaman-&-nicobar-islands,2024,3,pincode,744202,9206
andaman-&-nicobar-islands,2024,3,pincode,744106,7682
andaman-&-nicobar-islands,2024,3,pincode,744211,7045
andaman-&-nicobar-islands,2024,3,pincode,744107,6127
andaman-&-nicobar-islands,2024,3,pincode,744301,4126
andaman-&-nicobar-islands,2024,4,district,south andaman,148543
andaman-&-nicobar-islands,2024,4,district,north and middle andaman,22547
andaman-&-nicobar-islands,2024,4,district,nicobar,7698
andaman-&-nicobar-islands,2024,4,pincode,744103,43485
andaman-&-nicobar-islands,2024,4,pincode,744105,22976
andaman-&-nicobar-islands,2024,4,pincode,744104,18509
andaman-&-nicobar-islands,2024,4,pincode,744102,18169
andaman-&-nicobar-islands,2024,4,pincode,744101,11564
andaman-&-nicobar-islands,2024,4,pincode,744202,9545
andaman-&-nicobar-islands,2024,4,pincode,744106,7974
andaman-&-nicobar-islands,2024,4,pincode,744211,7337
andaman-&-nicobar-islands,2024,4,pincode,744107,6333
andaman-&-nicobar-islands,2024,4,pincode,744301,4221
andaman-&-nicobar-islands,2023,1,district,south andaman,77052
andaman-&-nicobar-islands,2023,1,district,north and middle andaman,12941
andaman-&-nicobar-islands,2023,1,district,nicobars,2491
andaman-&-nicobar-islands,2023,1,pincode,744103,18209
andaman-&-nicobar-islands,2023,1,pincode,744105,15848
andaman-&-nicobar-islands,2023,1,pincode,744101,15006
andaman-&-nicobar-islands,2023,1,pincode,744102,10033
andaman-&-nicobar-islands,2023,1,pincode,744202,4993
andaman-&-nicobar-islands,2023,1,pincode,744107,4239
andaman-&-nicobar-islands,2023,1,pincode,744104,3795
andaman-&-nicobar-islands,2023,1,pincode,744112,3141
andaman-&-nicobar-islands,2023,1,pincode,744211,2792
andaman-&-nicobar-islands,2023,1,pincode,744205,2480
andaman-&-nicobar-islands,2023,2,district,south andaman,80112
andaman-&-nicobar-islands,2023,2,district,north and middle andaman,13600
andaman-&-nicobar-islands,2023,2,district,nicobars,2617
andaman-&-nicobar-islands,2023,2,pincode,744103,18944
andaman-&-nicobar-islands,2023,2,pincode,744105,16488
andaman-&-nicobar-islands,2023,2,pincode,744101,15562
andaman-&-nicobar-islands,2023,2,pincode,744102,10387
andaman-&-nicobar-islands,2023,2,pincode,744202,5239
andaman-&-nicobar-islands,2023,2,pincode,744107,4425
andaman-&-nicobar-islands,2023,2,pincode,744104,3937
andaman-&-nicobar-islands,2023,2,pincode,744112,3261
andaman-&-nicobar-islands,2023,2,pincode,744211,2917
andaman-&-nicobar-islands,2023,2,pincode,744205,2605
andaman-&-nicobar-islands,2023,3,district,south andaman,83305
andaman-&-nicobar-islands,2023,3,district,north and middle andaman,14216
andaman-&-nicobar-islands,2023,3,district,nicobars,2734
andaman-&-nicobar-islands,2023,3,pincode,744103,19673
andaman-&-nicobar-islands,2023,3,pincode,744105,17171
andaman-&-nicobar-islands,2023,3,pincode,744101,16188
andaman-&-nicobar-islands,2023,3,pincode,744102,10799
andaman-&-nicobar-islands,2023,3,pincode,744202,5480
andaman-&-nicobar-islands,2023,3,pincode,744107,4591
andaman-&-nicobar-islands,2023,3,pincode,744104,4082
andaman-&-nicobar-islands,2023,3,pincode,744112,3382
andaman-&-nicobar-islands,2023,3,pincode,744211,3033
andaman-&-nicobar-islands,2023,3,pincode,744205,2716
andaman-&-nicobar-islands,2023,4,district,south andaman,86348
andaman-&-nicobar-islands,2023,4,district,north and middle andaman,14813
andaman-&-nicobar-islands,2023,4,district,nicobars,2817
andaman-&-nicobar-islands,2023,4,pincode,744103,20431
andaman-&-nicobar-islands,2023,4,pincode,744105,17824
andaman-&-nicobar-islands,2023,4,pincode,744101,16772
andaman-&-nicobar-islands,2023,4,pincode,744102,11155
andaman-&-nicobar-islands,2023,4,pincode,744202,5700
andaman-&-nicobar-islands,2023,4,pincode,744107,4759
andaman-&-nicobar-islands,2023,4,pincode,744104,4224
andaman-&-nicobar-islands,2023,4,pincode,744112,3496
andaman-&-nicobar-islands,2023,4,pincode,744211,3141
andaman-&-nicobar-islands,2023,4,pincode,744205,2822
andaman-&-nicobar-islands,2019,1,district,south andaman,15961
andaman-&-nicobar-islands,2019,1,district,north and middle andaman,2013
andaman-&-nicobar-islands,2019,1,district,nicobars,622
andaman-&-nicobar-islands,2019,1,pincode,744103,4136
andaman-&-nicobar-islands,2019,1,pincode,744101,3030
andaman-&-nicobar-islands,2019,1,pincode,744105,2994
andaman-&-nicobar-islands,2019,1,pincode,744102,2667
andaman-&-nicobar-islands,2019,1,pincode,744104,756
andaman-&-nicobar-islands,2019,1,pincode,744202,753
andaman-&-nicobar-islands,2019,1,pincode,744107,667
andaman-&-nicobar-islands,2019,1,pincode,744112,585
andaman-&-nicobar-islands,2019,1,pincode,744211,524
andaman-&-nicobar-islands,2019,1,pincode,744301,488
andaman-&-nicobar-islands,2019,2,district,south andaman,18621
andaman-&-nicobar-islands,2019,2,district,north and middle andaman,2417
andaman-&-nicobar-islands,2019,2,district,nicobars,693
andaman-&-nicobar-islands,2019,2,pincode,744103,4748
andaman-&-nicobar-islands,2019,2,pincode,744101,3631
andaman-&-nicobar-islands,2019,2,pincode,744105,3547
andaman-&-nicobar-islands,2019,2,pincode,744102,3008
andaman-&-nicobar-islands,2019,2,pincode,744202,885
andaman-&-nicobar-islands,2019,2,pincode,744104,878
andaman-&-nicobar-islands,2019,2,pincode,744107,787
andaman-&-nicobar-islands,2019,2,pincode,744112,672
andaman-&-nicobar-islands,2019,2,pincode,744211,633
andaman-&-nicobar-islands,2019,2,pincode,744301,534
andaman-&-nicobar-islands,2019,3,district,south andaman,20518
andaman-&-nicobar-islands,2019,3,district,north and middle andaman,2662
andaman-&-nicobar-islands,2019,3,district,nicobars,751
andaman-&-nicobar-islands,2019,3,pincode,744103,5218
andaman-&-nicobar-islands,2019,3,pincode,744101,4026
andaman-&-nicobar-islands,2019,3,pincode,744105,3920
andaman-&-nicobar-islands,2019,3,pincode,744102,3250
andaman-&-nicobar-islands,2019,3,pincode,744202,982
andaman-&-nicobar-islands,2019,3,pincode,744104,975
andaman-&-nicobar-islands,2019,3,pincode,744107,885
andaman-&-nicobar-islands,2019,3,pincode,744112,765
andaman-&-nicobar-islands,2019,3,pincode,744211,701
andaman-&-nicobar-islands,2019,3,pincode,744301,575
andaman-&-nicobar-islands,2019,4,district,south andaman,22202
andaman-&-nicobar-islands,2019,4,district,north and middle andaman,2955
andaman-&-nicobar-islands,2019,4,district,nicobars,803
andaman-&-nicobar-islands,2019,4,pincode,744103,5637
andaman-&-nicobar-islands,2019,4,pincode,744101,4321
andaman-&-nicobar-islands,2019,4,pincode,744105,4277
andaman-&-nicobar-islands,2019,4,pincode,744102,3485
andaman-&-nicobar-islands,2019,4,pincode,744202,1087
andaman-&-nicobar-islands,2019,4,pincode,744104,1062
andaman-&-nicobar-islands,2019,4,pincode,744107,953
andaman-&-nicobar-islands,2019,4,pincode,744112,812
andaman-&-nicobar-islands,2019,4,pincode,744211,783
andaman-&-nicobar-islands,2019,4,pincode,744301,611
andaman-&-nicobar-islands,2021,1,district,south andaman,48352
andaman-&-nicobar-islands,2021,1,district,north and middle andaman,7833
andaman-&-nicobar-islands,2021,1,district,nicobars,1573
andaman-&-nicobar-islands,2021,1,pincode,744103,11416
andaman-&-nicobar-islands,2021,1,pincode,744105,9934
andaman-&-nicobar-islands,2021,1,pincode,744101,9457
andaman-&-nicobar-islands,2021,1,pincode,744102,6395
andaman-&-nicobar-islands,2021,1,pincode,744202,3005
andaman-&-nicobar-islands,2021,1,pincode,744107,2586
andaman-&-nicobar-islands,2021,1,pincode,744104,2383
andaman-&-nicobar-islands,2021,1,pincode,744112,1940
andaman-&-nicobar-islands,2021,1,pincode,744211,1774
andaman-&-nicobar-islands,2021,1,pincode,744205,1505
andaman-&-nicobar-islands,2021,2,district,south andaman,51903
andaman-&-nicobar-islands,2021,2,district,north and middle andaman,8493
andaman-&-nicobar-islands,2021,2,district,nicobars,1699
andaman-&-nicobar-islands,2021,2,pincode,744103,12268
andaman-&-nicobar-islands,2021,2,pincode,744105,10668
andaman-&-nicobar-islands,2021,2,pincode,744101,10120
andaman-&-nicobar-islands,2021,2,pincode,744102,6837
andaman-&-nicobar-islands,2021,2,pincode,744202,3261
andaman-&-nicobar-islands,2021,2,pincode,744107,2783
andaman-&-nicobar-islands,2021,2,pincode,744104,2573
andaman-&-nicobar-islands,2021,2,pincode,744112,2083
andaman-&-nicobar-islands,2021,2,pincode,744211,1904
andaman-&-nicobar-islands,2021,2,pincode,744205,1626
andaman-&-nicobar-islands,2021,3,district,south andaman,55873
andaman-&-nicobar-islands,2021,3,district,north and middle andaman,9263
andaman-&-nicobar-islands,2021,3,district,nicobars,1846
andaman-&-nicobar-islands,2021,3,pincode,744103,13198
andaman-&-nicobar-islands,2021,3,pincode,744105,11480
andaman-&-nicobar-islands,2021,3,pincode,744101,10866
andaman-&-nicobar-islands,2021,3,pincode,744102,7313
andaman-&-nicobar-islands,2021,3,pincode,744202,3543
andaman-&-nicobar-islands,2021,3,pincode,744107,3027
andaman-&-nicobar-islands,2021,3,pincode,744104,2777
andaman-&-nicobar-islands,2021,3,pincode,744112,2250
andaman-&-nicobar-islands,2021,3,pincode,744211,2055
andaman-&-nicobar-islands,2021,3,pincode,744205,1771
andaman-&-nicobar-islands,2021,4,district,south andaman,59807
andaman-&-nicobar-islands,2021,4,district,north and middle andaman,10002
andaman-&-nicobar-islands,2021,4,district,nicobars,1971
andaman-&-nicobar-islands,2021,4,pincode,744103,14127
andaman-&-nicobar-islands,2021,4,pincode,744105,12300
andaman-&-nicobar-islands,2021,4,pincode,744101,11623
andaman-&-nicobar-islands,2021,4,pincode,744102,7813
andaman-&-nicobar-islands,2021,4,pincode,744202,3815
andaman-&-nicobar-islands,2021,4,pincode,744107,3247
andaman-&-nicobar-islands,2021,4,pincode,744104,2962
andaman-&-nicobar-islands,2021,4,pincode,744112,2411
andaman-&-nicobar-islands,2021,4,pincode,744211,2200
andaman-&-nicobar-islands,2021,4,pincode,744205,1902
andaman-&-nicobar-islands,2020,1,district,south andaman,24174
andaman-&-nicobar-islands,2020,1,district,north and middle andaman,3315
andaman-&-nicobar-islands,2020,1,district,nicobars,879
andaman-&-nicobar-islands,2020,1,pincode,744103,6108
andaman-&-nicobar-islands,2020,1,pincode,744101,4689
andaman-&-nicobar-islands,2020,1,pincode,744105,4684
andaman-&-nicobar-islands,2020,1,pincode,744102,3727
andaman-&-nicobar-islands,2020,1,pincode,744202,1216
andaman-&-nicobar-islands,2020,1,pincode,744104,1154
andaman-&-nicobar-islands,2020,1,pincode,744107,1062
andaman-&-nicobar-islands,2020,1,pincode,744112,889
andaman-&-nicobar-islands,2020,1,pincode,744211,886
andaman-&-nicobar-islands,2020,1,pincode,744301,669
andaman-&-nicobar-islands,2020,2,district,south andaman,27626
andaman-&-nicobar-islands,2020,2,district,north and middle andaman,4100
andaman-&-nicobar-islands,2020,2,district,nicobars,984
andaman-&-nicobar-islands,2020,2,pincode,744103,6804
andaman-&-nicobar-islands,2020,2,pincode,744105,5479
andaman-&-nicobar-islands,2020,2,pincode,744101,5365
andaman-&-nicobar-islands,2020,2,pincode,744102,4066
andaman-&-nicobar-islands,2020,2,pincode,744202,1475
andaman-&-nicobar-islands,2020,2,pincode,744104,1333
andaman-&-nicobar-islands,2020,2,pincode,744107,1252
andaman-&-nicobar-islands,2020,2,pincode,744112,1039
andaman-&-nicobar-islands,2020,2,pincode,744211,1036
andaman-&-nicobar-islands,2020,2,pincode,744205,806
andaman-&-nicobar-islands,2020,3,district,south andaman,34833
andaman-&-nicobar-islands,2020,3,district,north and middle andaman,5355
andaman-&-nicobar-islands,2020,3,district,nicobars,1147
andaman-&-nicobar-islands,2020,3,pincode,744103,8318
andaman-&-nicobar-islands,2020,3,pincode,744105,7007
andaman-&-nicobar-islands,2020,3,pincode,744101,6881
andaman-&-nicobar-islands,2020,3,pincode,744102,4919
andaman-&-nicobar-islands,2020,3,pincode,744202,1965
andaman-&-nicobar-islands,2020,3,pincode,744104,1718
andaman-&-nicobar-islands,2020,3,pincode,744107,1710
andaman-&-nicobar-islands,2020,3,pincode,744112,1372
andaman-&-nicobar-islands,2020,3,pincode,744211,1279
andaman-&-nicobar-islands,2020,3,pincode,744205,1008
andaman-&-nicobar-islands,2020,4,district,south andaman,43908
andaman-&-nicobar-islands,2020,4,district,north and middle andaman,7076
andaman-&-nicobar-islands,2020,4,district,nicobars,1412
andaman-&-nicobar-islands,2020,4,pincode,744103,10408
andaman-&-nicobar-islands,2020,4,pincode,744105,8962
andaman-&-nicobar-islands,2020,4,pincode,744101,8593
andaman-&-nicobar-islands,2020,4,pincode,744102,5882
andaman-&-nicobar-islands,2020,4,pincode,744202,2711
andaman-&-nicobar-islands,2020,4,pincode,744107,2346
andaman-&-nicobar-islands,2020,4,pincode,744104,2167
andaman-&-nicobar-islands,2020,4,pincode,744112,1761
andaman-&-nicobar-islands,2020,4,pincode,744211,1579
andaman-&-nicobar-islands,2020,4,pincode,744205,1346
andaman-&-nicobar-islands,2018,1,district,south andaman,5846
andaman-&-nicobar-islands,2018,1,district,north and middle andaman,632
andaman-&-nicobar-islands,2018,1,district,nicobars,262
andaman-&-nicobar-islands,2018,1,pincode,744103,1608
andaman-&-nicobar-islands,2018,1,pincode,744101,1108
andaman-&-nicobar-islands,2018,1,pincode,744105,1075
andaman-&-nicobar-islands,2018,1,pincode,744102,1006
andaman-&-nicobar-islands,2018,1,pincode,744104,272
andaman-&-nicobar-islands,2018,1,pincode,744202,237
andaman-&-nicobar-islands,2018,1,pincode,744112,215
andaman-&-nicobar-islands,2018,1,pincode,744301,207
andaman-&-nicobar-islands,2018,1,pincode,744107,196
andaman-&-nicobar-islands,2018,1,pincode,744211,156
andaman-&-nicobar-islands,2018,2,district,south andaman,8143
andaman-&-nicobar-islands,2018,2,district,north and middle andaman,911
andaman-&-nicobar-islands,2018,2,district,nicobars,351
andaman-&-nicobar-islands,2018,2,pincode,744103,2188
andaman-&-nicobar-islands,2018,2,pincode,744101,1521
andaman-&-nicobar-islands,2018,2,pincode,744105,1492
andaman-&-nicobar-islands,2018,2,pincode,744102,1419
andaman-&-nicobar-islands,2018,2,pincode,744104,396
andaman-&-nicobar-islands,2018,2,pincode,744202,343
andaman-&-nicobar-islands,2018,2,pincode,744112,299
andaman-&-nicobar-islands,2018,2,pincode,744107,293
andaman-&-nicobar-islands,2018,2,pincode,744301,273
andaman-&-nicobar-islands,2018,2,pincode,744211,240
andaman-&-nicobar-islands,2018,3,district,south andaman,10474
andaman-&-nicobar-islands,2018,3,district,north and middle andaman,1208
andaman-&-nicobar-islands,2018,3,district,nicobars,467
andaman-&-nicobar-islands,2018,3,pincode,744103,2741
andaman-&-nicobar-islands,2018,3,pincode,744101,1978
andaman-&-nicobar-islands,2018,3,pincode,744105,1935
andaman-&-nicobar-islands,2018,3,pincode,744102,1803
andaman-&-nicobar-islands,2018,3,pincode,744104,507
andaman-&-nicobar-islands,2018,3,pincode,744202,446
andaman-&-nicobar-islands,2018,3,pincode,744112,388
andaman-&-nicobar-islands,2018,3,pincode,744107,384
andaman-&-nicobar-islands,2018,3,pincode,744301,372
andaman-&-nicobar-islands,2018,3,pincode,744211,327
andaman-&-nicobar-islands,2018,4,district,south andaman,13133
andaman-&-nicobar-islands,2018,4,district,north and middle andaman,1553
andaman-&-nicobar-islands,2018,4,district,nicobars,536
andaman-&-nicobar-islands,2018,4,pincode,744103,3373
andaman-&-nicobar-islands,2018,4,pincode,744101,2498
andaman-&-nicobar-islands,2018,4,pincode,744105,2416
andaman-&-nicobar-islands,2018,4,pincode,744102,2231
andaman-&-nicobar-islands,2018,4,pincode,744104,634
andaman-&-nicobar-islands,2018,4,pincode,744202,554
andaman-&-nicobar-islands,2018,4,pincode,744107,548
andaman-&-nicobar-islands,2018,4,pincode,744112,496
andaman-&-nicobar-islands,2018,4,pincode,744211,433
andaman-&-nicobar-islands,2018,4,pincode,744301,425
tamil-nadu,2022,1,district,chennai,2388315
tamil-nadu,2022,1,district,thiruvallur,1970646
tamil-nadu,2022,1,district,coimbatore,1687096
tamil-nadu,2022,1,district,chengalpattu,1621177
tamil-nadu,2022,1,district,kancheepuram,1158719
tamil-nadu,2022,1,district,tiruppur,1014036
tamil-nadu,2022,1,district,salem,905104
tamil-nadu,2022,1,district,madurai,820952
tamil-nadu,2022,1,district,krishnagiri,776101
tamil-nadu,2022,1,district,tiruchirappalli,688562
tamil-nadu,2022,1,pincode,641602,172812
tamil-nadu,2022,1,pincode,635109,154260
tamil-nadu,2022,1,pincode,602105,142269
tamil-nadu,2022,1,pincode,600100,134860
tamil-nadu,2022,1,pincode,635126,125806
tamil-nadu,2022,1,pincode,600056,121108
tamil-nadu,2022,1,pincode,600003,119226
tamil-nadu,2022,1,pincode,600053,113418
tamil-nadu,2022,1,pincode,600116,109830
tamil-nadu,2022,1,pincode,600042,102844
tamil-nadu,2022,2,district,chennai,2509588
tamil-nadu,2022,2,district,thiruvallur,2075274
tamil-nadu,2022,2,district,coimbatore,1775760
tamil-nadu,2022,2,district,chengalpattu,1704864
tamil-nadu,2022,2,district,kancheepuram,1220237
tamil-nadu,2022,2,district,tiruppur,1070480
tamil-nadu,2022,2,district,salem,954155
tamil-nadu,2022,2,district,madurai,864806
tamil-nadu,2022,2,district,krishnagiri,818552
tamil-nadu,2022,2,district,tiruchirappalli,725751
tamil-nadu,2022,2,pincode,641602,182250
tamil-nadu,2022,2,pincode,635109,162465
tamil-nadu,2022,2,pincode,602105,150085
tamil-nadu,2022,2,pincode,600100,141741
tamil-nadu,2022,2,pincode,635126,132473
tamil-nadu,2022,2,pincode,600056,127333
tamil-nadu,2022,2,pincode,600003,125101
tamil-nadu,2022,2,pincode,600053,119247
tamil-nadu,2022,2,pincode,600116,115418
tamil-nadu,2022,2,pincode,600042,107903
tamil-nadu,2022,3,district,chennai,2635738
tamil-nadu,2022,3,district,thiruvallur,2183990
tamil-nadu,2022,3,district,coimbatore,1867655
tamil-nadu,2022,3,district,chengalpattu,1791530
tamil-nadu,2022,3,district,kancheepuram,1284243
tamil-nadu,2022,3,district,tiruppur,1128474
tamil-nadu,2022,3,district,salem,1005031
tamil-nadu,2022,3,district,madurai,910111
tamil-nadu,2022,3,district,krishnagiri,862231
tamil-nadu,2022,3,district,tiruchirappalli,763327
tamil-nadu,2022,3,pincode,641602,192242
tamil-nadu,2022,3,pincode,635109,170986
tamil-nadu,2022,3,pincode,602105,158440
tamil-nadu,2022,3,pincode,600100,148795
tamil-nadu,2022,3,pincode,635126,139569
tamil-nadu,2022,3,pincode,600056,133858
tamil-nadu,2022,3,pincode,600003,131177
tamil-nadu,2022,3,pincode,600053,125379
tamil-nadu,2022,3,pincode,600116,121335
tamil-nadu,2022,3,pincode,600042,113181
tamil-nadu,2022,4,district,chennai,2763151
tamil-nadu,2022,4,district,thiruvallur,2290089
tamil-nadu,2022,4,district,coimbatore,1955681
tamil-nadu,2022,4,district,chengalpattu,1876163
tamil-nadu,2022,4,district,kancheepuram,1346845
tamil-nadu,2022,4,district,tiruppur,1183174
tamil-nadu,2022,4,district,salem,1052099
tamil-nadu,2022,4,district,madurai,953739
tamil-nadu,2022,4,district,krishnagiri,902906
tamil-nadu,2022,4,district,tiruchirappalli,798742
tamil-nadu,2022,4,pincode,641602,202276
tamil-nadu,2022,4,pincode,635109,179344
tamil-nadu,2022,4,pincode,602105,166520
tamil-nadu,2022,4,pincode,600100,155909
tamil-nadu,2022,4,pincode,635126,146590
tamil-nadu,2022,4,pincode,600056,140407
tamil-nadu,2022,4,pincode,600003,137459
tamil-nadu,2022,4,pincode,600053,131493
tamil-nadu,2022,4,pincode,600116,127254
tamil-nadu,2022,4,pincode,600042,118508
tamil-nadu,2024,1,district,chennai,3324538
tamil-nadu,2024,1,district,thiruvallur,2781638
tamil-nadu,2024,1,district,coimbatore,2365485
tamil-nadu,2024,1,district,chengalpattu,2267245
tamil-nadu,2024,1,district,kancheepuram,1636613
tamil-nadu,2024,1,district,tiruppur,1450347
tamil-nadu,2024,1,district,salem,1286923
tamil-nadu,2024,1,district,madurai,1160424
tamil-nadu,2024,1,district,krishnagiri,1103984
tamil-nadu,2024,1,district,tiruchirappalli,974721
tamil-nadu,2024,1,pincode,641602,246961
tamil-nadu,2024,1,pincode,635109,217442
tamil-nadu,2024,1,pincode,602105,204324
tamil-nadu,2024,1,pincode,600100,187325
tamil-nadu,2024,1,pincode,635126,177862
tamil-nadu,2024,1,pincode,600056,169513
tamil-nadu,2024,1,pincode,600003,164667
tamil-nadu,2024,1,pincode,600053,158665
tamil-nadu,2024,1,pincode,600116,153412
tamil-nadu,2024,1,pincode,641687,142791
tamil-nadu,2024,2,district,chennai,3447286
tamil-nadu,2024,2,district,thiruvallur,2888323
tamil-nadu,2024,2,district,coimbatore,2453619
tamil-nadu,2024,2,district,chengalpattu,2351888
tamil-nadu,2024,2,district,kancheepuram,1698969
tamil-nadu,2024,2,district,tiruppur,1506694
tamil-nadu,2024,2,district,salem,1337032
tamil-nadu,2024,2,district,madurai,1205081
tamil-nadu,2024,2,district,krishnagiri,1146774
tamil-nadu,2024,2,district,tiruchirappalli,1012247
tamil-nadu,2024,2,pincode,641602,256556
tamil-nadu,2024,2,pincode,635109,225667
tamil-nadu,2024,2,pincode,602105,212187
tamil-nadu,2024,2,pincode,600100,194157
tamil-nadu,2024,2,pincode,635126,184693
tamil-nadu,2024,2,pincode,600056,175824
tamil-nadu,2024,2,pincode,600003,170471
tamil-nadu,2024,2,pincode,600053,164811
tamil-nadu,2024,2,pincode,600116,159154
tamil-nadu,2024,2,pincode,641687,148437
tamil-nadu,2024,3,district,chennai,5387490
tamil-nadu,2024,3,district,coimbatore,2624716
tamil-nadu,2024,3,district,chengalpattu,2254071
tamil-nadu,2024,3,district,tiruppur,1682241
tamil-nadu,2024,3,district,tiruvallur,1651599
tamil-nadu,2024,3,district,salem,1448401
tamil-nadu,2024,3,district,krishnagiri,1243966
tamil-nadu,2024,3,district,madurai,1229378
tamil-nadu,2024,3,district,tiruchirappalli,1021499
tamil-nadu,2024,3,district,erode,930653
tamil-nadu,2024,3,pincode,635109,277842
tamil-nadu,2024,3,pincode,600100,209231
tamil-nadu,2024,3,pincode,602105,186610
tamil-nadu,2024,3,pincode,600044,160374
tamil-nadu,2024,3,pincode,641605,158729
tamil-nadu,2024,3,pincode,600014,157859
tamil-nadu,2024,3,pincode,600056,155782
tamil-nadu,2024,3,pincode,641603,149737
tamil-nadu,2024,3,pincode,641654,146438
tamil-nadu,2024,3,pincode,600042,142905
tamil-nadu,2024,4,district,chennai,5541760
tamil-nadu,2024,4,district,coimbatore,2702014
tamil-nadu,2024,4,district,chengalpattu,2319818
tamil-nadu,2024,4,district,tiruppur,1731021
tamil-nadu,2024,4,district,tiruvallur,1698495
tamil-nadu,2024,4,district,salem,1492614
tamil-nadu,2024,4,district,krishnagiri,1282448
tamil-nadu,2024,4,district,madurai,1266349
tamil-nadu,2024,4,district,tiruchirappalli,1053136
tamil-nadu,2024,4,district,erode,958405
tamil-nadu,2024,4,pincode,635109,286712
tamil-nadu,2024,4,pincode,600100,215351
tamil-nadu,2024,4,pincode,602105,191714
tamil-nadu,2024,4,pincode,600044,164628
tamil-nadu,2024,4,pincode,641605,163525
tamil-nadu,2024,4,pincode,600014,162154
tamil-nadu,2024,4,pincode,600056,160207
tamil-nadu,2024,4,pincode,641603,154106
tamil-nadu,2024,4,pincode,641654,150380
tamil-nadu,2024,4,pincode,600042,146544
tamil-nadu,2023,1,district,chennai,2885933
tamil-nadu,2023,1,district,thiruvallur,2393917
tamil-nadu,2023,1,district,coimbatore,2042019
tamil-nadu,2023,1,district,chengalpattu,1959401
tamil-nadu,2023,1,district,kancheepuram,1408216
tamil-nadu,2023,1,district,tiruppur,1237941
tamil-nadu,2023,1,district,salem,1100202
tamil-nadu,2023,1,district,madurai,996514
tamil-nadu,2023,1,district,krishnagiri,944553
tamil-nadu,2023,1,district,tiruchirappalli,834366
tamil-nadu,2023,1,pincode,641602,211679
tamil-nadu,2023,1,pincode,635109,187515
tamil-nadu,2023,1,pincode,602105,174479
tamil-nadu,2023,1,pincode,600100,162700
tamil-nadu,2023,1,pincode,635126,153358
tamil-nadu,2023,1,pincode,600056,146708
tamil-nadu,2023,1,pincode,600003,143494
tamil-nadu,2023,1,pincode,600053,137388
tamil-nadu,2023,1,pincode,600116,132880
tamil-nadu,2023,1,pincode,600042,123688
tamil-nadu,2023,2,district,chennai,2987502
tamil-nadu,2023,2,district,thiruvallur,2484893
tamil-nadu,2023,2,district,coimbatore,2118883
tamil-nadu,2023,2,district,chengalpattu,2031529
tamil-nadu,2023,2,district,kancheepuram,1461910
tamil-nadu,2023,2,district,tiruppur,1289806
tamil-nadu,2023,2,district,salem,1144842
tamil-nadu,2023,2,district,madurai,1035842
tamil-nadu,2023,2,district,krishnagiri,983032
tamil-nadu,2023,2,district,tiruchirappalli,868289
tamil-nadu,2023,2,pincode,641602,220199
tamil-nadu,2023,2,pincode,635109,194551
tamil-nadu,2023,2,pincode,602105,181447
tamil-nadu,2023,2,pincode,600100,168451
tamil-nadu,2023,2,pincode,635126,159122
tamil-nadu,2023,2,pincode,600056,152028
tamil-nadu,2023,2,pincode,600003,148553
tamil-nadu,2023,2,pincode,600053,142356
tamil-nadu,2023,2,pincode,600116,137703
tamil-nadu,2023,2,pincode,600042,127865
tamil-nadu,2023,3,district,chennai,3098864
tamil-nadu,2023,3,district,thiruvallur,2582607
tamil-nadu,2023,3,district,coimbatore,2200165
tamil-nadu,2023,3,district,chengalpattu,2109212
tamil-nadu,2023,3,district,kancheepuram,1519225
tamil-nadu,2023,3,district,tiruppur,1341973
tamil-nadu,2023,3,district,salem,1191010
tamil-nadu,2023,3,district,madurai,1076620
tamil-nadu,2023,3,district,krishnagiri,1023066
tamil-nadu,2023,3,district,tiruchirappalli,903048
tamil-nadu,2023,3,pincode,641602,228811
tamil-nadu,2023,3,pincode,635109,202156
tamil-nadu,2023,3,pincode,602105,188951
tamil-nadu,2023,3,pincode,600100,174659
tamil-nadu,2023,3,pincode,635126,165334
tamil-nadu,2023,3,pincode,600056,157776
tamil-nadu,2023,3,pincode,600003,153839
tamil-nadu,2023,3,pincode,600053,147707
tamil-nadu,2023,3,pincode,600116,142908
tamil-nadu,2023,3,pincode,600042,132448
tamil-nadu,2023,4,district,chennai,3205005
tamil-nadu,2023,4,district,thiruvallur,2676065
tamil-nadu,2023,4,district,coimbatore,2277873
tamil-nadu,2023,4,district,chengalpattu,2183205
tamil-nadu,2023,4,district,kancheepuram,1574315
tamil-nadu,2023,4,district,tiruppur,1392956
tamil-nadu,2023,4,district,salem,1236133
tamil-nadu,2023,4,district,madurai,1115928
tamil-nadu,2023,4,district,krishnagiri,1060928
tamil-nadu,2023,4,district,tiruchirappalli,936873
tamil-nadu,2023,4,pincode,641602,237429
tamil-nadu,2023,4,pincode,635109,209319
tamil-nadu,2023,4,pincode,602105,196063
tamil-nadu,2023,4,pincode,600100,180571
tamil-nadu,2023,4,pincode,635126,171214
tamil-nadu,2023,4,pincode,600056,163301
tamil-nadu,2023,4,pincode,600003,158954
tamil-nadu,2023,4,pincode,600053,152912
tamil-nadu,2023,4,pincode,600116,147851
tamil-nadu,2023,4,pincode,641687,137228
tamil-nadu,2019,1,district,chennai,830586
tamil-nadu,2019,1,district,thiruvallur,625908
tamil-nadu,2019,1,district,chengalpattu,578045
tamil-nadu,2019,1,district,coimbatore,495350
tamil-nadu,2019,1,district,kancheepuram,385091
tamil-nadu,2019,1,district,tiruppur,273869
tamil-nadu,2019,1,district,salem,257624
tamil-nadu,2019,1,district,madurai,224783
tamil-nadu,2019,1,district,krishnagiri,212859
tamil-nadu,2019,1,district,tiruchirappalli,193798
tamil-nadu,2019,1,pincode,600100,51245
tamil-nadu,2019,1,pincode,641602,49716
tamil-nadu,2019,1,pincode,602105,48656
tamil-nadu,2019,1,pincode,635109,48062
tamil-nadu,2019,1,pincode,600042,41510
tamil-nadu,2019,1,pincode,600056,41450
tamil-nadu,2019,1,pincode,635126,40399
tamil-nadu,2019,1,pincode,600053,39199
tamil-nadu,2019,1,pincode,600119,38537
tamil-nadu,2019,1,pincode,600003,38221
tamil-nadu,2019,2,district,chennai,969955
tamil-nadu,2019,2,district,thiruvallur,733978
tamil-nadu,2019,2,district,chengalpattu,667137
tamil-nadu,2019,2,district,coimbatore,584160
tamil-nadu,2019,2,district,kancheepuram,447527
tamil-nadu,2019,2,district,tiruppur,324350
tamil-nadu,2019,2,district,salem,302033
tamil-nadu,2019,2,district,madurai,268420
tamil-nadu,2019,2,district,krishnagiri,252986
tamil-nadu,2019,2,district,tiruchirappalli,229886
tamil-nadu,2019,2,pincode,600100,59144
tamil-nadu,2019,2,pincode,641602,58046
tamil-nadu,2019,2,pincode,635109,56022
tamil-nadu,2019,2,pincode,602105,55771
tamil-nadu,2019,2,pincode,600003,51153
tamil-nadu,2019,2,pincode,600056,48134
tamil-nadu,2019,2,pincode,635126,47157
tamil-nadu,2019,2,pincode,600042,47069
tamil-nadu,2019,2,pincode,600053,45586
tamil-nadu,2019,2,pincode,600116,43913
tamil-nadu,2019,3,district,chennai,1090190
tamil-nadu,2019,3,district,thiruvallur,828137
tamil-nadu,2019,3,district,chengalpattu,744424
tamil-nadu,2019,3,district,coimbatore,669547
tamil-nadu,2019,3,district,kancheepuram,503192
tamil-nadu,2019,3,district,tiruppur,371296
tamil-nadu,2019,3,district,salem,342259
tamil-nadu,2019,3,district,madurai,305793
tamil-nadu,2019,3,district,krishnagiri,290478
tamil-nadu,2019,3,district,tiruchirappalli,261919
tamil-nadu,2019,3,pincode,641602,66075
tamil-nadu,2019,3,pincode,600100,65467
tamil-nadu,2019,3,pincode,635109,63628
tamil-nadu,2019,3,pincode,602105,62631
tamil-nadu,2019,3,pincode,600003,60506
tamil-nadu,2019,3,pincode,600056,54402
tamil-nadu,2019,3,pincode,635126,53597
tamil-nadu,2019,3,pincode,600042,51880
tamil-nadu,2019,3,pincode,600053,50908
tamil-nadu,2019,3,pincode,600116,49401
tamil-nadu,2019,4,district,chennai,1216610
tamil-nadu,2019,4,district,thiruvallur,934744
tamil-nadu,2019,4,district,chengalpattu,829575
tamil-nadu,2019,4,district,coimbatore,767480
tamil-nadu,2019,4,district,kancheepuram,564806
tamil-nadu,2019,4,district,tiruppur,427694
tamil-nadu,2019,4,district,salem,390301
tamil-nadu,2019,4,district,madurai,351234
tamil-nadu,2019,4,district,krishnagiri,335178
tamil-nadu,2019,4,district,tiruchirappalli,299366
tamil-nadu,2019,4,pincode,641602,75544
tamil-nadu,2019,4,pincode,600100,72286
tamil-nadu,2019,4,pincode,635109,72159
tamil-nadu,2019,4,pincode,602105,70089
tamil-nadu,2019,4,pincode,600003,67897
tamil-nadu,2019,4,pincode,600056,60936
tamil-nadu,2019,4,pincode,635126,60812
tamil-nadu,2019,4,pincode,600042,56848
tamil-nadu,2019,4,pincode,600053,56622
tamil-nadu,2019,4,pincode,600116,55253
tamil-nadu,2021,1,district,chennai,1865001
tamil-nadu,2021,1,district,thiruvallur,1522407
tamil-nadu,2021,1,district,coimbatore,1304141
tamil-nadu,2021,1,district,chengalpattu,1259678
tamil-nadu,2021,1,district,kancheepuram,895950
tamil-nadu,2021,1,district,tiruppur,772074
tamil-nadu,2021,1,district,salem,693137
tamil-nadu,2021,1,district,madurai,630685
tamil-nadu,2021,1,district,krishnagiri,592655
tamil-nadu,2021,1,district,tiruchirappalli,527667
tamil-nadu,2021,1,pincode,641602,132560
tamil-nadu,2021,1,pincode,635109,119256
tamil-nadu,2021,1,pincode,602105,109002
tamil-nadu,2021,1,pincode,600100,105601
tamil-nadu,2021,1,pincode,635126,97362
tamil-nadu,2021,1,pincode,600056,94311
tamil-nadu,2021,1,pincode,600003,93539
tamil-nadu,2021,1,pincode,600053,88146
tamil-nadu,2021,1,pincode,600116,85493
tamil-nadu,2021,1,pincode,600042,80853
tamil-nadu,2021,2,district,chennai,1988355
tamil-nadu,2021,2,district,thiruvallur,1626966
tamil-nadu,2021,2,district,coimbatore,1393621
tamil-nadu,2021,2,district,chengalpattu,1344163
tamil-nadu,2021,2,district,kancheepuram,957182
tamil-nadu,2021,2,district,tiruppur,828168
tamil-nadu,2021,2,district,salem,742566
tamil-nadu,2021,2,district,madurai,675035
tamil-nadu,2021,2,district,krishnagiri,635191
tamil-nadu,2021,2,district,tiruchirappalli,565156
tamil-nadu,2021,2,pincode,641602,141899
tamil-nadu,2021,2,pincode,635109,127444
tamil-nadu,2021,2,pincode,602105,116613
tamil-nadu,2021,2,pincode,600100,112485
tamil-nadu,2021,2,pincode,635126,103999
tamil-nadu,2021,2,pincode,600056,100579
tamil-nadu,2021,2,pincode,600003,99585
tamil-nadu,2021,2,pincode,600053,94042
tamil-nadu,2021,2,pincode,600116,91189
tamil-nadu,2021,2,pincode,600042,86035
tamil-nadu,2021,3,district,chennai,2124347
tamil-nadu,2021,3,district,thiruvallur,1744228
tamil-nadu,2021,3,district,coimbatore,1494350
tamil-nadu,2021,3,district,chengalpattu,1438295
tamil-nadu,2021,3,district,kancheepuram,1025651
tamil-nadu,2021,3,district,tiruppur,891753
tamil-nadu,2021,3,district,salem,798213
tamil-nadu,2021,3,district,madurai,725021
tamil-nadu,2021,3,district,krishnagiri,683549
tamil-nadu,2021,3,district,tiruchirappalli,607438
tamil-nadu,2021,3,pincode,641602,152392
tamil-nadu,2021,3,pincode,635109,136599
tamil-nadu,2021,3,pincode,602105,125331
tamil-nadu,2021,3,pincode,600100,120046
tamil-nadu,2021,3,pincode,635126,111400
tamil-nadu,2021,3,pincode,600056,107501
tamil-nadu,2021,3,pincode,600003,106261
tamil-nadu,2021,3,pincode,600053,100637
tamil-nadu,2021,3,pincode,600116,97574
tamil-nadu,2021,3,pincode,600042,91756
tamil-nadu,2021,4,district,chennai,2261346
tamil-nadu,2021,4,district,thiruvallur,1860992
tamil-nadu,2021,4,district,coimbatore,1594082
tamil-nadu,2021,4,district,chengalpattu,1532535
tamil-nadu,2021,4,district,kancheepuram,1094222
tamil-nadu,2021,4,district,tiruppur,954674
tamil-nadu,2021,4,district,salem,853064
tamil-nadu,2021,4,district,madurai,774490
tamil-nadu,2021,4,district,krishnagiri,731018
tamil-nadu,2021,4,district,tiruchirappalli,649095
tamil-nadu,2021,4,pincode,641602,162911
tamil-nadu,2021,4,pincode,635109,145634
tamil-nadu,2021,4,pincode,602105,133972
tamil-nadu,2021,4,pincode,600100,127705
tamil-nadu,2021,4,pincode,635126,118854
tamil-nadu,2021,4,pincode,600056,114499
tamil-nadu,2021,4,pincode,600003,113049
tamil-nadu,2021,4,pincode,600053,107237
tamil-nadu,2021,4,pincode,600116,103946
tamil-nadu,2021,4,pincode,600042,97578
tamil-nadu,2020,1,district,chennai,1340762
tamil-nadu,2020,1,district,thiruvallur,1041642
tamil-nadu,2020,1,district,chengalpattu,912587
tamil-nadu,2020,1,district,coimbatore,868832
tamil-nadu,2020,1,district,kancheepuram,626872
tamil-nadu,2020,1,district,tiruppur,488697
tamil-nadu,2020,1,district,salem,442045
tamil-nadu,2020,1,district,madurai,402474
tamil-nadu,2020,1,district,krishnagiri,379857
tamil-nadu,2020,1,district,tiruchirappalli,339829
tamil-nadu,2020,1,pincode,641602,85509
tamil-nadu,2020,1,pincode,635109,80309
tamil-nadu,2020,1,pincode,600100,78806
tamil-nadu,2020,1,pincode,602105,77276
tamil-nadu,2020,1,pincode,600003,74485
tamil-nadu,2020,1,pincode,635126,67464
tamil-nadu,2020,1,pincode,600056,67263
tamil-nadu,2020,1,pincode,600053,62400
tamil-nadu,2020,1,pincode,600042,61417
tamil-nadu,2020,1,pincode,600116,60816
tamil-nadu,2020,2,district,chennai,1436722
tamil-nadu,2020,2,district,thiruvallur,1140330
tamil-nadu,2020,2,district,chengalpattu,979769
tamil-nadu,2020,2,district,coimbatore,958191
tamil-nadu,2020,2,district,kancheepuram,678899
tamil-nadu,2020,2,district,tiruppur,550609
tamil-nadu,2020,2,district,salem,499360
tamil-nadu,2020,2,district,madurai,456527
tamil-nadu,2020,2,district,krishnagiri,424184
tamil-nadu,2020,2,district,tiruchirappalli,383178
tamil-nadu,2020,2,pincode,641602,95158
tamil-nadu,2020,2,pincode,635109,87458
tamil-nadu,2020,2,pincode,600100,83667
tamil-nadu,2020,2,pincode,602105,82779
tamil-nadu,2020,2,pincode,600003,77789
tamil-nadu,2020,2,pincode,635126,73063
tamil-nadu,2020,2,pincode,600056,72281
tamil-nadu,2020,2,pincode,600053,67058
tamil-nadu,2020,2,pincode,600116,65439
tamil-nadu,2020,2,pincode,600042,64796
tamil-nadu,2020,3,district,chennai,1566152
tamil-nadu,2020,3,district,thiruvallur,1260923
tamil-nadu,2020,3,district,coimbatore,1073680
tamil-nadu,2020,3,district,chengalpattu,1064263
tamil-nadu,2020,3,district,kancheepuram,744437
tamil-nadu,2020,3,district,tiruppur,625391
tamil-nadu,2020,3,district,salem,564858
tamil-nadu,2020,3,district,madurai,516447
tamil-nadu,2020,3,district,krishnagiri,480568
tamil-nadu,2020,3,district,tiruchirappalli,433221
tamil-nadu,2020,3,pincode,641602,107812
tamil-nadu,2020,3,pincode,635109,97699
tamil-nadu,2020,3,pincode,602105,90254
tamil-nadu,2020,3,pincode,600100,90250
tamil-nadu,2020,3,pincode,600003,81870
tamil-nadu,2020,3,pincode,635126,80964
tamil-nadu,2020,3,pincode,600056,78968
tamil-nadu,2020,3,pincode,600053,73528
tamil-nadu,2020,3,pincode,600116,71557
tamil-nadu,2020,3,pincode,600042,69297
tamil-nadu,2020,4,district,chennai,1731527
tamil-nadu,2020,4,district,thiruvallur,1408348
tamil-nadu,2020,4,district,coimbatore,1205249
tamil-nadu,2020,4,district,chengalpattu,1170720
tamil-nadu,2020,4,district,kancheepuram,829207
tamil-nadu,2020,4,district,tiruppur,710489
tamil-nadu,2020,4,district,salem,638883
tamil-nadu,2020,4,district,madurai,582252
tamil-nadu,2020,4,district,krishnagiri,545815
tamil-nadu,2020,4,district,tiruchirappalli,487716
tamil-nadu,2020,4,pincode,641602,121857
tamil-nadu,2020,4,pincode,635109,110280
tamil-nadu,2020,4,pincode,602105,100634
tamil-nadu,2020,4,pincode,600100,98526
tamil-nadu,2020,4,pincode,635126,90075
tamil-nadu,2020,4,pincode,600003,87638
tamil-nadu,2020,4,pincode,600056,87572
tamil-nadu,2020,4,pincode,600053,81716
tamil-nadu,2020,4,pincode,600116,79368
tamil-nadu,2020,4,pincode,600042,75433
tamil-nadu,2018,1,district,chennai,292004
tamil-nadu,2018,1,district,thiruvallur,215622
tamil-nadu,2018,1,district,chengalpattu,215210
tamil-nadu,2018,1,district,coimbatore,170306
tamil-nadu,2018,1,district,kancheepuram,136352
tamil-nadu,2018,1,district,salem,88288
tamil-nadu,2018,1,district,tiruppur,87652
tamil-nadu,2018,1,district,madurai,72582
tamil-nadu,2018,1,district,krishnagiri,66958
tamil-nadu,2018,1,district,tiruchirappalli,62230
tamil-nadu,2018,1,pincode,600100,19254
tamil-nadu,2018,1,pincode,602105,17170
tamil-nadu,2018,1,pincode,641602,17139
tamil-nadu,2018,1,pincode,635109,16386
tamil-nadu,2018,1,pincode,600042,16188
tamil-nadu,2018,1,pincode,600003,16113
tamil-nadu,2018,1,pincode,600119,15020
tamil-nadu,2018,1,pincode,600056,14894
tamil-nadu,2018,1,pincode,600053,13947
tamil-nadu,2018,1,pincode,600097,13934
tamil-nadu,2018,2,district,chennai,401349
tamil-nadu,2018,2,district,thiruvallur,300210
tamil-nadu,2018,2,district,chengalpattu,292432
tamil-nadu,2018,2,district,coimbatore,244374
tamil-nadu,2018,2,district,kancheepuram,188583
tamil-nadu,2018,2,district,tiruppur,128535
tamil-nadu,2018,2,district,salem,126830
tamil-nadu,2018,2,district,madurai,105957
tamil-nadu,2018,2,district,krishnagiri,96842
tamil-nadu,2018,2,district,tiruchirappalli,91156
tamil-nadu,2018,2,pincode,600100,26004
tamil-nadu,2018,2,pincode,641602,24485
tamil-nadu,2018,2,pincode,602105,23885
tamil-nadu,2018,2,pincode,635109,23421
tamil-nadu,2018,2,pincode,600042,21630
tamil-nadu,2018,2,pincode,600003,21275
tamil-nadu,2018,2,pincode,600056,20493
tamil-nadu,2018,2,pincode,600119,19870
tamil-nadu,2018,2,pincode,635126,19632
tamil-nadu,2018,2,pincode,600053,19366
tamil-nadu,2018,3,district,chennai,511138
tamil-nadu,2018,3,district,thiruvallur,381620
tamil-nadu,2018,3,district,chengalpattu,368413
tamil-nadu,2018,3,district,coimbatore,318461
tamil-nadu,2018,3,district,kancheepuram,239985
tamil-nadu,2018,3,district,tiruppur,172195
tamil-nadu,2018,3,district,salem,164489
tamil-nadu,2018,3,district,madurai,138064
tamil-nadu,2018,3,district,krishnagiri,128769
tamil-nadu,2018,3,district,tiruchirappalli,119661
tamil-nadu,2018,3,pincode,600100,32407
tamil-nadu,2018,3,pincode,641602,32062
tamil-nadu,2018,3,pincode,602105,30685
tamil-nadu,2018,3,pincode,635109,30342
tamil-nadu,2018,3,pincode,600042,27281
tamil-nadu,2018,3,pincode,600056,25710
tamil-nadu,2018,3,pincode,635126,25446
tamil-nadu,2018,3,pincode,600119,25310
tamil-nadu,2018,3,pincode,600003,25211
tamil-nadu,2018,3,pincode,600053,24350
tamil-nadu,2018,4,district,chennai,689276
tamil-nadu,2018,4,district,thiruvallur,514830
tamil-nadu,2018,4,district,chengalpattu,483785
tamil-nadu,2018,4,district,coimbatore,415090
tamil-nadu,2018,4,district,kancheepuram,318007
tamil-nadu,2018,4,district,tiruppur,227253
tamil-nadu,2018,4,district,salem,215365
tamil-nadu,2018,4,district,madurai,183206
tamil-nadu,2018,4,district,krishnagiri,172743
tamil-nadu,2018,4,district,tiruchirappalli,160006
tamil-nadu,2018,4,pincode,600100,42866
tamil-nadu,2018,4,pincode,641602,41636
tamil-nadu,2018,4,pincode,602105,40337
tamil-nadu,2018,4,pincode,635109,39553
tamil-nadu,2018,4,pincode,600042,35139
tamil-nadu,2018,4,pincode,600056,34394
tamil-nadu,2018,4,pincode,635126,33327
tamil-nadu,2018,4,pincode,600119,32763
tamil-nadu,2018,4,pincode,600053,32652
tamil-nadu,2018,4,pincode,600003,31780
lakshadweep,2022,1,district,lakshadweep,5990
lakshadweep,2022,1,pincode,682555,2165
lakshadweep,2022,1,pincode,682551,1400
lakshadweep,2022,1,pincode,682557,692
lakshadweep,2022,1,pincode,682552,570
lakshadweep,2022,1,pincode,682556,519
lakshadweep,2022,1,pincode,682559,363
lakshadweep,2022,1,pincode,682554,246
lakshadweep,2022,1,pincode,682558,35
lakshadweep,2022,2,district,lakshadweep,6327
lakshadweep,2022,2,pincode,682555,2279
lakshadweep,2022,2,pincode,682551,1473
lakshadweep,2022,2,pincode,682557,732
lakshadweep,2022,2,pincode,682552,609
lakshadweep,2022,2,pincode,682556,558
lakshadweep,2022,2,pincode,682559,379
lakshadweep,2022,2,pincode,682554,261
lakshadweep,2022,2,pincode,682558,36
lakshadweep,2022,3,district,lakshadweep,6645
lakshadweep,2022,3,pincode,682555,2391
lakshadweep,2022,3,pincode,682551,1555
lakshadweep,2022,3,pincode,682557,766
lakshadweep,2022,3,pincode,682552,642
lakshadweep,2022,3,pincode,682556,592
lakshadweep,2022,3,pincode,682559,389
lakshadweep,2022,3,pincode,682554,273
lakshadweep,2022,3,pincode,682558,37
lakshadweep,2022,4,district,lakshadweep,6961
lakshadweep,2022,4,pincode,682555,2520
lakshadweep,2022,4,pincode,682551,1627
lakshadweep,2022,4,pincode,682557,797
lakshadweep,2022,4,pincode,682552,675
lakshadweep,2022,4,pincode,682556,609
lakshadweep,2022,4,pincode,682559,409
lakshadweep,2022,4,pincode,682554,285
lakshadweep,2022,4,pincode,682558,39
lakshadweep,2024,1,district,lakshadweep,8578
lakshadweep,2024,1,pincode,682555,3091
lakshadweep,2024,1,pincode,682551,2013
lakshadweep,2024,1,pincode,682557,987
lakshadweep,2024,1,pincode,682552,837
lakshadweep,2024,1,pincode,682556,744
lakshadweep,2024,1,pincode,682559,502
lakshadweep,2024,1,pincode,682554,350
lakshadweep,2024,1,pincode,682558,54
lakshadweep,2024,2,district,lakshadweep,8895
lakshadweep,2024,2,pincode,682555,3204
lakshadweep,2024,2,pincode,682551,2089
lakshadweep,2024,2,pincode,682557,1022
lakshadweep,2024,2,pincode,682552,874
lakshadweep,2024,2,pincode,682556,769
lakshadweep,2024,2,pincode,682559,515
lakshadweep,2024,2,pincode,682554,365
lakshadweep,2024,2,pincode,682558,57
lakshadweep,2024,3,district,lakshadweep,11395
lakshadweep,2024,3,pincode,682555,4177
lakshadweep,2024,3,pincode,682551,2261
lakshadweep,2024,3,pincode,682553,1558
lakshadweep,2024,3,pincode,682559,899
lakshadweep,2024,3,pincode,682552,893
lakshadweep,2024,3,pincode,682556,818
lakshadweep,2024,3,pincode,682554,486
lakshadweep,2024,3,pincode,682558,299
lakshadweep,2024,3,pincode,682557,4
lakshadweep,2024,4,district,lakshadweep,11769
lakshadweep,2024,4,pincode,682555,4299
lakshadweep,2024,4,pincode,682551,2315
lakshadweep,2024,4,pincode,682553,1610
lakshadweep,2024,4,pincode,682559,940
lakshadweep,2024,4,pincode,682552,926
lakshadweep,2024,4,pincode,682556,846
lakshadweep,2024,4,pincode,682554,504
lakshadweep,2024,4,pincode,682558,324
lakshadweep,2024,4,pincode,682557,5
lakshadweep,2023,1,district,lakshadweep,7267
lakshadweep,2023,1,pincode,682555,2629
lakshadweep,2023,1,pincode,682551,1697
lakshadweep,2023,1,pincode,682557,833
lakshadweep,2023,1,pincode,682552,703
lakshadweep,2023,1,pincode,682556,638
lakshadweep,2023,1,pincode,682559,427
lakshadweep,2023,1,pincode,682554,298
lakshadweep,2023,1,pincode,682558,42
lakshadweep,2023,2,district,lakshadweep,7585
lakshadweep,2023,2,pincode,682555,2739
lakshadweep,2023,2,pincode,682551,1775
lakshadweep,2023,2,pincode,682557,867
lakshadweep,2023,2,pincode,682552,740
lakshadweep,2023,2,pincode,682556,663
lakshadweep,2023,2,pincode,682559,446
lakshadweep,2023,2,pincode,682554,312
lakshadweep,2023,2,pincode,682558,43
lakshadweep,2023,3,district,lakshadweep,7912
lakshadweep,2023,3,pincode,682555,2843
lakshadweep,2023,3,pincode,682551,1866
lakshadweep,2023,3,pincode,682557,902
lakshadweep,2023,3,pincode,682552,772
lakshadweep,2023,3,pincode,682556,693
lakshadweep,2023,3,pincode,682559,462
lakshadweep,2023,3,pincode,682554,326
lakshadweep,2023,3,pincode,682558,48
lakshadweep,2023,4,district,lakshadweep,8225
lakshadweep,2023,4,pincode,682555,2962
lakshadweep,2023,4,pincode,682551,1938
lakshadweep,2023,4,pincode,682557,929
lakshadweep,2023,4,pincode,682552,802
lakshadweep,2023,4,pincode,682556,718
lakshadweep,2023,4,pincode,682559,484
lakshadweep,2023,4,pincode,682554,340
lakshadweep,2023,4,pincode,682558,52
lakshadweep,2019,1,district,lakshadweep,1416
lakshadweep,2019,1,pincode,682555,549
lakshadweep,2019,1,pincode,682551,299
lakshadweep,2019,1,pincode,682557,166
lakshadweep,2019,1,pincode,682552,132
lakshadweep,2019,1,pincode,682559,129
lakshadweep,2019,1,pincode,682556,107
lakshadweep,2019,1,pincode,682554,29
lakshadweep,2019,1,pincode,682558,5
lakshadweep,2019,2,district,lakshadweep,1747
lakshadweep,2019,2,pincode,682555,685
lakshadweep,2019,2,pincode,682551,367
lakshadweep,2019,2,pincode,682557,201
lakshadweep,2019,2,pincode,682552,158
lakshadweep,2019,2,pincode,682559,155
lakshadweep,2019,2,pincode,682556,139
lakshadweep,2019,2,pincode,682554,35
lakshadweep,2019,2,pincode,682558,7
lakshadweep,2019,3,district,lakshadweep,2117
lakshadweep,2019,3,pincode,682555,813
lakshadweep,2019,3,pincode,682551,469
lakshadweep,2019,3,pincode,682557,243
lakshadweep,2019,3,pincode,682552,185
lakshadweep,2019,3,pincode,682559,176
lakshadweep,2019,3,pincode,682556,173
lakshadweep,2019,3,pincode,682554,51
lakshadweep,2019,3,pincode,682558,7
lakshadweep,2019,4,district,lakshadweep,2427
lakshadweep,2019,4,pincode,682555,923
lakshadweep,2019,4,pincode,682551,538
lakshadweep,2019,4,pincode,682557,279
lakshadweep,2019,4,pincode,682552,212
lakshadweep,2019,4,pincode,682559,195
lakshadweep,2019,4,pincode,682556,193
lakshadweep,2019,4,pincode,682554,77
lakshadweep,2019,4,pincode,682558,10
lakshadweep,2021,1,district,lakshadweep,4577
lakshadweep,2021,1,pincode,682555,1664
lakshadweep,2021,1,pincode,682551,1083
lakshadweep,2021,1,pincode,682557,524
lakshadweep,2021,1,pincode,682552,427
lakshadweep,2021,1,pincode,682556,396
lakshadweep,2021,1,pincode,682559,276
lakshadweep,2021,1,pincode,682554,181
lakshadweep,2021,1,pincode,682558,26
lakshadweep,2021,2,district,lakshadweep,4896
lakshadweep,2021,2,pincode,682555,1780
lakshadweep,2021,2,pincode,682551,1154
lakshadweep,2021,2,pincode,682557,559
lakshadweep,2021,2,pincode,682552,463
lakshadweep,2021,2,pincode,682556,424
lakshadweep,2021,2,pincode,682559,295
lakshadweep,2021,2,pincode,682554,194
lakshadweep,2021,2,pincode,682558,27
lakshadweep,2021,3,district,lakshadweep,5287
lakshadweep,2021,3,pincode,682555,1914
lakshadweep,2021,3,pincode,682551,1237
lakshadweep,2021,3,pincode,682557,607
lakshadweep,2021,3,pincode,682552,504
lakshadweep,2021,3,pincode,682556,461
lakshadweep,2021,3,pincode,682559,321
lakshadweep,2021,3,pincode,682554,212
lakshadweep,2021,3,pincode,682558,31
lakshadweep,2021,4,district,lakshadweep,5638
lakshadweep,2021,4,pincode,682555,2037
lakshadweep,2021,4,pincode,682551,1321
lakshadweep,2021,4,pincode,682557,654
lakshadweep,2021,4,pincode,682552,536
lakshadweep,2021,4,pincode,682556,486
lakshadweep,2021,4,pincode,682559,339
lakshadweep,2021,4,pincode,682554,233
lakshadweep,2021,4,pincode,682558,32
lakshadweep,2020,1,district,lakshadweep,2772
lakshadweep,2020,1,pincode,682555,1032
lakshadweep,2020,1,pincode,682551,633
lakshadweep,2020,1,pincode,682557,332
lakshadweep,2020,1,pincode,682552,248
lakshadweep,2020,1,pincode,682556,227
lakshadweep,2020,1,pincode,682559,200
lakshadweep,2020,1,pincode,682554,89
lakshadweep,2020,1,pincode,682558,11
lakshadweep,2020,2,district,lakshadweep,3187
lakshadweep,2020,2,pincode,682555,1178
lakshadweep,2020,2,pincode,682551,744
lakshadweep,2020,2,pincode,682557,376
lakshadweep,2020,2,pincode,682552,274
lakshadweep,2020,2,pincode,682556,271
lakshadweep,2020,2,pincode,682559,207
lakshadweep,2020,2,pincode,682554,121
lakshadweep,2020,2,pincode,682558,16
lakshadweep,2020,3,district,lakshadweep,3644
lakshadweep,2020,3,pincode,682555,1334
lakshadweep,2020,3,pincode,682551,866
lakshadweep,2020,3,pincode,682557,429
lakshadweep,2020,3,pincode,682552,323
lakshadweep,2020,3,pincode,682556,311
lakshadweep,2020,3,pincode,682559,220
lakshadweep,2020,3,pincode,682554,142
lakshadweep,2020,3,pincode,682558,19
lakshadweep,2020,4,district,lakshadweep,4179
lakshadweep,2020,4,pincode,682555,1530
lakshadweep,2020,4,pincode,682551,981
lakshadweep,2020,4,pincode,682557,480
lakshadweep,2020,4,pincode,682552,388
lakshadweep,2020,4,pincode,682556,354
lakshadweep,2020,4,pincode,682559,256
lakshadweep,2020,4,pincode,682554,168
lakshadweep,2020,4,pincode,682558,22
lakshadweep,2018,1,district,lakshadweep,501
lakshadweep,2018,1,pincode,682555,175
lakshadweep,2018,1,pincode,682557,85
lakshadweep,2018,1,pincode,682551,78
lakshadweep,2018,1,pincode,682559,71
lakshadweep,2018,1,pincode,682552,44
lakshadweep,2018,1,pincode,682556,37
lakshadweep,2018,1,pincode,682554,10
lakshadweep,2018,1,pincode,682558,1
lakshadweep,2018,2,district,lakshadweep,686
lakshadweep,2018,2,pincode,682555,246
lakshadweep,2018,2,pincode,682551,126
lakshadweep,2018,2,pincode,682557,94
lakshadweep,2018,2,pincode,682559,82
lakshadweep,2018,2,pincode,682552,61
lakshadweep,2018,2,pincode,682556,56
lakshadweep,2018,2,pincode,682554,18
lakshadweep,2018,2,pincode,682558,3
lakshadweep,2018,3,district,lakshadweep,918
lakshadweep,2018,3,pincode,682555,338
lakshadweep,2018,3,pincode,682551,175
lakshadweep,2018,3,pincode,682557,131
lakshadweep,2018,3,pincode,682559,93
lakshadweep,2018,3,pincode,682552,86
lakshadweep,2018,3,pincode,682556,68
lakshadweep,2018,3,pincode,682554,22
lakshadweep,2018,3,pincode,682558,5
lakshadweep,2018,4,district,lakshadweep,1156
lakshadweep,2018,4,pincode,682555,429
lakshadweep,2018,4,pincode,682551,241
lakshadweep,2018,4,pincode,682557,148
lakshadweep,2018,4,pincode,682559,116
lakshadweep,2018,4,pincode,682552,110
lakshadweep,2018,4,pincode,682556,84
lakshadweep,2018,4,pincode,682554,23
lakshadweep,2018,4,pincode,682558,5
telangana,2022,1,district,hyderabad,4306136
telangana,2022,1,district,rangareddy,3722676
telangana,2022,1,district,medchal malkajgiri,3138387
telangana,2022,1,district,sangareddy,997988
telangana,2022,1,district,warangal urban,797162
telangana,2022,1,district,nalgonda,681754
telangana,2022,1,district,khammam,650223
telangana,2022,1,district,nizamabad,628661
telangana,2022,1,district,karimnagar,592752
telangana,2022,1,district,bhadradri kothagudem,465349
telangana,2022,1,pincode,500072,476073
telangana,2022,1,pincode,505001,307339
telangana,2022,1,pincode,500018,307198
telangana,2022,1,pincode,500008,270516
telangana,2022,1,pincode,500055,257896
telangana,2022,1,pincode,500037,238487
telangana,2022,1,pincode,500039,233903
telangana,2022,1,pincode,502032,220570
telangana,2022,1,pincode,506002,217091
telangana,2022,1,pincode,500013,215918
telangana,2022,2,district,hyderabad,4519625
telangana,2022,2,district,rangareddy,3911372
telangana,2022,2,district,medchal malkajgiri,3297882
telangana,2022,2,district,sangareddy,1051378
telangana,2022,2,district,warangal urban,838533
telangana,2022,2,district,nalgonda,719911
telangana,2022,2,district,khammam,685755
telangana,2022,2,district,nizamabad,662427
telangana,2022,2,district,karimnagar,624054
telangana,2022,2,district,bhadradri kothagudem,491003
telangana,2022,2,pincode,500072,499269
telangana,2022,2,pincode,505001,322881
telangana,2022,2,pincode,500018,322687
telangana,2022,2,pincode,500008,283921
telangana,2022,2,pincode,500055,271404
telangana,2022,2,pincode,500037,251090
telangana,2022,2,pincode,500039,245702
telangana,2022,2,pincode,502032,231698
telangana,2022,2,pincode,506002,228268
telangana,2022,2,pincode,500013,226654
telangana,2022,3,district,hyderabad,4739891
telangana,2022,3,district,rangareddy,4105107
telangana,2022,3,district,medchal malkajgiri,3463208
telangana,2022,3,district,sangareddy,1106571
telangana,2022,3,district,warangal urban,881363
telangana,2022,3,district,nalgonda,758377
telangana,2022,3,district,khammam,721877
telangana,2022,3,district,nizamabad,697031
telangana,2022,3,district,karimnagar,656534
telangana,2022,3,district,bhadradri kothagudem,517431
telangana,2022,3,pincode,500072,523196
telangana,2022,3,pincode,505001,339255
telangana,2022,3,pincode,500018,338708
telangana,2022,3,pincode,500008,297749
telangana,2022,3,pincode,500055,285477
telangana,2022,3,pincode,500037,264160
telangana,2022,3,pincode,500039,257830
telangana,2022,3,pincode,502032,243213
telangana,2022,3,pincode,506002,239974
telangana,2022,3,pincode,500013,237793
telangana,2022,4,district,hyderabad,4962214
telangana,2022,4,district,rangareddy,4296707
telangana,2022,4,district,medchal malkajgiri,3628619
telangana,2022,4,district,sangareddy,1159594
telangana,2022,4,district,warangal urban,923715
telangana,2022,4,district,nalgonda,793688
telangana,2022,4,district,khammam,755705
telangana,2022,4,district,nizamabad,729287
telangana,2022,4,district,karimnagar,687385
telangana,2022,4,district,bhadradri kothagudem,542203
telangana,2022,4,pincode,500072,547282
telangana,2022,4,pincode,505001,355528
telangana,2022,4,pincode,500018,354983
telangana,2022,4,pincode,500008,311735
telangana,2022,4,pincode,500055,299618
telangana,2022,4,pincode,500037,277467
telangana,2022,4,pincode,500039,270128
telangana,2022,4,pincode,502032,254815
telangana,2022,4,pincode,506002,251886
telangana,2022,4,pincode,500013,249027
telangana,2024,1,district,hyderabad,5928930
telangana,2024,1,district,rangareddy,5149421
telangana,2024,1,district,medchal malkajgiri,4352811
telangana,2024,1,district,sangareddy,1411306
telangana,2024,1,district,warangal urban,1117693
telangana,2024,1,district,nalgonda,975830
telangana,2024,1,district,khammam,925918
telangana,2024,1,district,nizamabad,889165
telangana,2024,1,district,karimnagar,835681
telangana,2024,1,district,bhadradri kothagudem,666127
telangana,2024,1,pincode,500072,650991
telangana,2024,1,pincode,505001,427811
telangana,2024,1,pincode,500018,425685
telangana,2024,1,pincode,500008,372524
telangana,2024,1,pincode,500055,361585
telangana,2024,1,pincode,500037,335655
telangana,2024,1,pincode,500039,323450
telangana,2024,1,pincode,502032,305096
telangana,2024,1,pincode,506002,304500
telangana,2024,1,pincode,500013,297957
telangana,2024,2,district,hyderabad,6138190
telangana,2024,2,district,rangareddy,5331711
telangana,2024,2,district,medchal malkajgiri,4507995
telangana,2024,2,district,sangareddy,1463908
telangana,2024,2,district,warangal urban,1159405
telangana,2024,2,district,nalgonda,1013537
telangana,2024,2,district,khammam,961211
telangana,2024,2,district,nizamabad,923061
telangana,2024,2,district,karimnagar,867377
telangana,2024,2,district,bhadradri kothagudem,691518
telangana,2024,2,pincode,500072,673094
telangana,2024,2,pincode,505001,443393
telangana,2024,2,pincode,500018,440990
telangana,2024,2,pincode,500008,385469
telangana,2024,2,pincode,500055,374770
telangana,2024,2,pincode,500037,347922
telangana,2024,2,pincode,500039,334964
telangana,2024,2,pincode,506002,315957
telangana,2024,2,pincode,502032,315901
telangana,2024,2,pincode,500013,308329
telangana,2024,3,district,rangareddy,5769438
telangana,2024,3,district,hyderabad,5757304
telangana,2024,3,district,medchal malkajgiri,4907703
telangana,2024,3,district,sangareddy,1478576
telangana,2024,3,district,nizamabad,891370
telangana,2024,3,district,nalgonda,835287
telangana,2024,3,district,khammam,804962
telangana,2024,3,district,karimnagar,745395
telangana,2024,3,district,hanumakonda,712869
telangana,2024,3,district,bhadradri kothagudem,599724
telangana,2024,3,pincode,500072,733364
telangana,2024,3,pincode,500008,454240
telangana,2024,3,pincode,500081,453288
telangana,2024,3,pincode,500055,389544
telangana,2024,3,pincode,505001,384924
telangana,2024,3,pincode,500018,359170
telangana,2024,3,pincode,502032,349744
telangana,2024,3,pincode,500049,340428
telangana,2024,3,pincode,500039,329117
telangana,2024,3,pincode,500090,311167
telangana,2024,4,district,rangareddy,5988320
telangana,2024,4,district,hyderabad,5916910
telangana,2024,4,district,medchal malkajgiri,5063017
telangana,2024,4,district,sangareddy,1526801
telangana,2024,4,district,nizamabad,918096
telangana,2024,4,district,nalgonda,856881
telangana,2024,4,district,khammam,825840
telangana,2024,4,district,karimnagar,765956
telangana,2024,4,district,hanumakonda,734921
telangana,2024,4,district,bhadradri kothagudem,617451
telangana,2024,4,pincode,500072,755978
telangana,2024,4,pincode,500081,489740
telangana,2024,4,pincode,500008,468570
telangana,2024,4,pincode,500055,399763
telangana,2024,4,pincode,505001,395915
telangana,2024,4,pincode,500018,367299
telangana,2024,4,pincode,502032,359459
telangana,2024,4,pincode,500049,349918
telangana,2024,4,pincode,500039,339858
telangana,2024,4,pincode,500090,323966
telangana,2023,1,district,hyderabad,5176899
telangana,2023,1,district,rangareddy,4483193
telangana,2023,1,district,medchal malkajgiri,3787461
telangana,2023,1,district,sangareddy,1212607
telangana,2023,1,district,warangal urban,964802
telangana,2023,1,district,nalgonda,830827
telangana,2023,1,district,khammam,790500
telangana,2023,1,district,nizamabad,761985
telangana,2023,1,district,karimnagar,718193
telangana,2023,1,district,bhadradri kothagudem,567571
telangana,2023,1,pincode,500072,570652
telangana,2023,1,pincode,505001,371132
telangana,2023,1,pincode,500018,370648
telangana,2023,1,pincode,500008,325126
telangana,2023,1,pincode,500055,313173
telangana,2023,1,pincode,500037,290149
telangana,2023,1,pincode,500039,281889
telangana,2023,1,pincode,502032,265962
telangana,2023,1,pincode,506002,263096
telangana,2023,1,pincode,500013,259941
telangana,2023,2,district,hyderabad,5349842
telangana,2023,2,district,rangareddy,4638501
telangana,2023,2,district,medchal malkajgiri,3918732
telangana,2023,2,district,sangareddy,1259927
telangana,2023,2,district,warangal urban,1000275
telangana,2023,2,district,nalgonda,866073
telangana,2023,2,district,khammam,822976
telangana,2023,2,district,nizamabad,792269
telangana,2023,2,district,karimnagar,745882
telangana,2023,2,district,bhadradri kothagudem,591314
telangana,2023,2,pincode,500072,589156
telangana,2023,2,pincode,505001,384152
telangana,2023,2,pincode,500018,383392
telangana,2023,2,pincode,500008,336097
telangana,2023,2,pincode,500055,324513
telangana,2023,2,pincode,500037,300809
telangana,2023,2,pincode,500039,291440
telangana,2023,2,pincode,502032,275017
telangana,2023,2,pincode,506002,272675
telangana,2023,2,pincode,500013,268682
telangana,2023,3,district,hyderabad,5543537
telangana,2023,3,district,rangareddy,4809474
telangana,2023,3,district,medchal malkajgiri,4064256
telangana,2023,3,district,sangareddy,1310211
telangana,2023,3,district,warangal urban,1039220
telangana,2023,3,district,nalgonda,902281
telangana,2023,3,district,khammam,857112
telangana,2023,3,district,nizamabad,823846
telangana,2023,3,district,karimnagar,775594
telangana,2023,3,district,bhadradri kothagudem,616038
telangana,2023,3,pincode,500072,609887
telangana,2023,3,pincode,505001,398822
telangana,2023,3,pincode,500018,397544
telangana,2023,3,pincode,500008,348271
telangana,2023,3,pincode,500055,336960
telangana,2023,3,pincode,500037,312353
telangana,2023,3,pincode,500039,302139
telangana,2023,3,pincode,502032,285047
telangana,2023,3,pincode,506002,283154
telangana,2023,3,pincode,500013,278523
telangana,2023,4,district,hyderabad,5720710
telangana,2023,4,district,rangareddy,4964411
telangana,2023,4,district,medchal malkajgiri,4195726
telangana,2023,4,district,sangareddy,1356536
telangana,2023,4,district,warangal urban,1075692
telangana,2023,4,district,nalgonda,936167
telangana,2023,4,district,khammam,888902
telangana,2023,4,district,nizamabad,854338
telangana,2023,4,district,karimnagar,803398
telangana,2023,4,district,bhadradri kothagudem,638916
telangana,2023,4,pincode,500072,628306
telangana,2023,4,pincode,505001,412122
telangana,2023,4,pincode,500018,410469
telangana,2023,4,pincode,500008,359269
telangana,2023,4,pincode,500055,348217
telangana,2023,4,pincode,500037,322978
telangana,2023,4,pincode,500039,311906
telangana,2023,4,pincode,502032,294193
telangana,2023,4,pincode,506002,293198
telangana,2023,4,pincode,500013,287425
telangana,2019,1,district,hyderabad,1638436
telangana,2019,1,district,rangareddy,1470874
telangana,2019,1,district,medchal malkajgiri,1279531
telangana,2019,1,district,sangareddy,346529
telangana,2019,1,district,warangal urban,301881
telangana,2019,1,district,karimnagar,218609
telangana,2019,1,district,nalgonda,211184
telangana,2019,1,district,khammam,206049
telangana,2019,1,district,nizamabad,186351
telangana,2019,1,district,siddipet,152281
telangana,2019,1,pincode,500072,221180
telangana,2019,1,pincode,500018,122206
telangana,2019,1,pincode,505001,117965
telangana,2019,1,pincode,500055,101115
telangana,2019,1,pincode,500039,99557
telangana,2019,1,pincode,500016,98286
telangana,2019,1,pincode,500081,96365
telangana,2019,1,pincode,500008,95864
telangana,2019,1,pincode,500032,95389
telangana,2019,1,pincode,500037,94815
telangana,2019,2,district,hyderabad,1856926
telangana,2019,2,district,rangareddy,1651300
telangana,2019,2,district,medchal malkajgiri,1428880
telangana,2019,2,district,sangareddy,395371
telangana,2019,2,district,warangal urban,342602
telangana,2019,2,district,karimnagar,246886
telangana,2019,2,district,nalgonda,243227
telangana,2019,2,district,khammam,239435
telangana,2019,2,district,nizamabad,217841
telangana,2019,2,district,siddipet,175413
telangana,2019,2,pincode,500072,242007
telangana,2019,2,pincode,500018,136968
telangana,2019,2,pincode,505001,132856
telangana,2019,2,pincode,500055,113344
telangana,2019,2,pincode,500039,110276
telangana,2019,2,pincode,500008,109098
telangana,2019,2,pincode,500016,107543
telangana,2019,2,pincode,500037,105786
telangana,2019,2,pincode,500081,104692
telangana,2019,2,pincode,500032,104250
telangana,2019,3,district,hyderabad,2071673
telangana,2019,3,district,rangareddy,1826019
telangana,2019,3,district,medchal malkajgiri,1572320
telangana,2019,3,district,sangareddy,441944
telangana,2019,3,district,warangal urban,381730
telangana,2019,3,district,karimnagar,274735
telangana,2019,3,district,nalgonda,274568
telangana,2019,3,district,khammam,270101
telangana,2019,3,district,nizamabad,248977
telangana,2019,3,district,siddipet,196397
telangana,2019,3,pincode,500072,261019
telangana,2019,3,pincode,500018,151140
telangana,2019,3,pincode,505001,147716
telangana,2019,3,pincode,500055,125011
telangana,2019,3,pincode,500008,122840
telangana,2019,3,pincode,500039,120841
telangana,2019,3,pincode,500037,116709
telangana,2019,3,pincode,500016,116204
telangana,2019,3,pincode,500032,112642
telangana,2019,3,pincode,500081,112128
telangana,2019,4,district,hyderabad,2283903
telangana,2019,4,district,rangareddy,2001437
telangana,2019,4,district,medchal malkajgiri,1714832
telangana,2019,4,district,sangareddy,493353
telangana,2019,4,district,warangal urban,421970
telangana,2019,4,district,nalgonda,312849
telangana,2019,4,district,karimnagar,305507
telangana,2019,4,district,khammam,304804
telangana,2019,4,district,nizamabad,284623
telangana,2019,4,district,siddipet,221164
telangana,2019,4,pincode,500072,279498
telangana,2019,4,pincode,500018,165518
telangana,2019,4,pincode,505001,163234
telangana,2019,4,pincode,500055,137330
telangana,2019,4,pincode,500008,136530
telangana,2019,4,pincode,500039,131225
telangana,2019,4,pincode,500037,127455
telangana,2019,4,pincode,500016,124539
telangana,2019,4,pincode,500032,120627
telangana,2019,4,pincode,502032,119900
telangana,2021,1,district,hyderabad,3379663
telangana,2021,1,district,rangareddy,2906635
telangana,2021,1,district,medchal malkajgiri,2450573
telangana,2021,1,district,sangareddy,767476
telangana,2021,1,district,warangal urban,620947
telangana,2021,1,district,nalgonda,517727
telangana,2021,1,district,khammam,497818
telangana,2021,1,district,nizamabad,485751
telangana,2021,1,district,karimnagar,459407
telangana,2021,1,district,bhadradri kothagudem,354847
telangana,2021,1,pincode,500072,375272
telangana,2021,1,pincode,505001,240644
telangana,2021,1,pincode,500018,240435
telangana,2021,1,pincode,500008,211989
telangana,2021,1,pincode,500055,200132
telangana,2021,1,pincode,500037,185174
telangana,2021,1,pincode,500039,183186
telangana,2021,1,pincode,502032,172567
telangana,2021,1,pincode,506002,169755
telangana,2021,1,pincode,500013,169256
telangana,2021,2,district,hyderabad,3598337
telangana,2021,2,district,rangareddy,3097973
telangana,2021,2,district,medchal malkajgiri,2611159
telangana,2021,2,district,sangareddy,820387
telangana,2021,2,district,warangal urban,661592
telangana,2021,2,district,nalgonda,555043
telangana,2021,2,district,khammam,532589
telangana,2021,2,district,nizamabad,518801
telangana,2021,2,district,karimnagar,490218
telangana,2021,2,district,bhadradri kothagudem,380059
telangana,2021,2,pincode,500072,398987
telangana,2021,2,pincode,505001,256261
telangana,2021,2,pincode,500018,255966
telangana,2021,2,pincode,500008,225800
telangana,2021,2,pincode,500055,213471
telangana,2021,2,pincode,500037,197484
telangana,2021,2,pincode,500039,195017
telangana,2021,2,pincode,502032,183754
telangana,2021,2,pincode,506002,180657
telangana,2021,2,pincode,500013,180244
telangana,2021,3,district,hyderabad,3839513
telangana,2021,3,district,rangareddy,3310906
telangana,2021,3,district,medchal malkajgiri,2790387
telangana,2021,3,district,sangareddy,880907
telangana,2021,3,district,warangal urban,707591
telangana,2021,3,district,nalgonda,598288
telangana,2021,3,district,khammam,572647
telangana,2021,3,district,nizamabad,556044
telangana,2021,3,district,karimnagar,524929
telangana,2021,3,district,bhadradri kothagudem,409224
telangana,2021,3,pincode,500072,425197
telangana,2021,3,pincode,505001,273576
telangana,2021,3,pincode,500018,273534
telangana,2021,3,pincode,500008,241011
telangana,2021,3,pincode,500055,228448
telangana,2021,3,pincode,500037,211348
telangana,2021,3,pincode,500039,208214
telangana,2021,3,pincode,502032,196266
telangana,2021,3,pincode,506002,193005
telangana,2021,3,pincode,500013,192437
telangana,2021,4,district,hyderabad,4081185
telangana,2021,4,district,rangareddy,3523496
telangana,2021,4,district,medchal malkajgiri,2969740
telangana,2021,4,district,sangareddy,940845
telangana,2021,4,district,warangal urban,753613
telangana,2021,4,district,nalgonda,641044
telangana,2021,4,district,khammam,612314
telangana,2021,4,district,nizamabad,593223
telangana,2021,4,district,karimnagar,559456
telangana,2021,4,district,bhadradri kothagudem,438017
telangana,2021,4,pincode,500072,451595
telangana,2021,4,pincode,500018,290965
telangana,2021,4,pincode,505001,290945
telangana,2021,4,pincode,500008,256260
telangana,2021,4,pincode,500055,243565
telangana,2021,4,pincode,500037,225355
telangana,2021,4,pincode,500039,221494
telangana,2021,4,pincode,502032,208820
telangana,2021,4,pincode,506002,205418
telangana,2021,4,pincode,500013,204597
telangana,2020,1,district,hyderabad,2483843
telangana,2020,1,district,rangareddy,2166829
telangana,2020,1,district,medchal malkajgiri,1845599
telangana,2020,1,district,sangareddy,542540
telangana,2020,1,district,warangal urban,457591
telangana,2020,1,district,nalgonda,351793
telangana,2020,1,district,khammam,340747
telangana,2020,1,district,karimnagar,334300
telangana,2020,1,district,nizamabad,320572
telangana,2020,1,district,siddipet,245168
telangana,2020,1,pincode,500072,296003
telangana,2020,1,pincode,500018,179037
telangana,2020,1,pincode,505001,177789
telangana,2020,1,pincode,500008,150197
telangana,2020,1,pincode,500055,148821
telangana,2020,1,pincode,500039,140426
telangana,2020,1,pincode,500037,137674
telangana,2020,1,pincode,500016,131969
telangana,2020,1,pincode,502032,128750
telangana,2020,1,pincode,500032,127812
telangana,2020,2,district,hyderabad,2653534
telangana,2020,2,district,rangareddy,2313748
telangana,2020,2,district,medchal malkajgiri,1963353
telangana,2020,2,district,sangareddy,593360
telangana,2020,2,district,warangal urban,495066
telangana,2020,2,district,nalgonda,393199
telangana,2020,2,district,khammam,380382
telangana,2020,2,district,karimnagar,362986
telangana,2020,2,district,nizamabad,362663
telangana,2020,2,district,siddipet,269076
telangana,2020,2,pincode,500072,309469
telangana,2020,2,pincode,505001,191796
telangana,2020,2,pincode,500018,190988
telangana,2020,2,pincode,500008,161851
telangana,2020,2,pincode,500055,158980
telangana,2020,2,pincode,500039,148574
telangana,2020,2,pincode,500037,147485
telangana,2020,2,pincode,502032,137595
telangana,2020,2,pincode,500016,137551
telangana,2020,2,pincode,506002,135673
telangana,2020,3,district,hyderabad,2875965
telangana,2020,3,district,rangareddy,2495699
telangana,2020,3,district,medchal malkajgiri,2111567
telangana,2020,3,district,sangareddy,649580
telangana,2020,3,district,warangal urban,535485
telangana,2020,3,district,nalgonda,435022
telangana,2020,3,district,khammam,421101
telangana,2020,3,district,nizamabad,405678
telangana,2020,3,district,karimnagar,394328
telangana,2020,3,district,bhadradri kothagudem,297785
telangana,2020,3,pincode,500072,328018
telangana,2020,3,pincode,505001,207595
telangana,2020,3,pincode,500018,206235
telangana,2020,3,pincode,500008,177153
telangana,2020,3,pincode,500055,171640
telangana,2020,3,pincode,500039,159071
telangana,2020,3,pincode,500037,158992
telangana,2020,3,pincode,502032,148439
telangana,2020,3,pincode,506002,146501
telangana,2020,3,pincode,500016,145433
telangana,2020,4,district,hyderabad,3142385
telangana,2020,4,district,rangareddy,2704868
telangana,2020,4,district,medchal malkajgiri,2282695
telangana,2020,4,district,sangareddy,711551
telangana,2020,4,district,warangal urban,579306
telangana,2020,4,district,nalgonda,478409
telangana,2020,4,district,khammam,461801
telangana,2020,4,district,nizamabad,449731
telangana,2020,4,district,karimnagar,428019
telangana,2020,4,district,bhadradri kothagudem,328326
telangana,2020,4,pincode,500072,350832
telangana,2020,4,pincode,505001,224585
telangana,2020,4,pincode,500018,223960
telangana,2020,4,pincode,500008,196413
telangana,2020,4,pincode,500055,185974
telangana,2020,4,pincode,500037,172249
telangana,2020,4,pincode,500039,170938
telangana,2020,4,pincode,502032,160918
telangana,2020,4,pincode,506002,158383
telangana,2020,4,pincode,500013,157587
telangana,2018,1,district,hyderabad,655175
telangana,2018,1,district,rangareddy,635175
telangana,2018,1,district,medchal malkajgiri,549429
telangana,2018,1,district,sangareddy,142807
telangana,2018,1,district,warangal urban,133840
telangana,2018,1,district,karimnagar,100028
telangana,2018,1,district,khammam,84941
telangana,2018,1,district,nalgonda,84459
telangana,2018,1,district,nizamabad,77516
telangana,2018,1,district,peddapalle,67418
telangana,2018,1,pincode,500072,105012
telangana,2018,1,pincode,505001,55361
telangana,2018,1,pincode,500018,50431
telangana,2018,1,pincode,500081,45422
telangana,2018,1,pincode,500039,44050
telangana,2018,1,pincode,500016,44047
telangana,2018,1,pincode,500032,43828
telangana,2018,1,pincode,500055,41831
telangana,2018,1,pincode,502032,41008
telangana,2018,1,pincode,500037,39329
telangana,2018,2,district,hyderabad,842483
telangana,2018,2,district,rangareddy,804959
telangana,2018,2,district,medchal malkajgiri,696211
telangana,2018,2,district,sangareddy,182673
telangana,2018,2,district,warangal urban,171260
telangana,2018,2,district,karimnagar,126122
telangana,2018,2,district,khammam,111361
telangana,2018,2,district,nalgonda,110668
telangana,2018,2,district,nizamabad,100652
telangana,2018,2,district,peddapalle,86033
telangana,2018,2,pincode,500072,129543
telangana,2018,2,pincode,505001,69318
telangana,2018,2,pincode,500018,63870
telangana,2018,2,pincode,500081,56358
telangana,2018,2,pincode,500039,55613
telangana,2018,2,pincode,500016,55227
telangana,2018,2,pincode,500032,54696
telangana,2018,2,pincode,500055,53532
telangana,2018,2,pincode,502032,50926
telangana,2018,2,pincode,500037,49738
telangana,2018,3,district,hyderabad,1024241
telangana,2018,3,district,rangareddy,963186
telangana,2018,3,district,medchal malkajgiri,828425
telangana,2018,3,district,sangareddy,220802
telangana,2018,3,district,warangal urban,199919
telangana,2018,3,district,karimnagar,148562
telangana,2018,3,district,khammam,135353
telangana,2018,3,district,nalgonda,134723
telangana,2018,3,district,nizamabad,120650
telangana,2018,3,district,peddapalle,102365
telangana,2018,3,pincode,500072,152034
telangana,2018,3,pincode,505001,80561
telangana,2018,3,pincode,500018,77041
telangana,2018,3,pincode,500081,67378
telangana,2018,3,pincode,500016,66636
telangana,2018,3,pincode,500032,66180
telangana,2018,3,pincode,500039,65591
telangana,2018,3,pincode,500055,64310
telangana,2018,3,pincode,500008,59887
telangana,2018,3,pincode,500037,59560
telangana,2018,4,district,hyderabad,1336872
telangana,2018,4,district,rangareddy,1217664
telangana,2018,4,district,medchal malkajgiri,1056739
telangana,2018,4,district,sangareddy,281038
telangana,2018,4,district,warangal urban,249500
telangana,2018,4,district,karimnagar,182600
telangana,2018,4,district,nalgonda,171002
telangana,2018,4,district,khammam,168485
telangana,2018,4,district,nizamabad,150190
telangana,2018,4,district,peddapalle,124191
telangana,2018,4,pincode,500072,188465
telangana,2018,4,pincode,500018,99797
telangana,2018,4,pincode,505001,98937
telangana,2018,4,pincode,500016,83751
telangana,2018,4,pincode,500081,83424
telangana,2018,4,pincode,500055,82804
telangana,2018,4,pincode,500039,82675
telangana,2018,4,pincode,500032,82107
telangana,2018,4,pincode,500008,77897
telangana,2018,4,pincode,500037,77674
manipur,2022,1,district,imphal west,125131
manipur,2022,1,district,imphal east,81134
manipur,2022,1,district,thoubal,38088
manipur,2022,1,district,bishnupur,36514
manipur,2022,1,district,churachandpur,31533
manipur,2022,1,district,kangpokpi,25589
manipur,2022,1,district,kakching,17014
manipur,2022,1,district,ukhrul,12728
manipur,2022,1,district,tamenglong,10719
manipur,2022,1,district,chandel,8724
manipur,2022,1,pincode,795004,58698
manipur,2022,1,pincode,795001,24200
manipur,2022,1,pincode,795138,18698
manipur,2022,1,pincode,795133,18416
manipur,2022,1,pincode,795103,15858
manipur,2022,1,pincode,795002,13936
manipur,2022,1,pincode,795008,13884
manipur,2022,1,pincode,795148,13156
manipur,2022,1,pincode,795010,12970
manipur,2022,1,pincode,795149,12932
manipur,2022,2,district,imphal west,131901
manipur,2022,2,district,imphal east,85559
manipur,2022,2,district,thoubal,40196
manipur,2022,2,district,bishnupur,38512
manipur,2022,2,district,churachandpur,33293
manipur,2022,2,district,kangpokpi,27002
manipur,2022,2,district,kakching,18011
manipur,2022,2,district,ukhrul,13435
manipur,2022,2,district,tamenglong,11310
manipur,2022,2,district,chandel,9201
manipur,2022,2,pincode,795004,61814
manipur,2022,2,pincode,795001,25501
manipur,2022,2,pincode,795138,19715
manipur,2022,2,pincode,795133,19429
manipur,2022,2,pincode,795103,16787
manipur,2022,2,pincode,795002,14709
manipur,2022,2,pincode,795008,14659
manipur,2022,2,pincode,795148,13885
manipur,2022,2,pincode,795010,13673
manipur,2022,2,pincode,795149,13652
manipur,2022,3,district,imphal west,138892
manipur,2022,3,district,imphal east,90100
manipur,2022,3,district,thoubal,42321
manipur,2022,3,district,bishnupur,40486
manipur,2022,3,district,churachandpur,35081
manipur,2022,3,district,kangpokpi,28377
manipur,2022,3,district,kakching,18979
manipur,2022,3,district,ukhrul,14002
manipur,2022,3,district,tamenglong,11830
manipur,2022,3,district,chandel,9647
manipur,2022,3,pincode,795004,65086
manipur,2022,3,pincode,795001,26851
manipur,2022,3,pincode,795138,20753
manipur,2022,3,pincode,795133,20419
manipur,2022,3,pincode,795103,17684
manipur,2022,3,pincode,795002,15491
manipur,2022,3,pincode,795008,15410
manipur,2022,3,pincode,795148,14636
manipur,2022,3,pincode,795149,14379
manipur,2022,3,pincode,795010,14377
manipur,2022,4,district,imphal west,145422
manipur,2022,4,district,imphal east,94344
manipur,2022,4,district,thoubal,44264
manipur,2022,4,district,bishnupur,42189
manipur,2022,4,district,churachandpur,36722
manipur,2022,4,district,kangpokpi,29563
manipur,2022,4,district,kakching,19797
manipur,2022,4,district,ukhrul,14415
manipur,2022,4,district,tamenglong,12297
manipur,2022,4,district,chandel,9973
manipur,2022,4,pincode,795004,68237
manipur,2022,4,pincode,795001,28149
manipur,2022,4,pincode,795138,21736
manipur,2022,4,pincode,795133,21231
manipur,2022,4,pincode,795103,18448
manipur,2022,4,pincode,795002,16213
manipur,2022,4,pincode,795008,16111
manipur,2022,4,pincode,795148,15321
manipur,2022,4,pincode,795149,15025
manipur,2022,4,pincode,795010,15009
manipur,2024,1,district,imphal west,178251
manipur,2024,1,district,imphal east,115869
manipur,2024,1,district,thoubal,54656
manipur,2024,1,district,bishnupur,52163
manipur,2024,1,district,churachandpur,45497
manipur,2024,1,district,kangpokpi,36739
manipur,2024,1,district,kakching,24577
manipur,2024,1,district,ukhrul,18087
manipur,2024,1,district,tamenglong,15465
manipur,2024,1,district,chandel,12511
manipur,2024,1,pincode,795004,83182
manipur,2024,1,pincode,795001,34272
manipur,2024,1,pincode,795138,26720
manipur,2024,1,pincode,795133,26332
manipur,2024,1,pincode,795103,22901
manipur,2024,1,pincode,795002,19903
manipur,2024,1,pincode,795008,19753
manipur,2024,1,pincode,795148,18969
manipur,2024,1,pincode,795149,18627
manipur,2024,1,pincode,795010,18566
manipur,2024,2,district,imphal west,185769
manipur,2024,2,district,imphal east,120912
manipur,2024,2,district,thoubal,57078
manipur,2024,2,district,bishnupur,54415
manipur,2024,2,district,churachandpur,47436
manipur,2024,2,district,kangpokpi,38209
manipur,2024,2,district,kakching,25649
manipur,2024,2,district,ukhrul,18768
manipur,2024,2,district,tamenglong,16084
manipur,2024,2,district,chandel,13030
manipur,2024,2,pincode,795004,86604
manipur,2024,2,pincode,795001,35667
manipur,2024,2,pincode,795138,27910
manipur,2024,2,pincode,795133,27452
manipur,2024,2,pincode,795103,23909
manipur,2024,2,pincode,795002,20741
manipur,2024,2,pincode,795008,20612
manipur,2024,2,pincode,795148,19835
manipur,2024,2,pincode,795149,19481
manipur,2024,2,pincode,795010,19409
manipur,2024,3,district,imphal west,174302
manipur,2024,3,district,imphal east,112126
manipur,2024,3,district,thoubal,87277
manipur,2024,3,district,bishnupur,49525
manipur,2024,3,district,churachandpur,43180
manipur,2024,3,district,kakching,24117
manipur,2024,3,district,kangpokpi,21271
manipur,2024,3,district,senapati,17327
manipur,2024,3,district,ukhrul,16121
manipur,2024,3,district,jiribam,12317
manipur,2024,3,pincode,795004,61043
manipur,2024,3,pincode,795001,41121
manipur,2024,3,pincode,795128,40621
manipur,2024,3,pincode,795138,32039
manipur,2024,3,pincode,795148,28151
manipur,2024,3,pincode,795002,27953
manipur,2024,3,pincode,795008,25460
manipur,2024,3,pincode,795010,24653
manipur,2024,3,pincode,795133,24592
manipur,2024,3,pincode,795130,20846
manipur,2024,4,district,imphal west,179836
manipur,2024,4,district,imphal east,115999
manipur,2024,4,district,thoubal,90697
manipur,2024,4,district,bishnupur,51418
manipur,2024,4,district,churachandpur,44624
manipur,2024,4,district,kakching,25022
manipur,2024,4,district,kangpokpi,21913
manipur,2024,4,district,senapati,18032
manipur,2024,4,district,ukhrul,16706
manipur,2024,4,district,jiribam,12779
manipur,2024,4,pincode,795004,62870
manipur,2024,4,pincode,795001,42355
manipur,2024,4,pincode,795128,41998
manipur,2024,4,pincode,795138,33154
manipur,2024,4,pincode,795148,29377
manipur,2024,4,pincode,795002,28573
manipur,2024,4,pincode,795008,26342
manipur,2024,4,pincode,795133,25538
manipur,2024,4,pincode,795010,25507
manipur,2024,4,pincode,795130,21627
manipur,2023,1,district,imphal west,151777
manipur,2023,1,district,imphal east,98499
manipur,2023,1,district,thoubal,46248
manipur,2023,1,district,bishnupur,44031
manipur,2023,1,district,churachandpur,38361
manipur,2023,1,district,kangpokpi,30917
manipur,2023,1,district,kakching,20700
manipur,2023,1,district,ukhrul,15024
manipur,2023,1,district,tamenglong,12843
manipur,2023,1,district,chandel,10406
manipur,2023,1,pincode,795004,71219
manipur,2023,1,pincode,795001,29381
manipur,2023,1,pincode,795138,22719
manipur,2023,1,pincode,795133,22153
manipur,2023,1,pincode,795103,19287
manipur,2023,1,pincode,795002,16940
manipur,2023,1,pincode,795008,16826
manipur,2023,1,pincode,795148,16007
manipur,2023,1,pincode,795149,15692
manipur,2023,1,pincode,795010,15662
manipur,2023,2,district,imphal west,157911
manipur,2023,2,district,imphal east,102530
manipur,2023,2,district,thoubal,48169
manipur,2023,2,district,bishnupur,46010
manipur,2023,2,district,churachandpur,40043
manipur,2023,2,district,kangpokpi,32306
manipur,2023,2,district,kakching,21613
manipur,2023,2,district,ukhrul,15758
manipur,2023,2,district,tamenglong,13463
manipur,2023,2,district,chandel,10941
manipur,2023,2,pincode,795004,73902
manipur,2023,2,pincode,795001,30512
manipur,2023,2,pincode,795138,23606
manipur,2023,2,pincode,795133,23177
manipur,2023,2,pincode,795103,20138
manipur,2023,2,pincode,795002,17664
manipur,2023,2,pincode,795008,17497
manipur,2023,2,pincode,795148,16688
manipur,2023,2,pincode,795010,16376
manipur,2023,2,pincode,795149,16351
manipur,2023,3,district,imphal west,164350
manipur,2023,3,district,imphal east,106699
manipur,2023,3,district,thoubal,50179
manipur,2023,3,district,bishnupur,47895
manipur,2023,3,district,churachandpur,41799
manipur,2023,3,district,kangpokpi,33690
manipur,2023,3,district,kakching,22516
manipur,2023,3,district,ukhrul,16460
manipur,2023,3,district,tamenglong,14077
manipur,2023,3,district,chandel,11414
manipur,2023,3,pincode,795004,76833
manipur,2023,3,pincode,795001,31726
manipur,2023,3,pincode,795138,24595
manipur,2023,3,pincode,795133,24154
manipur,2023,3,pincode,795103,20981
manipur,2023,3,pincode,795002,18360
manipur,2023,3,pincode,795008,18221
manipur,2023,3,pincode,795148,17393
manipur,2023,3,pincode,795010,17035
manipur,2023,3,pincode,795149,17026
manipur,2023,4,district,imphal west,171021
manipur,2023,4,district,imphal east,111164
manipur,2023,4,district,thoubal,52303
manipur,2023,4,district,bishnupur,49929
manipur,2023,4,district,churachandpur,43539
manipur,2023,4,district,kangpokpi,35090
manipur,2023,4,district,kakching,23493
manipur,2023,4,district,ukhrul,17147
manipur,2023,4,district,tamenglong,14662
manipur,2023,4,district,chandel,11910
manipur,2023,4,pincode,795004,79881
manipur,2023,4,pincode,795001,32940
manipur,2023,4,pincode,795138,25609
manipur,2023,4,pincode,795133,25175
manipur,2023,4,pincode,795103,21890
manipur,2023,4,pincode,795002,19117
manipur,2023,4,pincode,795008,18981
manipur,2023,4,pincode,795148,18131
manipur,2023,4,pincode,795149,17803
manipur,2023,4,pincode,795010,17784
manipur,2019,1,district,imphal west,33668
manipur,2019,1,district,imphal east,21136
manipur,2019,1,district,thoubal,9529
manipur,2019,1,district,bishnupur,8537
manipur,2019,1,district,churachandpur,6138
manipur,2019,1,district,kangpokpi,5212
manipur,2019,1,district,kakching,3850
manipur,2019,1,district,ukhrul,2368
manipur,2019,1,district,tamenglong,2148
manipur,2019,1,district,jiribam,1759
manipur,2019,1,pincode,795004,16916
manipur,2019,1,pincode,795001,6562
manipur,2019,1,pincode,795138,4947
manipur,2019,1,pincode,795133,4247
manipur,2019,1,pincode,795002,3738
manipur,2019,1,pincode,795103,3612
manipur,2019,1,pincode,795008,3437
manipur,2019,1,pincode,795148,3259
manipur,2019,1,pincode,795149,3182
manipur,2019,1,pincode,795010,3025
manipur,2019,2,district,imphal west,39303
manipur,2019,2,district,imphal east,24652
manipur,2019,2,district,thoubal,10915
manipur,2019,2,district,bishnupur,10014
manipur,2019,2,district,churachandpur,7662
manipur,2019,2,district,kangpokpi,6407
manipur,2019,2,district,kakching,4599
manipur,2019,2,district,ukhrul,2981
manipur,2019,2,district,tamenglong,2628
manipur,2019,2,district,chandel,2175
manipur,2019,2,pincode,795004,19706
manipur,2019,2,pincode,795001,7662
manipur,2019,2,pincode,795138,5616
manipur,2019,2,pincode,795133,4966
manipur,2019,2,pincode,795002,4424
manipur,2019,2,pincode,795103,4265
manipur,2019,2,pincode,795008,3990
manipur,2019,2,pincode,795148,3777
manipur,2019,2,pincode,795149,3589
manipur,2019,2,pincode,795010,3558
manipur,2019,3,district,imphal west,45268
manipur,2019,3,district,imphal east,28331
manipur,2019,3,district,thoubal,12427
manipur,2019,3,district,bishnupur,11647
manipur,2019,3,district,churachandpur,9071
manipur,2019,3,district,kangpokpi,7621
manipur,2019,3,district,kakching,5355
manipur,2019,3,district,ukhrul,3488
manipur,2019,3,district,tamenglong,3085
manipur,2019,3,district,chandel,2581
manipur,2019,3,pincode,795004,22710
manipur,2019,3,pincode,795001,8963
manipur,2019,3,pincode,795138,6388
manipur,2019,3,pincode,795133,5752
manipur,2019,3,pincode,795002,5070
manipur,2019,3,pincode,795103,5001
manipur,2019,3,pincode,795008,4684
manipur,2019,3,pincode,795148,4254
manipur,2019,3,pincode,795010,4102
manipur,2019,3,pincode,795149,3974
manipur,2019,4,district,imphal west,51063
manipur,2019,4,district,imphal east,31935
manipur,2019,4,district,thoubal,14194
manipur,2019,4,district,bishnupur,13387
manipur,2019,4,district,churachandpur,10431
manipur,2019,4,district,kangpokpi,8850
manipur,2019,4,district,kakching,6126
manipur,2019,4,district,ukhrul,4091
manipur,2019,4,district,tamenglong,3651
manipur,2019,4,district,chandel,3029
manipur,2019,4,pincode,795004,25471
manipur,2019,4,pincode,795001,10002
manipur,2019,4,pincode,795138,7206
manipur,2019,4,pincode,795133,6672
manipur,2019,4,pincode,795103,5745
manipur,2019,4,pincode,795002,5696
manipur,2019,4,pincode,795008,5365
manipur,2019,4,pincode,795148,4925
manipur,2019,4,pincode,795010,4709
manipur,2019,4,pincode,795149,4512
manipur,2021,1,district,imphal west,96101
manipur,2021,1,district,imphal east,62004
manipur,2021,1,district,thoubal,29072
manipur,2021,1,district,bishnupur,27615
manipur,2021,1,district,churachandpur,23827
manipur,2021,1,district,kangpokpi,19239
manipur,2021,1,district,kakching,12888
manipur,2021,1,district,ukhrul,9372
manipur,2021,1,district,tamenglong,7960
manipur,2021,1,district,chandel,6467
manipur,2021,1,pincode,795004,45367
manipur,2021,1,pincode,795001,18706
manipur,2021,1,pincode,795138,14339
manipur,2021,1,pincode,795133,13896
manipur,2021,1,pincode,795103,12018
manipur,2021,1,pincode,795008,10659
manipur,2021,1,pincode,795002,10577
manipur,2021,1,pincode,795148,10038
manipur,2021,1,pincode,795010,9835
manipur,2021,1,pincode,795149,9752
manipur,2021,2,district,imphal west,102833
manipur,2021,2,district,imphal east,66388
manipur,2021,2,district,thoubal,31139
manipur,2021,2,district,bishnupur,29671
manipur,2021,2,district,churachandpur,25573
manipur,2021,2,district,kangpokpi,20703
manipur,2021,2,district,kakching,13816
manipur,2021,2,district,ukhrul,10142
manipur,2021,2,district,tamenglong,8580
manipur,2021,2,district,chandel,6980
manipur,2021,2,pincode,795004,48527
manipur,2021,2,pincode,795001,19987
manipur,2021,2,pincode,795138,15383
manipur,2021,2,pincode,795133,14912
manipur,2021,2,pincode,795103,12882
manipur,2021,2,pincode,795008,11401
manipur,2021,2,pincode,795002,11348
manipur,2021,2,pincode,795148,10740
manipur,2021,2,pincode,795010,10542
manipur,2021,2,pincode,795149,10473
manipur,2021,3,district,imphal west,110506
manipur,2021,3,district,imphal east,71436
manipur,2021,3,district,thoubal,33478
manipur,2021,3,district,bishnupur,31996
manipur,2021,3,district,churachandpur,27600
manipur,2021,3,district,kangpokpi,22416
manipur,2021,3,district,kakching,14924
manipur,2021,3,district,ukhrul,11045
manipur,2021,3,district,tamenglong,9326
manipur,2021,3,district,chandel,7597
manipur,2021,3,pincode,795004,52013
manipur,2021,3,pincode,795001,21440
manipur,2021,3,pincode,795138,16512
manipur,2021,3,pincode,795133,16112
manipur,2021,3,pincode,795103,13914
manipur,2021,3,pincode,795008,12242
manipur,2021,3,pincode,795002,12236
manipur,2021,3,pincode,795148,11534
manipur,2021,3,pincode,795010,11378
manipur,2021,3,pincode,795149,11323
manipur,2021,4,district,imphal west,118056
manipur,2021,4,district,imphal east,76421
manipur,2021,4,district,thoubal,35832
manipur,2021,4,district,bishnupur,34316
manipur,2021,4,district,churachandpur,29651
manipur,2021,4,district,kangpokpi,24082
manipur,2021,4,district,kakching,15985
manipur,2021,4,district,ukhrul,11949
manipur,2021,4,district,tamenglong,10063
manipur,2021,4,district,chandel,8184
manipur,2021,4,pincode,795004,55504
manipur,2021,4,pincode,795001,22870
manipur,2021,4,pincode,795138,17655
manipur,2021,4,pincode,795133,17290
manipur,2021,4,pincode,795103,14898
manipur,2021,4,pincode,795002,13103
manipur,2021,4,pincode,795008,13084
manipur,2021,4,pincode,795148,12351
manipur,2021,4,pincode,795010,12210
manipur,2021,4,pincode,795149,12180
manipur,2020,1,district,imphal west,57485
manipur,2020,1,district,imphal east,36105
manipur,2020,1,district,thoubal,16244
manipur,2020,1,district,bishnupur,15333
manipur,2020,1,district,churachandpur,12420
manipur,2020,1,district,kangpokpi,10241
manipur,2020,1,district,kakching,7075
manipur,2020,1,district,ukhrul,4892
manipur,2020,1,district,tamenglong,4169
manipur,2020,1,district,chandel,3471
manipur,2020,1,pincode,795004,28400
manipur,2020,1,pincode,795001,11267
manipur,2020,1,pincode,795138,8206
manipur,2020,1,pincode,795133,7649
manipur,2020,1,pincode,795103,6635
manipur,2020,1,pincode,795002,6376
manipur,2020,1,pincode,795008,6066
manipur,2020,1,pincode,795148,5614
manipur,2020,1,pincode,795010,5397
manipur,2020,1,pincode,795149,5197
manipur,2020,2,district,imphal west,67897
manipur,2020,2,district,imphal east,43144
manipur,2020,2,district,thoubal,20186
manipur,2020,2,district,bishnupur,19027
manipur,2020,2,district,churachandpur,15469
manipur,2020,2,district,kangpokpi,12965
manipur,2020,2,district,kakching,9028
manipur,2020,2,district,ukhrul,6223
manipur,2020,2,district,tamenglong,5158
manipur,2020,2,district,chandel,4278
manipur,2020,2,pincode,795004,32442
manipur,2020,2,pincode,795001,13115
manipur,2020,2,pincode,795138,10076
manipur,2020,2,pincode,795133,9675
manipur,2020,2,pincode,795103,8426
manipur,2020,2,pincode,795002,7522
manipur,2020,2,pincode,795008,7283
manipur,2020,2,pincode,795148,6862
manipur,2020,2,pincode,795149,6744
manipur,2020,2,pincode,795010,6572
manipur,2020,3,district,imphal west,79723
manipur,2020,3,district,imphal east,51383
manipur,2020,3,district,thoubal,24183
manipur,2020,3,district,bishnupur,22965
manipur,2020,3,district,churachandpur,19501
manipur,2020,3,district,kangpokpi,15966
manipur,2020,3,district,kakching,10752
manipur,2020,3,district,ukhrul,7657
manipur,2020,3,district,tamenglong,6475
manipur,2020,3,district,chandel,5252
manipur,2020,3,pincode,795004,37728
manipur,2020,3,pincode,795001,15470
manipur,2020,3,pincode,795138,12056
manipur,2020,3,pincode,795133,11530
manipur,2020,3,pincode,795103,10017
manipur,2020,3,pincode,795002,8812
manipur,2020,3,pincode,795008,8766
manipur,2020,3,pincode,795148,8207
manipur,2020,3,pincode,795149,8206
manipur,2020,3,pincode,795010,8105
manipur,2020,4,district,imphal west,88777
manipur,2020,4,district,imphal east,57282
manipur,2020,4,district,thoubal,26858
manipur,2020,4,district,bishnupur,25629
manipur,2020,4,district,churachandpur,21960
manipur,2020,4,district,kangpokpi,17814
manipur,2020,4,district,kakching,11913
manipur,2020,4,district,ukhrul,8651
manipur,2020,4,district,tamenglong,7322
manipur,2020,4,district,chandel,5987
manipur,2020,4,pincode,795004,41917
manipur,2020,4,pincode,795001,17273
manipur,2020,4,pincode,795138,13264
manipur,2020,4,pincode,795133,12893
manipur,2020,4,pincode,795103,11106
manipur,2020,4,pincode,795008,9845
manipur,2020,4,pincode,795002,9803
manipur,2020,4,pincode,795148,9237
manipur,2020,4,pincode,795149,9058
manipur,2020,4,pincode,795010,9055
manipur,2018,1,district,imphal west,11304
manipur,2018,1,district,imphal east,6759
manipur,2018,1,district,thoubal,2764
manipur,2018,1,district,bishnupur,2371
manipur,2018,1,district,churachandpur,1524
manipur,2018,1,district,kangpokpi,1439
manipur,2018,1,district,kakching,915
manipur,2018,1,district,ukhrul,602
manipur,2018,1,district,tamenglong,550
manipur,2018,1,district,jiribam,460
manipur,2018,1,pincode,795004,5825
manipur,2018,1,pincode,795001,2063
manipur,2018,1,pincode,795138,1608
manipur,2018,1,pincode,795008,1230
manipur,2018,1,pincode,795133,1211
manipur,2018,1,pincode,795002,1189
manipur,2018,1,pincode,795130,1034
manipur,2018,1,pincode,795149,1034
manipur,2018,1,pincode,795009,970
manipur,2018,1,pincode,795010,948
manipur,2018,2,district,imphal west,16541
manipur,2018,2,district,imphal east,10390
manipur,2018,2,district,thoubal,4771
manipur,2018,2,district,bishnupur,3751
manipur,2018,2,district,churachandpur,2362
manipur,2018,2,district,kangpokpi,2183
manipur,2018,2,district,kakching,1571
manipur,2018,2,district,ukhrul,905
manipur,2018,2,district,tamenglong,824
manipur,2018,2,district,jiribam,732
manipur,2018,2,pincode,795004,8370
manipur,2018,2,pincode,795001,3001
manipur,2018,2,pincode,795138,2602
manipur,2018,2,pincode,795133,1893
manipur,2018,2,pincode,795130,1795
manipur,2018,2,pincode,795149,1775
manipur,2018,2,pincode,795008,1773
manipur,2018,2,pincode,795002,1728
manipur,2018,2,pincode,795148,1539
manipur,2018,2,pincode,795103,1516
manipur,2018,3,district,imphal west,21696
manipur,2018,3,district,imphal east,13541
manipur,2018,3,district,thoubal,6112
manipur,2018,3,district,bishnupur,5106
manipur,2018,3,district,churachandpur,3420
manipur,2018,3,district,kangpokpi,3073
manipur,2018,3,district,kakching,2326
manipur,2018,3,district,ukhrul,1346
manipur,2018,3,district,tamenglong,1268
manipur,2018,3,district,jiribam,1086
manipur,2018,3,pincode,795004,10911
manipur,2018,3,pincode,795001,4101
manipur,2018,3,pincode,795138,3219
manipur,2018,3,pincode,795133,2534
manipur,2018,3,pincode,795002,2316
manipur,2018,3,pincode,795008,2279
manipur,2018,3,pincode,795103,2219
manipur,2018,3,pincode,795130,2128
manipur,2018,3,pincode,795149,2114
manipur,2018,3,pincode,795148,2056
manipur,2018,4,district,imphal west,28383
manipur,2018,4,district,imphal east,17777
manipur,2018,4,district,thoubal,8027
manipur,2018,4,district,bishnupur,7049
manipur,2018,4,district,churachandpur,4951
manipur,2018,4,district,kangpokpi,4249
manipur,2018,4,district,kakching,3153
manipur,2018,4,district,ukhrul,1842
manipur,2018,4,district,tamenglong,1712
manipur,2018,4,district,jiribam,1393
manipur,2018,4,pincode,795004,14342
manipur,2018,4,pincode,795001,5526
manipur,2018,4,pincode,795138,4221
manipur,2018,4,pincode,795133,3508
manipur,2018,4,pincode,795002,3077
manipur,2018,4,pincode,795103,2985
manipur,2018,4,pincode,795008,2877
manipur,2018,4,pincode,795148,2734
manipur,2018,4,pincode,795149,2679
manipur,2018,4,pincode,795010,2549
haryana,2022,1,district,gurugram,2929873
haryana,2022,1,district,faridabad,1654074
haryana,2022,1,district,hisar,689980
haryana,2022,1,district,sonipat,626016
haryana,2022,1,district,rewari,595001
haryana,2022,1,district,panipat,556104
haryana,2022,1,district,karnal,527415
haryana,2022,1,district,jhajjar,445888
haryana,2022,1,district,palwal,441872
haryana,2022,1,district,rohtak,432623
haryana,2022,1,pincode,122001,465984
haryana,2022,1,pincode,121004,400283
haryana,2022,1,pincode,121003,321859
haryana,2022,1,pincode,121001,308144
haryana,2022,1,pincode,122006,255061
haryana,2022,1,pincode,122002,242575
haryana,2022,1,pincode,121102,239809
haryana,2022,1,pincode,124001,225735
haryana,2022,1,pincode,123401,225100
haryana,2022,1,pincode,122004,212387
haryana,2022,2,district,gurugram,3088176
haryana,2022,2,district,faridabad,1743764
haryana,2022,2,district,hisar,727942
haryana,2022,2,district,sonipat,661278
haryana,2022,2,district,rewari,628614
haryana,2022,2,district,panipat,587006
haryana,2022,2,district,karnal,555939
haryana,2022,2,district,jhajjar,471357
haryana,2022,2,district,palwal,466861
haryana,2022,2,district,rohtak,456537
haryana,2022,2,pincode,122001,490709
haryana,2022,2,pincode,121004,422488
haryana,2022,2,pincode,121003,339295
haryana,2022,2,pincode,121001,324650
haryana,2022,2,pincode,122006,268387
haryana,2022,2,pincode,122002,255084
haryana,2022,2,pincode,121102,253094
haryana,2022,2,pincode,124001,237736
haryana,2022,2,pincode,123401,237454
haryana,2022,2,pincode,122004,224546
haryana,2022,3,district,gurugram,3251792
haryana,2022,3,district,faridabad,1837594
haryana,2022,3,district,hisar,766206
haryana,2022,3,district,sonipat,697349
haryana,2022,3,district,rewari,663418
haryana,2022,3,district,panipat,618937
haryana,2022,3,district,karnal,584928
haryana,2022,3,district,jhajjar,497580
haryana,2022,3,district,palwal,492837
haryana,2022,3,district,rohtak,481082
haryana,2022,3,pincode,122001,516313
haryana,2022,3,pincode,121004,445822
haryana,2022,3,pincode,121003,357581
haryana,2022,3,pincode,121001,341866
haryana,2022,3,pincode,122006,282229
haryana,2022,3,pincode,122002,267850
haryana,2022,3,pincode,121102,266955
haryana,2022,3,pincode,123401,250221
haryana,2022,3,pincode,124001,250178
haryana,2022,3,pincode,122004,237160
haryana,2022,4,district,gurugram,3416098
haryana,2022,4,district,faridabad,1930743
haryana,2022,4,district,hisar,801156
haryana,2022,4,district,sonipat,731324
haryana,2022,4,district,rewari,696113
haryana,2022,4,district,panipat,649292
haryana,2022,4,district,karnal,611868
haryana,2022,4,district,jhajjar,521692
haryana,2022,4,district,palwal,516553
haryana,2022,4,district,rohtak,504058
haryana,2022,4,pincode,122001,542209
haryana,2022,4,pincode,121004,468607
haryana,2022,4,pincode,121003,376201
haryana,2022,4,pincode,121001,358891
haryana,2022,4,pincode,122006,296184
haryana,2022,4,pincode,122002,280688
haryana,2022,4,pincode,121102,279801
haryana,2022,4,pincode,124001,262578
haryana,2022,4,pincode,123401,262455
haryana,2022,4,pincode,122004,249924
haryana,2024,1,district,gurugram,4134124
haryana,2024,1,district,faridabad,2342026
haryana,2024,1,district,hisar,981843
haryana,2024,1,district,sonipat,892110
haryana,2024,1,district,rewari,850468
haryana,2024,1,district,panipat,791258
haryana,2024,1,district,karnal,741880
haryana,2024,1,district,jhajjar,638613
haryana,2024,1,district,palwal,630556
haryana,2024,1,district,rohtak,612619
haryana,2024,1,pincode,122001,654633
haryana,2024,1,pincode,121004,570844
haryana,2024,1,pincode,121003,457561
haryana,2024,1,pincode,121001,433362
haryana,2024,1,pincode,122006,356317
haryana,2024,1,pincode,121102,340148
haryana,2024,1,pincode,122002,336248
haryana,2024,1,pincode,123401,318828
haryana,2024,1,pincode,124001,316660
haryana,2024,1,pincode,122004,305448
haryana,2024,2,district,gurugram,4289099
haryana,2024,2,district,faridabad,2432061
haryana,2024,2,district,hisar,1017200
haryana,2024,2,district,sonipat,925604
haryana,2024,2,district,rewari,882152
haryana,2024,2,district,panipat,820766
haryana,2024,2,district,karnal,769577
haryana,2024,2,district,jhajjar,662778
haryana,2024,2,district,palwal,654617
haryana,2024,2,district,rohtak,635272
haryana,2024,2,pincode,122001,679107
haryana,2024,2,pincode,121004,593014
haryana,2024,2,pincode,121003,475384
haryana,2024,2,pincode,121001,449875
haryana,2024,2,pincode,122006,369482
haryana,2024,2,pincode,121102,353060
haryana,2024,2,pincode,122002,348511
haryana,2024,2,pincode,123401,330274
haryana,2024,2,pincode,124001,328089
haryana,2024,2,pincode,122004,317417
haryana,2024,3,district,gurugram,4264705
haryana,2024,3,district,faridabad,2263356
haryana,2024,3,district,sonipat,1056983
haryana,2024,3,district,hisar,926328
haryana,2024,3,district,panipat,885898
haryana,2024,3,district,rewari,817240
haryana,2024,3,district,karnal,740449
haryana,2024,3,district,jhajjar,726930
haryana,2024,3,district,nuh,657942
haryana,2024,3,district,palwal,643422
haryana,2024,3,pincode,121004,646607
haryana,2024,3,pincode,122001,574508
haryana,2024,3,pincode,132103,474310
haryana,2024,3,pincode,122002,407674
haryana,2024,3,pincode,121001,389655
haryana,2024,3,pincode,122006,380881
haryana,2024,3,pincode,121102,357453
haryana,2024,3,pincode,124001,334784
haryana,2024,3,pincode,124507,315922
haryana,2024,3,pincode,123401,315215
haryana,2024,4,district,gurugram,4394202
haryana,2024,4,district,faridabad,2323097
haryana,2024,4,district,sonipat,1085801
haryana,2024,4,district,hisar,952421
haryana,2024,4,district,panipat,910441
haryana,2024,4,district,rewari,838890
haryana,2024,4,district,karnal,763389
haryana,2024,4,district,jhajjar,746192
haryana,2024,4,district,nuh,675794
haryana,2024,4,district,palwal,661233
haryana,2024,4,pincode,121004,663180
haryana,2024,4,pincode,122001,592048
haryana,2024,4,pincode,132103,487186
haryana,2024,4,pincode,122002,421511
haryana,2024,4,pincode,121001,400549
haryana,2024,4,pincode,122006,389674
haryana,2024,4,pincode,121102,368037
haryana,2024,4,pincode,124001,344353
haryana,2024,4,pincode,123401,323889
haryana,2024,4,pincode,124507,323425
haryana,2023,1,district,gurugram,3572322
haryana,2023,1,district,faridabad,2018956
haryana,2023,1,district,hisar,846309
haryana,2023,1,district,sonipat,764865
haryana,2023,1,district,rewari,728428
haryana,2023,1,district,panipat,679052
haryana,2023,1,district,karnal,638547
haryana,2023,1,district,jhajjar,545862
haryana,2023,1,district,palwal,540064
haryana,2023,1,district,rohtak,527046
haryana,2023,1,pincode,122001,566889
haryana,2023,1,pincode,121004,490243
haryana,2023,1,pincode,121003,393759
haryana,2023,1,pincode,121001,374984
haryana,2023,1,pincode,122006,309366
haryana,2023,1,pincode,122002,292936
haryana,2023,1,pincode,121102,292301
haryana,2023,1,pincode,123401,274345
haryana,2023,1,pincode,124001,274341
haryana,2023,1,pincode,122004,262041
haryana,2023,2,district,gurugram,3707352
haryana,2023,2,district,faridabad,2097648
haryana,2023,2,district,hisar,879031
haryana,2023,2,district,sonipat,796213
haryana,2023,2,district,rewari,757958
haryana,2023,2,district,panipat,706703
haryana,2023,2,district,karnal,664313
haryana,2023,2,district,jhajjar,568479
haryana,2023,2,district,palwal,562608
haryana,2023,2,district,rohtak,547825
haryana,2023,2,pincode,122001,587988
haryana,2023,2,pincode,121004,509776
haryana,2023,2,pincode,121003,409084
haryana,2023,2,pincode,121001,389395
haryana,2023,2,pincode,122006,320750
haryana,2023,2,pincode,121102,304262
haryana,2023,2,pincode,122002,303350
haryana,2023,2,pincode,123401,285072
haryana,2023,2,pincode,124001,284505
haryana,2023,2,pincode,122004,272545
haryana,2023,3,district,gurugram,3846607
haryana,2023,3,district,faridabad,2177737
haryana,2023,3,district,hisar,913340
haryana,2023,3,district,sonipat,828230
haryana,2023,3,district,rewari,788131
haryana,2023,3,district,panipat,735266
haryana,2023,3,district,karnal,690422
haryana,2023,3,district,jhajjar,591881
haryana,2023,3,district,palwal,585232
haryana,2023,3,district,rohtak,570001
haryana,2023,3,pincode,122001,609934
haryana,2023,3,pincode,121004,529674
haryana,2023,3,pincode,121003,424936
haryana,2023,3,pincode,121001,404005
haryana,2023,3,pincode,122006,332314
haryana,2023,3,pincode,121102,316110
haryana,2023,3,pincode,122002,314298
haryana,2023,3,pincode,123401,296212
haryana,2023,3,pincode,124001,295520
haryana,2023,3,pincode,122004,283114
haryana,2023,4,district,gurugram,3980597
haryana,2023,4,district,faridabad,2254787
haryana,2023,4,district,hisar,945044
haryana,2023,4,district,sonipat,857752
haryana,2023,4,district,rewari,817197
haryana,2023,4,district,panipat,761069
haryana,2023,4,district,karnal,714314
haryana,2023,4,district,jhajjar,613796
haryana,2023,4,district,palwal,606281
haryana,2023,4,district,rohtak,589438
haryana,2023,4,pincode,122001,630836
haryana,2023,4,pincode,121004,549020
haryana,2023,4,pincode,121003,440208
haryana,2023,4,pincode,121001,417622
haryana,2023,4,pincode,122006,343512
haryana,2023,4,pincode,121102,327330
haryana,2023,4,pincode,122002,324376
haryana,2023,4,pincode,123401,306718
haryana,2023,4,pincode,124001,305169
haryana,2023,4,pincode,122004,293464
haryana,2019,1,district,gurugram,1159832
haryana,2019,1,district,faridabad,634024
haryana,2019,1,district,hisar,245236
haryana,2019,1,district,rewari,207051
haryana,2019,1,district,sonipat,199593
haryana,2019,1,district,panipat,181548
haryana,2019,1,district,karnal,177042
haryana,2019,1,district,rohtak,147392
haryana,2019,1,district,sirsa,146936
haryana,2019,1,district,palwal,141953
haryana,2019,1,pincode,122001,194366
haryana,2019,1,pincode,121004,144318
haryana,2019,1,pincode,121003,125626
haryana,2019,1,pincode,121001,122040
haryana,2019,1,pincode,122002,102287
haryana,2019,1,pincode,122006,101815
haryana,2019,1,pincode,124001,83228
haryana,2019,1,pincode,122051,81253
haryana,2019,1,pincode,121102,80409
haryana,2019,1,pincode,123401,80255
haryana,2019,2,district,gurugram,1307319
haryana,2019,2,district,faridabad,716593
haryana,2019,2,district,hisar,277720
haryana,2019,2,district,rewari,238349
haryana,2019,2,district,sonipat,230883
haryana,2019,2,district,panipat,208172
haryana,2019,2,district,karnal,204255
haryana,2019,2,district,rohtak,169372
haryana,2019,2,district,palwal,165665
haryana,2019,2,district,sirsa,163468
haryana,2019,2,pincode,122001,217913
haryana,2019,2,pincode,121004,164350
haryana,2019,2,pincode,121003,141046
haryana,2019,2,pincode,121001,138083
haryana,2019,2,pincode,122002,115060
haryana,2019,2,pincode,122006,114395
haryana,2019,2,pincode,124001,94885
haryana,2019,2,pincode,121102,93648
haryana,2019,2,pincode,123401,92297
haryana,2019,2,pincode,122051,90453
haryana,2019,3,district,gurugram,1447473
haryana,2019,3,district,faridabad,792884
haryana,2019,3,district,hisar,308179
haryana,2019,3,district,rewari,266893
haryana,2019,3,district,sonipat,261554
haryana,2019,3,district,panipat,235346
haryana,2019,3,district,karnal,230603
haryana,2019,3,district,rohtak,190137
haryana,2019,3,district,palwal,188217
haryana,2019,3,district,jhajjar,185095
haryana,2019,3,pincode,122001,239679
haryana,2019,3,pincode,121004,182786
haryana,2019,3,pincode,121003,155581
haryana,2019,3,pincode,121001,152399
haryana,2019,3,pincode,122002,126886
haryana,2019,3,pincode,122006,126740
haryana,2019,3,pincode,121102,106171
haryana,2019,3,pincode,124001,105974
haryana,2019,3,pincode,123401,103749
haryana,2019,3,pincode,122004,99827
haryana,2019,4,district,gurugram,1574240
haryana,2019,4,district,faridabad,862595
haryana,2019,4,district,hisar,339753
haryana,2019,4,district,rewari,294161
haryana,2019,4,district,sonipat,291479
haryana,2019,4,district,panipat,262435
haryana,2019,4,district,karnal,255280
haryana,2019,4,district,rohtak,209750
haryana,2019,4,district,palwal,209434
haryana,2019,4,district,jhajjar,206377
haryana,2019,4,pincode,122001,258880
haryana,2019,4,pincode,121004,201072
haryana,2019,4,pincode,121003,169105
haryana,2019,4,pincode,121001,164555
haryana,2019,4,pincode,122006,137295
haryana,2019,4,pincode,122002,136781
haryana,2019,4,pincode,121102,117172
haryana,2019,4,pincode,124001,115727
haryana,2019,4,pincode,123401,113575
haryana,2019,4,pincode,122004,109845
haryana,2021,1,district,gurugram,2262589
haryana,2021,1,district,faridabad,1272506
haryana,2021,1,district,hisar,526528
haryana,2021,1,district,sonipat,475192
haryana,2021,1,district,rewari,453500
haryana,2021,1,district,panipat,423131
haryana,2021,1,district,karnal,402850
haryana,2021,1,district,jhajjar,337303
haryana,2021,1,district,palwal,335048
haryana,2021,1,district,rohtak,329147
haryana,2021,1,pincode,122001,361360
haryana,2021,1,pincode,121004,306230
haryana,2021,1,pincode,121003,247955
haryana,2021,1,pincode,121001,237542
haryana,2021,1,pincode,122006,198022
haryana,2021,1,pincode,122002,189395
haryana,2021,1,pincode,121102,182342
haryana,2021,1,pincode,124001,173733
haryana,2021,1,pincode,123401,172665
haryana,2021,1,pincode,122004,162301
haryana,2021,2,district,gurugram,2416391
haryana,2021,2,district,faridabad,1360855
haryana,2021,2,district,hisar,564047
haryana,2021,2,district,sonipat,510058
haryana,2021,2,district,rewari,485784
haryana,2021,2,district,panipat,454218
haryana,2021,2,district,karnal,432042
haryana,2021,2,district,jhajjar,362160
haryana,2021,2,district,palwal,359544
haryana,2021,2,district,rohtak,353305
haryana,2021,2,pincode,122001,385555
haryana,2021,2,pincode,121004,328000
haryana,2021,2,pincode,121003,264861
haryana,2021,2,pincode,121001,254045
haryana,2021,2,pincode,122006,211281
haryana,2021,2,pincode,122002,201795
haryana,2021,2,pincode,121102,195621
haryana,2021,2,pincode,124001,186059
haryana,2021,2,pincode,123401,184718
haryana,2021,2,pincode,122004,173740
haryana,2021,3,district,gurugram,2589324
haryana,2021,3,district,faridabad,1459758
haryana,2021,3,district,hisar,606513
haryana,2021,3,district,sonipat,549613
haryana,2021,3,district,rewari,522734
haryana,2021,3,district,panipat,489226
haryana,2021,3,district,karnal,464990
haryana,2021,3,district,jhajjar,390612
haryana,2021,3,district,palwal,387557
haryana,2021,3,district,rohtak,380370
haryana,2021,3,pincode,122001,412737
haryana,2021,3,pincode,121004,352312
haryana,2021,3,pincode,121003,284042
haryana,2021,3,pincode,121001,272333
haryana,2021,3,pincode,122006,226097
haryana,2021,3,pincode,122002,215608
haryana,2021,3,pincode,121102,210637
haryana,2021,3,pincode,124001,199561
haryana,2021,3,pincode,123401,198439
haryana,2021,3,pincode,122004,186579
haryana,2021,4,district,gurugram,2764490
haryana,2021,4,district,faridabad,1559756
haryana,2021,4,district,hisar,648827
haryana,2021,4,district,sonipat,588700
haryana,2021,4,district,rewari,559494
haryana,2021,4,district,panipat,523678
haryana,2021,4,district,karnal,497166
haryana,2021,4,district,jhajjar,418950
haryana,2021,4,district,palwal,415495
haryana,2021,4,district,rohtak,407245
haryana,2021,4,pincode,122001,440178
haryana,2021,4,pincode,121004,376910
haryana,2021,4,pincode,121003,303566
haryana,2021,4,pincode,121001,290827
haryana,2021,4,pincode,122006,241050
haryana,2021,4,pincode,122002,229524
haryana,2021,4,pincode,121102,225645
haryana,2021,4,pincode,124001,213051
haryana,2021,4,pincode,123401,212046
haryana,2021,4,pincode,122004,199804
haryana,2020,1,district,gurugram,1700505
haryana,2020,1,district,faridabad,935992
haryana,2020,1,district,hisar,382469
haryana,2020,1,district,sonipat,325111
haryana,2020,1,district,rewari,323001
haryana,2020,1,district,panipat,293916
haryana,2020,1,district,karnal,283270
haryana,2020,1,district,palwal,233542
haryana,2020,1,district,rohtak,231317
haryana,2020,1,district,jhajjar,230059
haryana,2020,1,pincode,122001,277400
haryana,2020,1,pincode,121004,220431
haryana,2020,1,pincode,121003,183564
haryana,2020,1,pincode,121001,177159
haryana,2020,1,pincode,122006,147672
haryana,2020,1,pincode,122002,146453
haryana,2020,1,pincode,121102,129418
haryana,2020,1,pincode,124001,126121
haryana,2020,1,pincode,123401,124071
haryana,2020,1,pincode,122004,120068
haryana,2020,2,district,gurugram,1809777
haryana,2020,2,district,faridabad,1010271
haryana,2020,2,district,hisar,417164
haryana,2020,2,district,sonipat,362890
haryana,2020,2,district,rewari,354024
haryana,2020,2,district,panipat,324833
haryana,2020,2,district,karnal,313828
haryana,2020,2,district,palwal,259528
haryana,2020,2,district,jhajjar,256581
haryana,2020,2,district,rohtak,254647
haryana,2020,2,pincode,122001,293479
haryana,2020,2,pincode,121004,239658
haryana,2020,2,pincode,121003,198248
haryana,2020,2,pincode,121001,190142
haryana,2020,2,pincode,122006,157703
haryana,2020,2,pincode,122002,154797
haryana,2020,2,pincode,121102,142490
haryana,2020,2,pincode,124001,136592
haryana,2020,2,pincode,123401,135535
haryana,2020,2,pincode,122004,127957
haryana,2020,3,district,gurugram,1949331
haryana,2020,3,district,faridabad,1094570
haryana,2020,3,district,hisar,453910
haryana,2020,3,district,sonipat,402001
haryana,2020,3,district,rewari,388025
haryana,2020,3,district,panipat,357830
haryana,2020,3,district,karnal,344289
haryana,2020,3,district,palwal,285223
haryana,2020,3,district,jhajjar,284852
haryana,2020,3,district,rohtak,280325
haryana,2020,3,pincode,122001,314031
haryana,2020,3,pincode,121004,261230
haryana,2020,3,pincode,121003,214022
haryana,2020,3,pincode,121001,205343
haryana,2020,3,pincode,122006,170596
haryana,2020,3,pincode,122002,165039
haryana,2020,3,pincode,121102,155722
haryana,2020,3,pincode,124001,149067
haryana,2020,3,pincode,123401,148188
haryana,2020,3,pincode,122004,138271
haryana,2020,4,district,gurugram,2104240
haryana,2020,4,district,faridabad,1182635
haryana,2020,4,district,hisar,490971
haryana,2020,4,district,sonipat,441088
haryana,2020,4,district,rewari,421106
haryana,2020,4,district,panipat,391952
haryana,2020,4,district,karnal,374733
haryana,2020,4,district,jhajjar,313144
haryana,2020,4,district,palwal,310698
haryana,2020,4,district,rohtak,305922
haryana,2020,4,pincode,122001,336803
haryana,2020,4,pincode,121004,283882
haryana,2020,4,pincode,121003,230786
haryana,2020,4,pincode,121001,221002
haryana,2020,4,pincode,122006,184356
haryana,2020,4,pincode,122002,176881
haryana,2020,4,pincode,121102,169232
haryana,2020,4,pincode,124001,161912
haryana,2020,4,pincode,123401,160526
haryana,2020,4,pincode,122004,150225
haryana,2018,1,district,gurugram,474081
haryana,2018,1,district,faridabad,231504
haryana,2018,1,district,hisar,113872
haryana,2018,1,district,rewari,85350
haryana,2018,1,district,sonipat,79638
haryana,2018,1,district,panipat,74739
haryana,2018,1,district,karnal,73612
haryana,2018,1,district,sirsa,70800
haryana,2018,1,district,rohtak,62452
haryana,2018,1,district,bhiwani,57585
haryana,2018,1,pincode,122001,82656
haryana,2018,1,pincode,121004,52178
haryana,2018,1,pincode,121003,48088
haryana,2018,1,pincode,122002,42709
haryana,2018,1,pincode,122006,42454
haryana,2018,1,pincode,121001,42239
haryana,2018,1,pincode,124001,36966
haryana,2018,1,pincode,123401,34462
haryana,2018,1,pincode,122051,33437
haryana,2018,1,pincode,132001,31575
haryana,2018,2,district,gurugram,621718
haryana,2018,2,district,faridabad,306358
haryana,2018,2,district,hisar,147599
haryana,2018,2,district,rewari,113056
haryana,2018,2,district,sonipat,106837
haryana,2018,2,district,panipat,101243
haryana,2018,2,district,karnal,98276
haryana,2018,2,district,sirsa,91908
haryana,2018,2,district,rohtak,82822
haryana,2018,2,district,bhiwani,75485
haryana,2018,2,pincode,122001,107275
haryana,2018,2,pincode,121004,69412
haryana,2018,2,pincode,121003,63458
haryana,2018,2,pincode,121001,56154
haryana,2018,2,pincode,122002,55528
haryana,2018,2,pincode,122006,54489
haryana,2018,2,pincode,124001,48721
haryana,2018,2,pincode,123401,44946
haryana,2018,2,pincode,122051,44764
haryana,2018,2,pincode,132001,41673
haryana,2018,3,district,gurugram,767369
haryana,2018,3,district,faridabad,383316
haryana,2018,3,district,hisar,176380
haryana,2018,3,district,rewari,138368
haryana,2018,3,district,sonipat,132705
haryana,2018,3,district,panipat,124290
haryana,2018,3,district,karnal,121471
haryana,2018,3,district,sirsa,109165
haryana,2018,3,district,rohtak,101649
haryana,2018,3,district,ambala,92472
haryana,2018,3,pincode,122001,130847
haryana,2018,3,pincode,121004,86428
haryana,2018,3,pincode,121003,78699
haryana,2018,3,pincode,121001,71428
haryana,2018,3,pincode,122002,68873
haryana,2018,3,pincode,122006,67331
haryana,2018,3,pincode,124001,59016
haryana,2018,3,pincode,123401,54477
haryana,2018,3,pincode,122051,54363
haryana,2018,3,pincode,132001,50845
haryana,2018,4,district,gurugram,967781
haryana,2018,4,district,faridabad,521996
haryana,2018,4,district,hisar,210671
haryana,2018,4,district,rewari,172035
haryana,2018,4,district,sonipat,165599
haryana,2018,4,district,panipat,153137
haryana,2018,4,district,karnal,149062
haryana,2018,4,district,sirsa,127874
haryana,2018,4,district,rohtak,124365
haryana,2018,4,district,jhajjar,114488
haryana,2018,4,pincode,122001,163556
haryana,2018,4,pincode,121004,117034
haryana,2018,4,pincode,121003,103920
haryana,2018,4,pincode,121001,101287
haryana,2018,4,pincode,122002,86547
haryana,2018,4,pincode,122006,85334
haryana,2018,4,pincode,124001,71218
haryana,2018,4,pincode,122051,67543
haryana,2018,4,pincode,123401,67235
haryana,2018,4,pincode,122004,64480
gujarat,2022,1,district,ahmadabad,3897869
gujarat,2022,1,district,surat,3210535
gujarat,2022,1,district,vadodara,1368210
gujarat,2022,1,district,rajkot,889499
gujarat,2022,1,district,banas kantha,802470
gujarat,2022,1,district,gandhinagar,799301
gujarat,2022,1,district,bharuch,722367
gujarat,2022,1,district,kachchh,671465
gujarat,2022,1,district,mahesana,656908
gujarat,2022,1,district,valsad,643742
gujarat,2022,1,pincode,395006,385040
gujarat,2022,1,pincode,394210,263596
gujarat,2022,1,pincode,395010,262287
gujarat,2022,1,pincode,395004,190769
gujarat,2022,1,pincode,395003,189101
gujarat,2022,1,pincode,382350,185001
gujarat,2022,1,pincode,396191,171443
gujarat,2022,1,pincode,382415,158818
gujarat,2022,1,pincode,382345,148068
gujarat,2022,1,pincode,385535,147477
gujarat,2022,2,district,ahmadabad,4105172
gujarat,2022,2,district,surat,3385398
gujarat,2022,2,district,vadodara,1440949
gujarat,2022,2,district,rajkot,937863
gujarat,2022,2,district,banas kantha,849884
gujarat,2022,2,district,gandhinagar,841732
gujarat,2022,2,district,bharuch,762752
gujarat,2022,2,district,kachchh,709339
gujarat,2022,2,district,mahesana,692794
gujarat,2022,2,district,valsad,679340
gujarat,2022,2,pincode,395006,405477
gujarat,2022,2,pincode,394210,278453
gujarat,2022,2,pincode,395010,276339
gujarat,2022,2,pincode,395004,200828
gujarat,2022,2,pincode,395003,199079
gujarat,2022,2,pincode,382350,194725
gujarat,2022,2,pincode,396191,180851
gujarat,2022,2,pincode,382415,167419
gujarat,2022,2,pincode,385535,156144
gujarat,2022,2,pincode,382345,155908
gujarat,2022,3,district,ahmadabad,4319512
gujarat,2022,3,district,surat,3567767
gujarat,2022,3,district,vadodara,1515556
gujarat,2022,3,district,rajkot,986904
gujarat,2022,3,district,banas kantha,896869
gujarat,2022,3,district,gandhinagar,885535
gujarat,2022,3,district,bharuch,803845
gujarat,2022,3,district,kachchh,747079
gujarat,2022,3,district,mahesana,729723
gujarat,2022,3,district,valsad,716467
gujarat,2022,3,pincode,395006,426968
gujarat,2022,3,pincode,394210,294155
gujarat,2022,3,pincode,395010,290935
gujarat,2022,3,pincode,395004,211361
gujarat,2022,3,pincode,395003,209495
gujarat,2022,3,pincode,382350,204832
gujarat,2022,3,pincode,396191,190805
gujarat,2022,3,pincode,382415,176390
gujarat,2022,3,pincode,385535,164910
gujarat,2022,3,pincode,382345,164109
gujarat,2022,4,district,ahmadabad,4530853
gujarat,2022,4,district,surat,3747780
gujarat,2022,4,district,vadodara,1587831
gujarat,2022,4,district,rajkot,1033159
gujarat,2022,4,district,banas kantha,939693
gujarat,2022,4,district,gandhinagar,927585
gujarat,2022,4,district,bharuch,842519
gujarat,2022,4,district,kachchh,781383
gujarat,2022,4,district,mahesana,763693
gujarat,2022,4,district,valsad,751767
gujarat,2022,4,pincode,395006,448463
gujarat,2022,4,pincode,394210,309875
gujarat,2022,4,pincode,395010,305674
gujarat,2022,4,pincode,395004,221859
gujarat,2022,4,pincode,395003,219947
gujarat,2022,4,pincode,382350,214911
gujarat,2022,4,pincode,396191,200547
gujarat,2022,4,pincode,382415,185450
gujarat,2022,4,pincode,385535,173196
gujarat,2022,4,pincode,382345,172424
gujarat,2024,1,district,ahmadabad,5485010
gujarat,2024,1,district,surat,4569769
gujarat,2024,1,district,vadodara,1923948
gujarat,2024,1,district,rajkot,1258350
gujarat,2024,1,district,banas kantha,1165004
gujarat,2024,1,district,gandhinagar,1122367
gujarat,2024,1,district,bharuch,1032496
gujarat,2024,1,district,kachchh,962243
gujarat,2024,1,district,mahesana,931768
gujarat,2024,1,district,valsad,919660
gujarat,2024,1,pincode,395006,545048
gujarat,2024,1,pincode,394210,381175
gujarat,2024,1,pincode,395010,371485
gujarat,2024,1,pincode,395004,269061
gujarat,2024,1,pincode,395003,266807
gujarat,2024,1,pincode,382350,259674
gujarat,2024,1,pincode,396191,244687
gujarat,2024,1,pincode,382415,225294
gujarat,2024,1,pincode,385535,213487
gujarat,2024,1,pincode,382345,208970
gujarat,2024,2,district,ahmadabad,5693015
gujarat,2024,2,district,surat,4747919
gujarat,2024,2,district,vadodara,1996837
gujarat,2024,2,district,rajkot,1306577
gujarat,2024,2,district,banas kantha,1210784
gujarat,2024,2,district,gandhinagar,1164291
gujarat,2024,2,district,bharuch,1072930
gujarat,2024,2,district,kachchh,999285
gujarat,2024,2,district,mahesana,967060
gujarat,2024,2,district,valsad,955703
gujarat,2024,2,pincode,395006,566141
gujarat,2024,2,pincode,394210,396571
gujarat,2024,2,pincode,395010,385846
gujarat,2024,2,pincode,395004,279365
gujarat,2024,2,pincode,395003,277301
gujarat,2024,2,pincode,382350,269520
gujarat,2024,2,pincode,396191,254170
gujarat,2024,2,pincode,382415,234088
gujarat,2024,2,pincode,385535,221728
gujarat,2024,2,pincode,382345,216912
gujarat,2024,3,district,ahmedabad,5580316
gujarat,2024,3,district,surat,4957655
gujarat,2024,3,district,vadodara,1840568
gujarat,2024,3,district,rajkot,1464200
gujarat,2024,3,district,banaskantha,1368759
gujarat,2024,3,district,gandhinagar,1231807
gujarat,2024,3,district,kachchh,1163061
gujarat,2024,3,district,bharuch,1024612
gujarat,2024,3,district,valsad,992156
gujarat,2024,3,district,mahesana,954366
gujarat,2024,3,pincode,395006,487106
gujarat,2024,3,pincode,394210,455341
gujarat,2024,3,pincode,395010,370335
gujarat,2024,3,pincode,394230,261921
gujarat,2024,3,pincode,395004,256567
gujarat,2024,3,pincode,380001,233611
gujarat,2024,3,pincode,382330,233501
gujarat,2024,3,pincode,385535,229745
gujarat,2024,3,pincode,395002,223899
gujarat,2024,3,pincode,395003,223701
gujarat,2024,4,district,ahmedabad,5702922
gujarat,2024,4,district,surat,5048172
gujarat,2024,4,district,vadodara,1888611
gujarat,2024,4,district,rajkot,1505556
gujarat,2024,4,district,banaskantha,1417046
gujarat,2024,4,district,gandhinagar,1260236
gujarat,2024,4,district,kachchh,1194949
gujarat,2024,4,district,bharuch,1050539
gujarat,2024,4,district,valsad,1018017
gujarat,2024,4,district,mahesana,981097
gujarat,2024,4,pincode,395006,491725
gujarat,2024,4,pincode,394210,463791
gujarat,2024,4,pincode,395010,376223
gujarat,2024,4,pincode,394230,268765
gujarat,2024,4,pincode,395004,259784
gujarat,2024,4,pincode,380001,239497
gujarat,2024,4,pincode,382330,238171
gujarat,2024,4,pincode,385535,237595
gujarat,2024,4,pincode,395002,228662
gujarat,2024,4,pincode,395003,226399
gujarat,2023,1,district,ahmadabad,4734630
gujarat,2023,1,district,surat,3919829
gujarat,2023,1,district,vadodara,1658232
gujarat,2023,1,district,rajkot,1079736
gujarat,2023,1,district,banas kantha,985280
gujarat,2023,1,district,gandhinagar,968586
gujarat,2023,1,district,bharuch,881508
gujarat,2023,1,district,kachchh,817441
gujarat,2023,1,district,mahesana,798353
gujarat,2023,1,district,valsad,786811
gujarat,2023,1,pincode,395006,468935
gujarat,2023,1,pincode,394210,324796
gujarat,2023,1,pincode,395010,319666
gujarat,2023,1,pincode,395004,231760
gujarat,2023,1,pincode,395003,229820
gujarat,2023,1,pincode,382350,224592
gujarat,2023,1,pincode,396191,209998
gujarat,2023,1,pincode,382415,193969
gujarat,2023,1,pincode,385535,181611
gujarat,2023,1,pincode,382345,180196
gujarat,2023,2,district,ahmadabad,4913610
gujarat,2023,2,district,surat,4076929
gujarat,2023,2,district,vadodara,1721431
gujarat,2023,2,district,rajkot,1123115
gujarat,2023,2,district,banas kantha,1030499
gujarat,2023,2,district,gandhinagar,1005603
gujarat,2023,2,district,bharuch,917746
gujarat,2023,2,district,kachchh,853047
gujarat,2023,2,district,mahesana,831177
gujarat,2023,2,district,valsad,818831
gujarat,2023,2,pincode,395006,487460
gujarat,2023,2,pincode,394210,338493
gujarat,2023,2,pincode,395010,332086
gujarat,2023,2,pincode,395004,240529
gujarat,2023,2,pincode,395003,238544
gujarat,2023,2,pincode,382350,232887
gujarat,2023,2,pincode,396191,218210
gujarat,2023,2,pincode,382415,201581
gujarat,2023,2,pincode,385535,189519
gujarat,2023,2,pincode,382345,187051
gujarat,2023,3,district,ahmadabad,5105557
gujarat,2023,3,district,surat,4238878
gujarat,2023,3,district,vadodara,1789238
gujarat,2023,3,district,rajkot,1167848
gujarat,2023,3,district,banas kantha,1074757
gujarat,2023,3,district,gandhinagar,1044993
gujarat,2023,3,district,bharuch,955541
gujarat,2023,3,district,kachchh,888857
gujarat,2023,3,district,mahesana,864845
gujarat,2023,3,district,valsad,852301
gujarat,2023,3,pincode,395006,506393
gujarat,2023,3,pincode,394210,352544
gujarat,2023,3,pincode,395010,344989
gujarat,2023,3,pincode,395004,249980
gujarat,2023,3,pincode,395003,247906
gujarat,2023,3,pincode,382350,241927
gujarat,2023,3,pincode,396191,226937
gujarat,2023,3,pincode,382415,209511
gujarat,2023,3,pincode,385535,197500
gujarat,2023,3,pincode,382345,194466
gujarat,2023,4,district,ahmadabad,5282400
gujarat,2023,4,district,surat,4396038
gujarat,2023,4,district,vadodara,1851909
gujarat,2023,4,district,rajkot,1210023
gujarat,2023,4,district,banas kantha,1116214
gujarat,2023,4,district,gandhinagar,1080850
gujarat,2023,4,district,bharuch,991279
gujarat,2023,4,district,kachchh,922553
gujarat,2023,4,district,mahesana,895934
gujarat,2023,4,district,valsad,883746
gujarat,2023,4,pincode,395006,524949
gujarat,2023,4,pincode,394210,366153
gujarat,2023,4,pincode,395010,357734
gujarat,2023,4,pincode,395004,259097
gujarat,2023,4,pincode,395003,256903
gujarat,2023,4,pincode,382350,250285
gujarat,2023,4,pincode,396191,235193
gujarat,2023,4,pincode,382415,216982
gujarat,2023,4,pincode,385535,204941
gujarat,2023,4,pincode,382345,201290
gujarat,2019,1,district,ahmadabad,1450100
gujarat,2019,1,district,surat,1180819
gujarat,2019,1,district,vadodara,502520
gujarat,2019,1,district,rajkot,304415
gujarat,2019,1,district,gandhinagar,291858
gujarat,2019,1,district,bharuch,252826
gujarat,2019,1,district,banas kantha,239613
gujarat,2019,1,district,kachchh,231871
gujarat,2019,1,district,mahesana,230403
gujarat,2019,1,district,valsad,209477
gujarat,2019,1,pincode,395006,157558
gujarat,2019,1,pincode,395010,104683
gujarat,2019,1,pincode,394210,86656
gujarat,2019,1,pincode,395004,79826
gujarat,2019,1,pincode,382350,74106
gujarat,2019,1,pincode,395003,73240
gujarat,2019,1,pincode,382481,60080
gujarat,2019,1,pincode,396191,58289
gujarat,2019,1,pincode,382415,56346
gujarat,2019,1,pincode,382345,53663
gujarat,2019,2,district,ahmadabad,1656341
gujarat,2019,2,district,surat,1338584
gujarat,2019,2,district,vadodara,572031
gujarat,2019,2,district,rajkot,345178
gujarat,2019,2,district,gandhinagar,333056
gujarat,2019,2,district,bharuch,284296
gujarat,2019,2,district,banas kantha,271379
gujarat,2019,2,district,kachchh,261458
gujarat,2019,2,district,mahesana,259949
gujarat,2019,2,district,valsad,238764
gujarat,2019,2,pincode,395006,180042
gujarat,2019,2,pincode,395010,117410
gujarat,2019,2,pincode,394210,99259
gujarat,2019,2,pincode,395004,88490
gujarat,2019,2,pincode,382350,83582
gujarat,2019,2,pincode,395003,82557
gujarat,2019,2,pincode,382481,67372
gujarat,2019,2,pincode,396191,66034
gujarat,2019,2,pincode,382415,64402
gujarat,2019,2,pincode,382345,61531
gujarat,2019,3,district,ahmadabad,1848860
gujarat,2019,3,district,surat,1481391
gujarat,2019,3,district,vadodara,637678
gujarat,2019,3,district,rajkot,384852
gujarat,2019,3,district,gandhinagar,372464
gujarat,2019,3,district,bharuch,315856
gujarat,2019,3,district,banas kantha,301373
gujarat,2019,3,district,mahesana,286652
gujarat,2019,3,district,kachchh,285519
gujarat,2019,3,district,valsad,266134
gujarat,2019,3,pincode,395006,198132
gujarat,2019,3,pincode,395010,128538
gujarat,2019,3,pincode,394210,111163
gujarat,2019,3,pincode,395004,95896
gujarat,2019,3,pincode,382350,92274
gujarat,2019,3,pincode,395003,90925
gujarat,2019,3,pincode,382481,73913
gujarat,2019,3,pincode,396191,73506
gujarat,2019,3,pincode,382415,72158
gujarat,2019,3,pincode,382345,68940
gujarat,2019,4,district,ahmadabad,2015947
gujarat,2019,4,district,surat,1624077
gujarat,2019,4,district,vadodara,700817
gujarat,2019,4,district,rajkot,426178
gujarat,2019,4,district,gandhinagar,408526
gujarat,2019,4,district,bharuch,350619
gujarat,2019,4,district,banas kantha,339582
gujarat,2019,4,district,mahesana,316985
gujarat,2019,4,district,kachchh,314732
gujarat,2019,4,district,valsad,296977
gujarat,2019,4,pincode,395006,214322
gujarat,2019,4,pincode,395010,138999
gujarat,2019,4,pincode,394210,123670
gujarat,2019,4,pincode,395004,103138
gujarat,2019,4,pincode,382350,99646
gujarat,2019,4,pincode,395003,98804
gujarat,2019,4,pincode,396191,81666
gujarat,2019,4,pincode,382481,79158
gujarat,2019,4,pincode,382415,78997
gujarat,2019,4,pincode,382345,75408
gujarat,2021,1,district,ahmadabad,2999575
gujarat,2021,1,district,surat,2458596
gujarat,2021,1,district,vadodara,1053954
gujarat,2021,1,district,rajkot,677301
gujarat,2021,1,district,gandhinagar,615315
gujarat,2021,1,district,banas kantha,598384
gujarat,2021,1,district,bharuch,548541
gujarat,2021,1,district,kachchh,505517
gujarat,2021,1,district,mahesana,500511
gujarat,2021,1,district,valsad,489062
gujarat,2021,1,pincode,395006,297048
gujarat,2021,1,pincode,395010,201470
gujarat,2021,1,pincode,394210,200058
gujarat,2021,1,pincode,395004,147473
gujarat,2021,1,pincode,395003,145856
gujarat,2021,1,pincode,382350,142849
gujarat,2021,1,pincode,396191,130996
gujarat,2021,1,pincode,382415,121750
gujarat,2021,1,pincode,382345,113956
gujarat,2021,1,pincode,385535,110989
gujarat,2021,2,district,ahmadabad,3209841
gujarat,2021,2,district,surat,2633443
gujarat,2021,2,district,vadodara,1127636
gujarat,2021,2,district,rajkot,726817
gujarat,2021,2,district,gandhinagar,658428
gujarat,2021,2,district,banas kantha,645073
gujarat,2021,2,district,bharuch,588777
gujarat,2021,2,district,kachchh,543585
gujarat,2021,2,district,mahesana,536645
gujarat,2021,2,district,valsad,524614
gujarat,2021,2,pincode,395006,317597
gujarat,2021,2,pincode,395010,215717
gujarat,2021,2,pincode,394210,214776
gujarat,2021,2,pincode,395004,157608
gujarat,2021,2,pincode,395003,156006
gujarat,2021,2,pincode,382350,152795
gujarat,2021,2,pincode,396191,140329
gujarat,2021,2,pincode,382415,130437
gujarat,2021,2,pincode,382345,121975
gujarat,2021,2,pincode,385535,119329
gujarat,2021,3,district,ahmadabad,3445024
gujarat,2021,3,district,surat,2830392
gujarat,2021,3,district,vadodara,1210266
gujarat,2021,3,district,rajkot,782611
gujarat,2021,3,district,gandhinagar,706654
gujarat,2021,3,district,banas kantha,698841
gujarat,2021,3,district,bharuch,634589
gujarat,2021,3,district,kachchh,587589
gujarat,2021,3,district,mahesana,578072
gujarat,2021,3,district,valsad,565423
gujarat,2021,3,pincode,395006,340436
gujarat,2021,3,pincode,395010,231725
gujarat,2021,3,pincode,394210,231353
gujarat,2021,3,pincode,395004,168968
gujarat,2021,3,pincode,395003,167307
gujarat,2021,3,pincode,382350,163762
gujarat,2021,3,pincode,396191,150868
gujarat,2021,3,pincode,382415,140098
gujarat,2021,3,pincode,382345,130967
gujarat,2021,3,pincode,385535,128886
gujarat,2021,4,district,ahmadabad,3679243
gujarat,2021,4,district,surat,3026960
gujarat,2021,4,district,vadodara,1292097
gujarat,2021,4,district,rajkot,837869
gujarat,2021,4,district,gandhinagar,754369
gujarat,2021,4,district,banas kantha,751116
gujarat,2021,4,district,bharuch,679705
gujarat,2021,4,district,kachchh,630878
gujarat,2021,4,district,mahesana,618376
gujarat,2021,4,district,valsad,605655
gujarat,2021,4,pincode,395006,363595
gujarat,2021,4,pincode,394210,247983
gujarat,2021,4,pincode,395010,247597
gujarat,2021,4,pincode,395004,180294
gujarat,2021,4,pincode,395003,178606
gujarat,2021,4,pincode,382350,174821
gujarat,2021,4,pincode,396191,161460
gujarat,2021,4,pincode,382415,149751
gujarat,2021,4,pincode,382345,139819
gujarat,2021,4,pincode,385535,138286
gujarat,2020,1,district,ahmadabad,2185983
gujarat,2020,1,district,surat,1772703
gujarat,2020,1,district,vadodara,763969
gujarat,2020,1,district,rajkot,469636
gujarat,2020,1,district,gandhinagar,445290
gujarat,2020,1,district,banas kantha,386212
gujarat,2020,1,district,bharuch,384819
gujarat,2020,1,district,mahesana,349897
gujarat,2020,1,district,kachchh,347270
gujarat,2020,1,district,valsad,330053
gujarat,2020,1,pincode,395006,230047
gujarat,2020,1,pincode,395010,149506
gujarat,2020,1,pincode,394210,137283
gujarat,2020,1,pincode,395004,110684
gujarat,2020,1,pincode,395003,106915
gujarat,2020,1,pincode,382350,106647
gujarat,2020,1,pincode,396191,90365
gujarat,2020,1,pincode,382415,86315
gujarat,2020,1,pincode,382481,84353
gujarat,2020,1,pincode,382345,82048
gujarat,2020,2,district,ahmadabad,2384154
gujarat,2020,2,district,surat,1935894
gujarat,2020,2,district,vadodara,830759
gujarat,2020,2,district,rajkot,522650
gujarat,2020,2,district,gandhinagar,488351
gujarat,2020,2,district,banas kantha,446603
gujarat,2020,2,district,bharuch,423017
gujarat,2020,2,district,mahesana,389562
gujarat,2020,2,district,kachchh,385480
gujarat,2020,2,district,valsad,372771
gujarat,2020,2,pincode,395006,245129
gujarat,2020,2,pincode,395010,160784
gujarat,2020,2,pincode,394210,153681
gujarat,2020,2,pincode,395004,119752
gujarat,2020,2,pincode,395003,115539
gujarat,2020,2,pincode,382350,115202
gujarat,2020,2,pincode,396191,100064
gujarat,2020,2,pincode,382415,95250
gujarat,2020,2,pincode,382481,90515
gujarat,2020,2,pincode,382345,90259
gujarat,2020,3,district,ahmadabad,2580178
gujarat,2020,3,district,surat,2092712
gujarat,2020,3,district,vadodara,901492
gujarat,2020,3,district,rajkot,573062
gujarat,2020,3,district,gandhinagar,529771
gujarat,2020,3,district,banas kantha,501471
gujarat,2020,3,district,bharuch,462292
gujarat,2020,3,district,mahesana,427950
gujarat,2020,3,district,kachchh,423729
gujarat,2020,3,district,valsad,410740
gujarat,2020,3,pincode,395006,259468
gujarat,2020,3,pincode,395010,173062
gujarat,2020,3,pincode,394210,167802
gujarat,2020,3,pincode,395004,127956
gujarat,2020,3,pincode,395003,124692
gujarat,2020,3,pincode,382350,123709
gujarat,2020,3,pincode,396191,109788
gujarat,2020,3,pincode,382415,103846
gujarat,2020,3,pincode,382345,98070
gujarat,2020,3,pincode,382481,96759
gujarat,2020,4,district,ahmadabad,2787991
gujarat,2020,4,district,surat,2278232
gujarat,2020,4,district,vadodara,980658
gujarat,2020,4,district,rajkot,627654
gujarat,2020,4,district,gandhinagar,572461
gujarat,2020,4,district,banas kantha,551645
gujarat,2020,4,district,bharuch,508005
gujarat,2020,4,district,kachchh,466855
gujarat,2020,4,district,mahesana,464932
gujarat,2020,4,district,valsad,452628
gujarat,2020,4,pincode,395006,276969
gujarat,2020,4,pincode,395010,187103
gujarat,2020,4,pincode,394210,184572
gujarat,2020,4,pincode,395004,137335
gujarat,2020,4,pincode,395003,135529
gujarat,2020,4,pincode,382350,133012
gujarat,2020,4,pincode,396191,121067
gujarat,2020,4,pincode,382415,112726
gujarat,2020,4,pincode,382345,105910
gujarat,2020,4,pincode,382481,103359
gujarat,2018,1,district,ahmadabad,572811
gujarat,2018,1,district,surat,489852
gujarat,2018,1,district,vadodara,205722
gujarat,2018,1,district,rajkot,133017
gujarat,2018,1,district,gandhinagar,118201
gujarat,2018,1,district,bharuch,101575
gujarat,2018,1,district,kachchh,97838
gujarat,2018,1,district,mahesana,97004
gujarat,2018,1,district,banas kantha,93506
gujarat,2018,1,district,bhavnagar,87683
gujarat,2018,1,pincode,395006,72275
gujarat,2018,1,pincode,395010,45734
gujarat,2018,1,pincode,395004,37825
gujarat,2018,1,pincode,382350,32292
gujarat,2018,1,pincode,394210,31969
gujarat,2018,1,pincode,395003,30787
gujarat,2018,1,pincode,382481,25321
gujarat,2018,1,pincode,395009,23628
gujarat,2018,1,pincode,396191,22824
gujarat,2018,1,pincode,382415,22742
gujarat,2018,2,district,ahmadabad,751746
gujarat,2018,2,district,surat,652372
gujarat,2018,2,district,vadodara,271730
gujarat,2018,2,district,rajkot,174778
gujarat,2018,2,district,gandhinagar,155539
gujarat,2018,2,district,bharuch,134500
gujarat,2018,2,district,kachchh,128064
gujarat,2018,2,district,mahesana,127614
gujarat,2018,2,district,banas kantha,125849
gujarat,2018,2,district,bhavnagar,115812
gujarat,2018,2,pincode,395006,94500
gujarat,2018,2,pincode,395010,60175
gujarat,2018,2,pincode,395004,49139
gujarat,2018,2,pincode,394210,44190
gujarat,2018,2,pincode,382350,41644
gujarat,2018,2,pincode,395003,40881
gujarat,2018,2,pincode,382481,32292
gujarat,2018,2,pincode,396191,30464
gujarat,2018,2,pincode,395009,30378
gujarat,2018,2,pincode,382415,29895
gujarat,2018,3,district,ahmadabad,919252
gujarat,2018,3,district,surat,808005
gujarat,2018,3,district,vadodara,335125
gujarat,2018,3,district,rajkot,215459
gujarat,2018,3,district,gandhinagar,190882
gujarat,2018,3,district,bharuch,169322
gujarat,2018,3,district,banas kantha,159591
gujarat,2018,3,district,kachchh,158762
gujarat,2018,3,district,mahesana,157274
gujarat,2018,3,district,bhavnagar,141243
gujarat,2018,3,pincode,395006,113391
gujarat,2018,3,pincode,395010,73560
gujarat,2018,3,pincode,395004,58525
gujarat,2018,3,pincode,394210,56563
gujarat,2018,3,pincode,395003,50366
gujarat,2018,3,pincode,382350,49974
gujarat,2018,3,pincode,396191,38490
gujarat,2018,3,pincode,382481,38313
gujarat,2018,3,pincode,395009,36563
gujarat,2018,3,pincode,382415,36510
gujarat,2018,4,district,ahmadabad,1212636
gujarat,2018,4,district,surat,998807
gujarat,2018,4,district,vadodara,421895
gujarat,2018,4,district,rajkot,260602
gujarat,2018,4,district,gandhinagar,242368
gujarat,2018,4,district,bharuch,211843
gujarat,2018,4,district,banas kantha,197774
gujarat,2018,4,district,kachchh,195295
gujarat,2018,4,district,mahesana,192493
gujarat,2018,4,district,bhavnagar,173699
gujarat,2018,4,pincode,395006,135881
gujarat,2018,4,pincode,395010,89595
gujarat,2018,4,pincode,394210,71909
gujarat,2018,4,pincode,395004,69666
gujarat,2018,4,pincode,382350,62863
gujarat,2018,4,pincode,395003,62164
gujarat,2018,4,pincode,382481,50895
gujarat,2018,4,pincode,396191,48467
gujarat,2018,4,pincode,382415,46926
gujarat,2018,4,pincode,395009,44962
sikkim,2022,1,district,east,120360
sikkim,2022,1,district,south,43881
sikkim,2022,1,district,west,27594
sikkim,2022,1,district,north,17781
sikkim,2022,1,pincode,737101,33157
sikkim,2022,1,pincode,737102,23098
sikkim,2022,1,pincode,737134,21281
sikkim,2022,1,pincode,737132,17728
sikkim,2022,1,pincode,737126,16079
sikkim,2022,1,pincode,737135,15654
sikkim,2022,1,pincode,737113,12301
sikkim,2022,1,pincode,737121,10688
sikkim,2022,1,pincode,737120,9820
sikkim,2022,1,pincode,737103,8440
sikkim,2022,2,district,east,126666
sikkim,2022,2,district,south,46351
sikkim,2022,2,district,west,29184
sikkim,2022,2,district,north,18793
sikkim,2022,2,pincode,737101,34848
sikkim,2022,2,pincode,737102,24299
sikkim,2022,2,pincode,737134,22433
sikkim,2022,2,pincode,737132,18657
sikkim,2022,2,pincode,737126,16979
sikkim,2022,2,pincode,737135,16506
sikkim,2022,2,pincode,737113,13025
sikkim,2022,2,pincode,737121,11289
sikkim,2022,2,pincode,737120,10381
sikkim,2022,2,pincode,737103,8885
sikkim,2022,3,district,east,133152
sikkim,2022,3,district,south,48673
sikkim,2022,3,district,west,30513
sikkim,2022,3,district,north,19687
sikkim,2022,3,pincode,737101,36580
sikkim,2022,3,pincode,737102,25512
sikkim,2022,3,pincode,737134,23630
sikkim,2022,3,pincode,737132,19633
sikkim,2022,3,pincode,737126,17775
sikkim,2022,3,pincode,737135,17399
sikkim,2022,3,pincode,737113,13634
sikkim,2022,3,pincode,737121,11780
sikkim,2022,3,pincode,737120,10901
sikkim,2022,3,pincode,737103,9349
sikkim,2022,4,district,east,139175
sikkim,2022,4,district,south,50716
sikkim,2022,4,district,west,31605
sikkim,2022,4,district,north,20472
sikkim,2022,4,pincode,737101,38348
sikkim,2022,4,pincode,737102,26669
sikkim,2022,4,pincode,737134,24659
sikkim,2022,4,pincode,737132,20507
sikkim,2022,4,pincode,737126,18512
sikkim,2022,4,pincode,737135,18170
sikkim,2022,4,pincode,737113,14122
sikkim,2022,4,pincode,737121,12204
sikkim,2022,4,pincode,737120,11369
sikkim,2022,4,pincode,737103,9731
sikkim,2024,1,district,east,168229
sikkim,2024,1,district,south,61782
sikkim,2024,1,district,west,38748
sikkim,2024,1,district,north,25062
sikkim,2024,1,pincode,737101,45934
sikkim,2024,1,pincode,737102,32009
sikkim,2024,1,pincode,737134,30066
sikkim,2024,1,pincode,737132,24896
sikkim,2024,1,pincode,737126,22452
sikkim,2024,1,pincode,737135,22179
sikkim,2024,1,pincode,737113,17339
sikkim,2024,1,pincode,737121,14857
sikkim,2024,1,pincode,737120,13901
sikkim,2024,1,pincode,737103,11754
sikkim,2024,2,district,east,174348
sikkim,2024,2,district,south,64133
sikkim,2024,2,district,west,40197
sikkim,2024,2,district,north,25972
sikkim,2024,2,pincode,737101,47504
sikkim,2024,2,pincode,737102,33172
sikkim,2024,2,pincode,737134,31252
sikkim,2024,2,pincode,737132,25826
sikkim,2024,2,pincode,737126,23264
sikkim,2024,2,pincode,737135,22982
sikkim,2024,2,pincode,737113,17990
sikkim,2024,2,pincode,737121,15421
sikkim,2024,2,pincode,737120,14416
sikkim,2024,2,pincode,737103,12167
sikkim,2024,3,district,gangtok,140362
sikkim,2024,3,district,namchi,56951
sikkim,2024,3,district,pakyong,50399
sikkim,2024,3,district,mangan,24207
sikkim,2024,3,district,gyalshing,23625
sikkim,2024,3,district,soreng,16767
sikkim,2024,3,pincode,737101,51565
sikkim,2024,3,pincode,737102,34655
sikkim,2024,3,pincode,737134,31469
sikkim,2024,3,pincode,737126,26946
sikkim,2024,3,pincode,737135,23000
sikkim,2024,3,pincode,737113,17266
sikkim,2024,3,pincode,737136,15441
sikkim,2024,3,pincode,737121,15267
sikkim,2024,3,pincode,737103,14233
sikkim,2024,3,pincode,737132,13745
sikkim,2024,4,district,gangtok,143928
sikkim,2024,4,district,namchi,58886
sikkim,2024,4,district,pakyong,51773
sikkim,2024,4,district,gyalshing,24563
sikkim,2024,4,district,mangan,24321
sikkim,2024,4,district,soreng,17277
sikkim,2024,4,pincode,737101,53234
sikkim,2024,4,pincode,737102,35216
sikkim,2024,4,pincode,737134,32413
sikkim,2024,4,pincode,737126,27769
sikkim,2024,4,pincode,737135,23566
sikkim,2024,4,pincode,737113,17996
sikkim,2024,4,pincode,737136,15964
sikkim,2024,4,pincode,737121,15740
sikkim,2024,4,pincode,737103,14549
sikkim,2024,4,pincode,737132,14041
sikkim,2023,1,district,east,145199
sikkim,2023,1,district,south,52942
sikkim,2023,1,district,west,32945
sikkim,2023,1,district,north,21354
sikkim,2023,1,pincode,737101,39951
sikkim,2023,1,pincode,737102,27829
sikkim,2023,1,pincode,737134,25736
sikkim,2023,1,pincode,737132,21376
sikkim,2023,1,pincode,737126,19329
sikkim,2023,1,pincode,737135,18992
sikkim,2023,1,pincode,737113,14738
sikkim,2023,1,pincode,737121,12726
sikkim,2023,1,pincode,737120,11868
sikkim,2023,1,pincode,737103,10158
sikkim,2023,2,district,east,150852
sikkim,2023,2,district,south,55158
sikkim,2023,2,district,west,34427
sikkim,2023,2,district,north,22291
sikkim,2023,2,pincode,737101,41406
sikkim,2023,2,pincode,737102,28847
sikkim,2023,2,pincode,737134,26811
sikkim,2023,2,pincode,737132,22234
sikkim,2023,2,pincode,737126,20106
sikkim,2023,2,pincode,737135,19740
sikkim,2023,2,pincode,737113,15390
sikkim,2023,2,pincode,737121,13276
sikkim,2023,2,pincode,737120,12382
sikkim,2023,2,pincode,737103,10586
sikkim,2023,3,district,east,156600
sikkim,2023,3,district,south,57259
sikkim,2023,3,district,west,35808
sikkim,2023,3,district,north,23162
sikkim,2023,3,pincode,737101,42978
sikkim,2023,3,pincode,737102,29890
sikkim,2023,3,pincode,737134,27814
sikkim,2023,3,pincode,737132,23137
sikkim,2023,3,pincode,737126,20857
sikkim,2023,3,pincode,737135,20546
sikkim,2023,3,pincode,737113,16014
sikkim,2023,3,pincode,737121,13773
sikkim,2023,3,pincode,737120,12857
sikkim,2023,3,pincode,737103,10993
sikkim,2023,4,district,east,162011
sikkim,2023,4,district,south,59357
sikkim,2023,4,district,west,37183
sikkim,2023,4,district,north,24024
sikkim,2023,4,pincode,737101,44334
sikkim,2023,4,pincode,737102,30867
sikkim,2023,4,pincode,737134,28882
sikkim,2023,4,pincode,737132,23942
sikkim,2023,4,pincode,737126,21605
sikkim,2023,4,pincode,737135,21325
sikkim,2023,4,pincode,737113,16645
sikkim,2023,4,pincode,737121,14283
sikkim,2023,4,pincode,737120,13330
sikkim,2023,4,pincode,737103,11351
sikkim,2019,1,district,east,36124
sikkim,2019,1,district,south,11031
sikkim,2019,1,district,west,6479
sikkim,2019,1,district,north,5322
sikkim,2019,1,pincode,737101,9811
sikkim,2019,1,pincode,737102,7390
sikkim,2019,1,pincode,737132,5823
sikkim,2019,1,pincode,737134,5484
sikkim,2019,1,pincode,737135,4863
sikkim,2019,1,pincode,737126,3693
sikkim,2019,1,pincode,737120,3393
sikkim,2019,1,pincode,737113,3139
sikkim,2019,1,pincode,737103,2669
sikkim,2019,1,pincode,737136,2338
sikkim,2019,2,district,east,43048
sikkim,2019,2,district,south,13547
sikkim,2019,2,district,west,8064
sikkim,2019,2,district,north,6340
sikkim,2019,2,pincode,737101,11751
sikkim,2019,2,pincode,737102,8730
sikkim,2019,2,pincode,737132,6732
sikkim,2019,2,pincode,737134,6641
sikkim,2019,2,pincode,737135,5696
sikkim,2019,2,pincode,737126,4655
sikkim,2019,2,pincode,737120,3941
sikkim,2019,2,pincode,737113,3858
sikkim,2019,2,pincode,737103,3239
sikkim,2019,2,pincode,737121,2827
sikkim,2019,3,district,east,49404
sikkim,2019,3,district,south,16016
sikkim,2019,3,district,west,9481
sikkim,2019,3,district,north,7227
sikkim,2019,3,pincode,737101,13584
sikkim,2019,3,pincode,737102,9884
sikkim,2019,3,pincode,737134,7809
sikkim,2019,3,pincode,737132,7615
sikkim,2019,3,pincode,737135,6481
sikkim,2019,3,pincode,737126,5557
sikkim,2019,3,pincode,737113,4526
sikkim,2019,3,pincode,737120,4413
sikkim,2019,3,pincode,737103,3643
sikkim,2019,3,pincode,737121,3356
sikkim,2019,4,district,east,55340
sikkim,2019,4,district,south,18461
sikkim,2019,4,district,west,11078
sikkim,2019,4,district,north,8093
sikkim,2019,4,pincode,737101,15223
sikkim,2019,4,pincode,737102,11002
sikkim,2019,4,pincode,737134,8964
sikkim,2019,4,pincode,737132,8456
sikkim,2019,4,pincode,737135,7240
sikkim,2019,4,pincode,737126,6464
sikkim,2019,4,pincode,737113,5181
sikkim,2019,4,pincode,737120,4869
sikkim,2019,4,pincode,737103,3999
sikkim,2019,4,pincode,737121,3995
sikkim,2021,1,district,east,92502
sikkim,2021,1,district,south,33490
sikkim,2021,1,district,west,20769
sikkim,2021,1,district,north,13452
sikkim,2021,1,pincode,737101,25663
sikkim,2021,1,pincode,737102,17843
sikkim,2021,1,pincode,737134,16236
sikkim,2021,1,pincode,737132,13649
sikkim,2021,1,pincode,737126,12273
sikkim,2021,1,pincode,737135,12017
sikkim,2021,1,pincode,737113,9258
sikkim,2021,1,pincode,737121,8095
sikkim,2021,1,pincode,737120,7423
sikkim,2021,1,pincode,737103,6443
sikkim,2021,2,district,east,99077
sikkim,2021,2,district,south,35900
sikkim,2021,2,district,west,22352
sikkim,2021,2,district,north,14411
sikkim,2021,2,pincode,737101,27441
sikkim,2021,2,pincode,737102,19098
sikkim,2021,2,pincode,737134,17409
sikkim,2021,2,pincode,737132,14618
sikkim,2021,2,pincode,737126,13159
sikkim,2021,2,pincode,737135,12879
sikkim,2021,2,pincode,737113,9970
sikkim,2021,2,pincode,737121,8689
sikkim,2021,2,pincode,737120,7948
sikkim,2021,2,pincode,737103,6915
sikkim,2021,3,district,east,106352
sikkim,2021,3,district,south,38616
sikkim,2021,3,district,west,24132
sikkim,2021,3,district,north,15593
sikkim,2021,3,pincode,737101,29396
sikkim,2021,3,pincode,737102,20468
sikkim,2021,3,pincode,737134,18740
sikkim,2021,3,pincode,737132,15682
sikkim,2021,3,pincode,737126,14145
sikkim,2021,3,pincode,737135,13811
sikkim,2021,3,pincode,737113,10760
sikkim,2021,3,pincode,737121,9361
sikkim,2021,3,pincode,737120,8604
sikkim,2021,3,pincode,737103,7436
sikkim,2021,4,district,east,113537
sikkim,2021,4,district,south,41311
sikkim,2021,4,district,west,25834
sikkim,2021,4,district,north,16725
sikkim,2021,4,pincode,737101,31343
sikkim,2021,4,pincode,737102,21810
sikkim,2021,4,pincode,737134,20001
sikkim,2021,4,pincode,737132,16715
sikkim,2021,4,pincode,737126,15175
sikkim,2021,4,pincode,737135,14764
sikkim,2021,4,pincode,737113,11524
sikkim,2021,4,pincode,737121,10012
sikkim,2021,4,pincode,737120,9245
sikkim,2021,4,pincode,737103,7965
sikkim,2020,1,district,east,61820
sikkim,2020,1,district,south,21043
sikkim,2020,1,district,west,12746
sikkim,2020,1,district,north,9022
sikkim,2020,1,pincode,737101,17139
sikkim,2020,1,pincode,737102,12201
sikkim,2020,1,pincode,737134,10222
sikkim,2020,1,pincode,737132,9292
sikkim,2020,1,pincode,737135,8051
sikkim,2020,1,pincode,737126,7462
sikkim,2020,1,pincode,737113,5869
sikkim,2020,1,pincode,737120,5305
sikkim,2020,1,pincode,737121,4720
sikkim,2020,1,pincode,737103,4434
sikkim,2020,2,district,east,69829
sikkim,2020,2,district,south,24768
sikkim,2020,2,district,west,15082
sikkim,2020,2,district,north,10242
sikkim,2020,2,pincode,737101,19227
sikkim,2020,2,pincode,737102,13610
sikkim,2020,2,pincode,737134,11915
sikkim,2020,2,pincode,737132,10447
sikkim,2020,2,pincode,737135,9160
sikkim,2020,2,pincode,737126,8958
sikkim,2020,2,pincode,737113,6822
sikkim,2020,2,pincode,737120,5833
sikkim,2020,2,pincode,737121,5749
sikkim,2020,2,pincode,737103,4938
sikkim,2020,3,district,east,78018
sikkim,2020,3,district,south,28038
sikkim,2020,3,district,west,17400
sikkim,2020,3,district,north,11317
sikkim,2020,3,pincode,737101,21525
sikkim,2020,3,pincode,737102,15094
sikkim,2020,3,pincode,737134,13624
sikkim,2020,3,pincode,737132,11586
sikkim,2020,3,pincode,737135,10222
sikkim,2020,3,pincode,737126,10158
sikkim,2020,3,pincode,737113,7782
sikkim,2020,3,pincode,737121,6733
sikkim,2020,3,pincode,737120,6342
sikkim,2020,3,pincode,737103,5456
sikkim,2020,4,district,east,85770
sikkim,2020,4,district,south,31055
sikkim,2020,4,district,west,19217
sikkim,2020,4,district,north,12501
sikkim,2020,4,pincode,737101,23744
sikkim,2020,4,pincode,737102,16577
sikkim,2020,4,pincode,737134,15077
sikkim,2020,4,pincode,737132,12638
sikkim,2020,4,pincode,737126,11350
sikkim,2020,4,pincode,737135,11169
sikkim,2020,4,pincode,737113,8583
sikkim,2020,4,pincode,737121,7474
sikkim,2020,4,pincode,737120,6926
sikkim,2020,4,pincode,737103,5977
sikkim,2018,1,district,east,12749
sikkim,2018,1,district,south,3679
sikkim,2018,1,district,west,2048
sikkim,2018,1,district,north,1575
sikkim,2018,1,pincode,737101,3490
sikkim,2018,1,pincode,737102,2643
sikkim,2018,1,pincode,737132,2313
sikkim,2018,1,pincode,737135,1769
sikkim,2018,1,pincode,737134,1743
sikkim,2018,1,pincode,737126,1175
sikkim,2018,1,pincode,737113,1019
sikkim,2018,1,pincode,737120,994
sikkim,2018,1,pincode,737136,931
sikkim,2018,1,pincode,737103,856
sikkim,2018,2,district,east,17767
sikkim,2018,2,district,south,5147
sikkim,2018,2,district,west,2868
sikkim,2018,2,district,north,2315
sikkim,2018,2,pincode,737101,4767
sikkim,2018,2,pincode,737102,3632
sikkim,2018,2,pincode,737132,3280
sikkim,2018,2,pincode,737134,2541
sikkim,2018,2,pincode,737135,2447
sikkim,2018,2,pincode,737126,1652
sikkim,2018,2,pincode,737120,1495
sikkim,2018,2,pincode,737113,1414
sikkim,2018,2,pincode,737136,1257
sikkim,2018,2,pincode,737103,1181
sikkim,2018,3,district,east,23460
sikkim,2018,3,district,south,6943
sikkim,2018,3,district,west,4042
sikkim,2018,3,district,north,3192
sikkim,2018,3,pincode,737101,6302
sikkim,2018,3,pincode,737102,4818
sikkim,2018,3,pincode,737132,4053
sikkim,2018,3,pincode,737134,3387
sikkim,2018,3,pincode,737135,3199
sikkim,2018,3,pincode,737126,2325
sikkim,2018,3,pincode,737120,2052
sikkim,2018,3,pincode,737113,1970
sikkim,2018,3,pincode,737103,1626
sikkim,2018,3,pincode,737136,1612
sikkim,2018,4,district,east,29948
sikkim,2018,4,district,south,8992
sikkim,2018,4,district,west,5328
sikkim,2018,4,district,north,4270
sikkim,2018,4,pincode,737101,8184
sikkim,2018,4,pincode,737102,6096
sikkim,2018,4,pincode,737132,4951
sikkim,2018,4,pincode,737134,4401
sikkim,2018,4,pincode,737135,4040
sikkim,2018,4,pincode,737126,3058
sikkim,2018,4,pincode,737120,2748
sikkim,2018,4,pincode,737113,2604
sikkim,2018,4,pincode,737103,2161
sikkim,2018,4,pincode,737136,1980
delhi,2022,1,district,west,2017435
delhi,2022,1,district,south east delhi,1628157
delhi,2022,1,district,north west,1419688
delhi,2022,1,district,central delhi,1338465
delhi,2022,1,district,new delhi,1336911
delhi,2022,1,district,north,1159277
delhi,2022,1,district,south west,1097016
delhi,2022,1,district,east,1013024
delhi,2022,1,district,south,963775
delhi,2022,1,district,shahdara,826148
delhi,2022,1,pincode,110059,588266
delhi,2022,1,pincode,110092,460951
delhi,2022,1,pincode,110086,406863
delhi,2022,1,pincode,110044,361314
delhi,2022,1,pincode,110041,357509
delhi,2022,1,pincode,110085,330413
delhi,2022,1,pincode,110094,324145
delhi,2022,1,pincode,110053,320362
delhi,2022,1,pincode,110096,316906
delhi,2022,1,pincode,110042,310672
delhi,2022,2,district,west,2124626
delhi,2022,2,district,south east delhi,1714507
delhi,2022,2,district,north west,1496002
delhi,2022,2,district,central delhi,1409776
delhi,2022,2,district,new delhi,1406687
delhi,2022,2,district,north,1222605
delhi,2022,2,district,south west,1155288
delhi,2022,2,district,east,1066632
delhi,2022,2,district,south,1013938
delhi,2022,2,district,shahdara,870461
delhi,2022,2,pincode,110059,619737
delhi,2022,2,pincode,110092,484816
delhi,2022,2,pincode,110086,429566
delhi,2022,2,pincode,110044,381041
delhi,2022,2,pincode,110041,377721
delhi,2022,2,pincode,110085,347243
delhi,2022,2,pincode,110094,341936
delhi,2022,2,pincode,110053,337770
delhi,2022,2,pincode,110096,333973
delhi,2022,2,pincode,110042,328052
delhi,2022,3,district,west,2235907
delhi,2022,3,district,south east delhi,1804123
delhi,2022,3,district,north west,1575473
delhi,2022,3,district,central delhi,1483786
delhi,2022,3,district,new delhi,1479669
delhi,2022,3,district,north,1288507
delhi,2022,3,district,south west,1215697
delhi,2022,3,district,east,1121596
delhi,2022,3,district,south,1065631
delhi,2022,3,district,shahdara,917096
delhi,2022,3,pincode,110059,652328
delhi,2022,3,pincode,110092,509260
delhi,2022,3,pincode,110086,453393
delhi,2022,3,pincode,110044,401386
delhi,2022,3,pincode,110041,398712
delhi,2022,3,pincode,110085,364644
delhi,2022,3,pincode,110094,360554
delhi,2022,3,pincode,110053,356138
delhi,2022,3,pincode,110096,351480
delhi,2022,3,pincode,110042,346285
delhi,2022,4,district,west,2348063
delhi,2022,4,district,south east delhi,1894776
delhi,2022,4,district,north west,1655730
delhi,2022,4,district,central delhi,1558400
delhi,2022,4,district,new delhi,1552874
delhi,2022,4,district,north,1354521
delhi,2022,4,district,south west,1275864
delhi,2022,4,district,east,1177294
delhi,2022,4,district,south,1117981
delhi,2022,4,district,shahdara,963656
delhi,2022,4,pincode,110059,685596
delhi,2022,4,pincode,110092,534009
delhi,2022,4,pincode,110086,477514
delhi,2022,4,pincode,110044,422192
delhi,2022,4,pincode,110041,419823
delhi,2022,4,pincode,110085,382113
delhi,2022,4,pincode,110094,379346
delhi,2022,4,pincode,110053,374689
delhi,2022,4,pincode,110096,369272
delhi,2022,4,pincode,110042,364573
delhi,2024,1,district,west,2837958
delhi,2024,1,district,south east delhi,2291746
delhi,2024,1,district,north west,2008098
delhi,2024,1,district,central delhi,1884700
delhi,2024,1,district,new delhi,1871468
delhi,2024,1,district,north,1644670
delhi,2024,1,district,south west,1541622
delhi,2024,1,district,east,1418866
delhi,2024,1,district,south,1345231
delhi,2024,1,district,shahdara,1167913
delhi,2024,1,pincode,110059,829414
delhi,2024,1,pincode,110092,640499
delhi,2024,1,pincode,110086,583639
delhi,2024,1,pincode,110044,513673
delhi,2024,1,pincode,110041,513299
delhi,2024,1,pincode,110094,462468
delhi,2024,1,pincode,110085,458957
delhi,2024,1,pincode,110053,456507
delhi,2024,1,pincode,110096,446305
delhi,2024,1,pincode,110042,445367
delhi,2024,2,district,west,2945032
delhi,2024,2,district,south east delhi,2378417
delhi,2024,2,district,north west,2085373
delhi,2024,2,district,central delhi,1956609
delhi,2024,2,district,new delhi,1940666
delhi,2024,2,district,north,1707431
delhi,2024,2,district,south west,1599704
delhi,2024,2,district,east,1471663
delhi,2024,2,district,south,1395197
delhi,2024,2,district,shahdara,1212695
delhi,2024,2,pincode,110059,860657
delhi,2024,2,pincode,110092,664004
delhi,2024,2,pincode,110086,606637
delhi,2024,2,pincode,110044,533714
delhi,2024,2,pincode,110041,533351
delhi,2024,2,pincode,110094,480546
delhi,2024,2,pincode,110085,475853
delhi,2024,2,pincode,110053,474265
delhi,2024,2,pincode,110096,463060
delhi,2024,2,pincode,110042,462808
delhi,2024,3,district,west,2715492
delhi,2024,3,district,south east,2262427
delhi,2024,3,district,central delhi,1990109
delhi,2024,3,district,north west,1907401
delhi,2024,3,district,north,1686282
delhi,2024,3,district,new delhi,1633520
delhi,2024,3,district,south west,1419174
delhi,2024,3,district,south,1307337
delhi,2024,3,district,east,1256144
delhi,2024,3,district,shahdara,1189211
delhi,2024,3,pincode,110059,808649
delhi,2024,3,pincode,110092,640039
delhi,2024,3,pincode,110094,572978
delhi,2024,3,pincode,110086,564824
delhi,2024,3,pincode,110044,511337
delhi,2024,3,pincode,110041,503783
delhi,2024,3,pincode,110053,421565
delhi,2024,3,pincode,110085,415633
delhi,2024,3,pincode,110042,413179
delhi,2024,3,pincode,110084,406578
delhi,2024,4,district,west,2781222
delhi,2024,4,district,south east,2320701
delhi,2024,4,district,central delhi,2040406
delhi,2024,4,district,north west,1953572
delhi,2024,4,district,north,1727450
delhi,2024,4,district,new delhi,1676758
delhi,2024,4,district,south west,1452225
delhi,2024,4,district,south,1340531
delhi,2024,4,district,east,1285131
delhi,2024,4,district,shahdara,1217468
delhi,2024,4,pincode,110059,826819
delhi,2024,4,pincode,110092,654020
delhi,2024,4,pincode,110094,587845
delhi,2024,4,pincode,110086,578378
delhi,2024,4,pincode,110044,522834
delhi,2024,4,pincode,110041,516205
delhi,2024,4,pincode,110053,432535
delhi,2024,4,pincode,110085,425910
delhi,2024,4,pincode,110042,423578
delhi,2024,4,pincode,110084,414907
delhi,2023,1,district,west,2453869
delhi,2023,1,district,south east delhi,1980915
delhi,2023,1,district,north west,1731494
delhi,2023,1,district,central delhi,1629248
delhi,2023,1,district,new delhi,1622600
delhi,2023,1,district,north,1416994
delhi,2023,1,district,south west,1333347
delhi,2023,1,district,east,1230290
delhi,2023,1,district,south,1167338
delhi,2023,1,district,shahdara,1007880
delhi,2023,1,pincode,110059,716856
delhi,2023,1,pincode,110092,557488
delhi,2023,1,pincode,110086,500213
delhi,2023,1,pincode,110044,441996
delhi,2023,1,pincode,110041,439789
delhi,2023,1,pincode,110085,398902
delhi,2023,1,pincode,110094,397220
delhi,2023,1,pincode,110053,392197
delhi,2023,1,pincode,110096,386108
delhi,2023,1,pincode,110042,381910
delhi,2023,2,district,west,2546575
delhi,2023,2,district,south east delhi,2055408
delhi,2023,2,district,north west,1798636
delhi,2023,2,district,central delhi,1690547
delhi,2023,2,district,new delhi,1682305
delhi,2023,2,district,north,1471979
delhi,2023,2,district,south west,1383364
delhi,2023,2,district,east,1275831
delhi,2023,2,district,south,1209741
delhi,2023,2,district,shahdara,1046614
delhi,2023,2,pincode,110059,744061
delhi,2023,2,pincode,110092,577301
delhi,2023,2,pincode,110086,520976
delhi,2023,2,pincode,110044,459541
delhi,2023,2,pincode,110041,457756
delhi,2023,2,pincode,110094,413225
delhi,2023,2,pincode,110085,413127
delhi,2023,2,pincode,110053,407624
delhi,2023,2,pincode,110096,400907
delhi,2023,2,pincode,110042,397341
delhi,2023,3,district,west,2641529
delhi,2023,3,district,south east delhi,2133173
delhi,2023,3,district,north west,1866671
delhi,2023,3,district,central delhi,1754227
delhi,2023,3,district,new delhi,1744588
delhi,2023,3,district,north,1528582
delhi,2023,3,district,south west,1435544
delhi,2023,3,district,east,1322844
delhi,2023,3,district,south,1254751
delhi,2023,3,district,shahdara,1086372
delhi,2023,3,pincode,110059,772107
delhi,2023,3,pincode,110092,598195
delhi,2023,3,pincode,110086,540985
delhi,2023,3,pincode,110044,477143
delhi,2023,3,pincode,110041,475553
delhi,2023,3,pincode,110094,429279
delhi,2023,3,pincode,110085,428343
delhi,2023,3,pincode,110053,423667
delhi,2023,3,pincode,110096,415834
delhi,2023,3,pincode,110042,413005
delhi,2023,4,district,west,2732926
delhi,2023,4,district,south east delhi,2207076
delhi,2023,4,district,north west,1933267
delhi,2023,4,district,central delhi,1815323
delhi,2023,4,district,new delhi,1803952
delhi,2023,4,district,north,1583005
delhi,2023,4,district,south west,1484762
delhi,2023,4,district,east,1367614
delhi,2023,4,district,south,1296849
delhi,2023,4,district,shahdara,1124343
delhi,2023,4,pincode,110059,798856
delhi,2023,4,pincode,110092,617934
delhi,2023,4,pincode,110086,561319
delhi,2023,4,pincode,110044,494483
delhi,2023,4,pincode,110041,493201
delhi,2023,4,pincode,110094,444837
delhi,2023,4,pincode,110085,442488
delhi,2023,4,pincode,110053,438988
delhi,2023,4,pincode,110096,430061
delhi,2023,4,pincode,110042,428202
delhi,2019,1,district,west,820526
delhi,2019,1,district,south east delhi,671667
delhi,2019,1,district,north west,583438
delhi,2019,1,district,new delhi,558516
delhi,2019,1,district,central delhi,529918
delhi,2019,1,district,south west,467571
delhi,2019,1,district,north,447987
delhi,2019,1,district,east,439639
delhi,2019,1,district,south,407519
delhi,2019,1,district,shahdara,310351
delhi,2019,1,pincode,110059,246566
delhi,2019,1,pincode,110092,206805
delhi,2019,1,pincode,110086,158267
delhi,2019,1,pincode,110085,152640
delhi,2019,1,pincode,110044,145716
delhi,2019,1,pincode,110096,135423
delhi,2019,1,pincode,110041,129476
delhi,2019,1,pincode,110043,117835
delhi,2019,1,pincode,110094,114562
delhi,2019,1,pincode,110042,113898
delhi,2019,2,district,west,919096
delhi,2019,2,district,south east delhi,749218
delhi,2019,2,district,north west,649377
delhi,2019,2,district,new delhi,637526
delhi,2019,2,district,central delhi,596940
delhi,2019,2,district,south west,519422
delhi,2019,2,district,north,502570
delhi,2019,2,district,east,487121
delhi,2019,2,district,south,453829
delhi,2019,2,district,shahdara,352312
delhi,2019,2,pincode,110059,274593
delhi,2019,2,pincode,110092,228546
delhi,2019,2,pincode,110086,177199
delhi,2019,2,pincode,110085,167307
delhi,2019,2,pincode,110044,162716
delhi,2019,2,pincode,110096,150097
delhi,2019,2,pincode,110041,146820
delhi,2019,2,pincode,110043,131498
delhi,2019,2,pincode,110094,130660
delhi,2019,2,pincode,110042,129008
delhi,2019,3,district,west,1008836
delhi,2019,3,district,south east delhi,821304
delhi,2019,3,district,north west,709448
delhi,2019,3,district,new delhi,705546
delhi,2019,3,district,central delhi,658985
delhi,2019,3,district,south west,567496
delhi,2019,3,district,north,554029
delhi,2019,3,district,east,532254
delhi,2019,3,district,south,498200
delhi,2019,3,district,shahdara,391827
delhi,2019,3,pincode,110059,300007
delhi,2019,3,pincode,110092,248727
delhi,2019,3,pincode,110086,194575
delhi,2019,3,pincode,110085,180186
delhi,2019,3,pincode,110044,178410
delhi,2019,3,pincode,110096,164301
delhi,2019,3,pincode,110041,163228
delhi,2019,3,pincode,110001,148352
delhi,2019,3,pincode,110094,146798
delhi,2019,3,pincode,110043,144276
delhi,2019,4,district,west,1081496
delhi,2019,4,district,south east delhi,883080
delhi,2019,4,district,north west,758620
delhi,2019,4,district,new delhi,757888
delhi,2019,4,district,central delhi,711015
delhi,2019,4,district,south west,605482
delhi,2019,4,district,north,598910
delhi,2019,4,district,east,568283
delhi,2019,4,district,south,533716
delhi,2019,4,district,shahdara,425305
delhi,2019,4,pincode,110059,320535
delhi,2019,4,pincode,110092,264380
delhi,2019,4,pincode,110086,209488
delhi,2019,4,pincode,110044,192424
delhi,2019,4,pincode,110085,189774
delhi,2019,4,pincode,110041,177838
delhi,2019,4,pincode,110096,176194
delhi,2019,4,pincode,110094,161096
delhi,2019,4,pincode,110001,160180
delhi,2019,4,pincode,110053,156000
delhi,2021,1,district,west,1559112
delhi,2021,1,district,south east delhi,1260645
delhi,2021,1,district,north west,1094464
delhi,2021,1,district,new delhi,1039016
delhi,2021,1,district,central delhi,1035060
delhi,2021,1,district,north,890194
delhi,2021,1,district,south west,849223
delhi,2021,1,district,east,786308
delhi,2021,1,district,south,749173
delhi,2021,1,district,shahdara,636908
delhi,2021,1,pincode,110059,454201
delhi,2021,1,pincode,110092,359376
delhi,2021,1,pincode,110086,310419
delhi,2021,1,pincode,110044,278606
delhi,2021,1,pincode,110041,272303
delhi,2021,1,pincode,110085,257921
delhi,2021,1,pincode,110094,248570
delhi,2021,1,pincode,110053,245562
delhi,2021,1,pincode,110096,245046
delhi,2021,1,pincode,110042,237271
delhi,2021,2,district,west,1666267
delhi,2021,2,district,south east delhi,1346063
delhi,2021,2,district,north west,1170137
delhi,2021,2,district,new delhi,1108471
delhi,2021,2,district,central delhi,1105640
delhi,2021,2,district,north,952374
delhi,2021,2,district,south west,906878
delhi,2021,2,district,east,839185
delhi,2021,2,district,south,799590
delhi,2021,2,district,shahdara,681073
delhi,2021,2,pincode,110059,485328
delhi,2021,2,pincode,110092,383095
delhi,2021,2,pincode,110086,332618
delhi,2021,2,pincode,110044,297678
delhi,2021,2,pincode,110041,291909
delhi,2021,2,pincode,110085,275085
delhi,2021,2,pincode,110094,266143
delhi,2021,2,pincode,110053,262977
delhi,2021,2,pincode,110096,261791
delhi,2021,2,pincode,110042,254105
delhi,2021,3,district,west,1785309
delhi,2021,3,district,south east delhi,1441462
delhi,2021,3,district,north west,1254464
delhi,2021,3,district,new delhi,1185588
delhi,2021,3,district,central delhi,1184217
delhi,2021,3,district,north,1022251
delhi,2021,3,district,south west,971552
delhi,2021,3,district,east,898137
delhi,2021,3,district,south,855177
delhi,2021,3,district,shahdara,730209
delhi,2021,3,pincode,110059,520096
delhi,2021,3,pincode,110092,409520
delhi,2021,3,pincode,110086,357590
delhi,2021,3,pincode,110044,319096
delhi,2021,3,pincode,110041,314015
delhi,2021,3,pincode,110085,293937
delhi,2021,3,pincode,110094,285714
delhi,2021,3,pincode,110053,282380
delhi,2021,3,pincode,110096,280334
delhi,2021,3,pincode,110042,273110
delhi,2021,4,district,west,1905278
delhi,2021,4,district,south east delhi,1537814
delhi,2021,4,district,north west,1339480
delhi,2021,4,district,central delhi,1263911
delhi,2021,4,district,new delhi,1263818
delhi,2021,4,district,north,1093028
delhi,2021,4,district,south west,1036466
delhi,2021,4,district,east,957392
delhi,2021,4,district,south,911399
delhi,2021,4,district,shahdara,779798
delhi,2021,4,pincode,110059,555449
delhi,2021,4,pincode,110092,436075
delhi,2021,4,pincode,110086,382858
delhi,2021,4,pincode,110044,340833
delhi,2021,4,pincode,110041,336405
delhi,2021,4,pincode,110085,312819
delhi,2021,4,pincode,110094,305422
delhi,2021,4,pincode,110053,301988
delhi,2021,4,pincode,110096,299233
delhi,2021,4,pincode,110042,292597
delhi,2020,1,district,west,1160353
delhi,2020,1,district,south east delhi,947535
delhi,2020,1,district,north west,814249
delhi,2020,1,district,new delhi,810489
delhi,2020,1,district,central delhi,765149
delhi,2020,1,district,north,648654
delhi,2020,1,district,south west,644981
delhi,2020,1,district,east,604768
delhi,2020,1,district,south,570329
delhi,2020,1,district,shahdara,460186
delhi,2020,1,pincode,110059,342152
delhi,2020,1,pincode,110092,280039
delhi,2020,1,pincode,110086,226703
delhi,2020,1,pincode,110044,207511
delhi,2020,1,pincode,110085,200098
delhi,2020,1,pincode,110041,194243
delhi,2020,1,pincode,110096,187975
delhi,2020,1,pincode,110094,175645
delhi,2020,1,pincode,110001,171087
delhi,2020,1,pincode,110053,170522
delhi,2020,2,district,west,1243875
delhi,2020,2,district,south east delhi,1011931
delhi,2020,2,district,north west,877218
delhi,2020,2,district,new delhi,858515
delhi,2020,2,district,central delhi,821609
delhi,2020,2,district,north,704186
delhi,2020,2,district,south west,688199
delhi,2020,2,district,east,641233
delhi,2020,2,district,south,608062
delhi,2020,2,district,shahdara,498710
delhi,2020,2,pincode,110059,365614
delhi,2020,2,pincode,110092,295000
delhi,2020,2,pincode,110086,246312
delhi,2020,2,pincode,110044,223161
delhi,2020,2,pincode,110041,211987
delhi,2020,2,pincode,110085,211869
delhi,2020,2,pincode,110096,199631
delhi,2020,2,pincode,110094,192135
delhi,2020,2,pincode,110053,186853
delhi,2020,2,pincode,110042,186007
delhi,2020,3,district,west,1343895
delhi,2020,3,district,south east delhi,1088989
delhi,2020,3,district,north west,946954
delhi,2020,3,district,new delhi,912051
delhi,2020,3,district,central delhi,888536
delhi,2020,3,district,north,763389
delhi,2020,3,district,south west,739034
delhi,2020,3,district,east,685955
delhi,2020,3,district,south,651616
delhi,2020,3,district,shahdara,543831
delhi,2020,3,pincode,110059,393571
delhi,2020,3,pincode,110092,314384
delhi,2020,3,pincode,110086,267186
delhi,2020,3,pincode,110044,240937
delhi,2020,3,pincode,110041,231602
delhi,2020,3,pincode,110085,225882
delhi,2020,3,pincode,110096,213595
delhi,2020,3,pincode,110094,210508
delhi,2020,3,pincode,110053,205752
delhi,2020,3,pincode,110042,202151
delhi,2020,4,district,west,1451042
delhi,2020,4,district,south east delhi,1174221
delhi,2020,4,district,north west,1019187
delhi,2020,4,district,new delhi,971715
delhi,2020,4,district,central delhi,962750
delhi,2020,4,district,north,827019
delhi,2020,4,district,south west,792331
delhi,2020,4,district,east,734091
delhi,2020,4,district,south,699303
delhi,2020,4,district,shahdara,591192
delhi,2020,4,pincode,110059,423149
delhi,2020,4,pincode,110092,335783
delhi,2020,4,pincode,110086,288308
delhi,2020,4,pincode,110044,259476
delhi,2020,4,pincode,110041,252304
delhi,2020,4,pincode,110085,241334
delhi,2020,4,pincode,110094,230259
delhi,2020,4,pincode,110096,228635
delhi,2020,4,pincode,110053,226890
delhi,2020,4,pincode,110042,219941
delhi,2018,1,district,west,308558
delhi,2018,1,district,south east delhi,251213
delhi,2018,1,district,north west,223679
delhi,2018,1,district,new delhi,212008
delhi,2018,1,district,central delhi,202723
delhi,2018,1,district,south west,179197
delhi,2018,1,district,north,173622
delhi,2018,1,district,east,169295
delhi,2018,1,district,south,156706
delhi,2018,1,district,shahdara,114549
delhi,2018,1,pincode,110059,95496
delhi,2018,1,pincode,110092,83600
delhi,2018,1,pincode,110085,61333
delhi,2018,1,pincode,110086,59970
delhi,2018,1,pincode,110044,55765
delhi,2018,1,pincode,110096,50625
delhi,2018,1,pincode,110041,47451
delhi,2018,1,pincode,110043,46307
delhi,2018,1,pincode,110084,44143
delhi,2018,1,pincode,110042,42647
delhi,2018,2,district,west,406877
delhi,2018,2,district,south east delhi,333350
delhi,2018,2,district,north west,294038
delhi,2018,2,district,new delhi,282319
delhi,2018,2,district,central delhi,267154
delhi,2018,2,district,south west,236789
delhi,2018,2,district,north,227958
delhi,2018,2,district,east,221449
delhi,2018,2,district,south,206935
delhi,2018,2,district,shahdara,152113
delhi,2018,2,pincode,110059,124901
delhi,2018,2,pincode,110092,108175
delhi,2018,2,pincode,110086,79557
delhi,2018,2,pincode,110085,79225
delhi,2018,2,pincode,110044,73732
delhi,2018,2,pincode,110096,66744
delhi,2018,2,pincode,110041,63649
delhi,2018,2,pincode,110043,60887
delhi,2018,2,pincode,110084,57380
delhi,2018,2,pincode,110042,56366
delhi,2018,3,district,west,515854
delhi,2018,3,district,south east delhi,423177
delhi,2018,3,district,north west,376806
delhi,2018,3,district,new delhi,363140
delhi,2018,3,district,central delhi,340549
delhi,2018,3,district,south west,297663
delhi,2018,3,district,north,290251
delhi,2018,3,district,east,280847
delhi,2018,3,district,south,264628
delhi,2018,3,district,shahdara,192430
delhi,2018,3,pincode,110059,156028
delhi,2018,3,pincode,110092,136676
delhi,2018,3,pincode,110085,101332
delhi,2018,3,pincode,110086,100850
delhi,2018,3,pincode,110044,91279
delhi,2018,3,pincode,110096,84164
delhi,2018,3,pincode,110041,80112
delhi,2018,3,pincode,110043,74435
delhi,2018,3,pincode,110084,71154
delhi,2018,3,pincode,110042,71056
delhi,2018,4,district,west,686653
delhi,2018,4,district,south east delhi,564640
delhi,2018,4,district,north west,496928
delhi,2018,4,district,new delhi,470991
delhi,2018,4,district,central delhi,446787
delhi,2018,4,district,south west,393208
delhi,2018,4,district,north,379177
delhi,2018,4,district,east,373139
delhi,2018,4,district,south,344311
delhi,2018,4,district,shahdara,257785
delhi,2018,4,pincode,110059,206537
delhi,2018,4,pincode,110092,177133
delhi,2018,4,pincode,110086,133412
delhi,2018,4,pincode,110085,132600
delhi,2018,4,pincode,110044,121802
delhi,2018,4,pincode,110096,114255
delhi,2018,4,pincode,110041,106984
delhi,2018,4,pincode,110043,98358
delhi,2018,4,pincode,110042,95335
delhi,2018,4,pincode,110094,94322
west-bengal,2022,1,district,north twenty four parganas,3224459
west-bengal,2022,1,district,kolkata,2340343
west-bengal,2022,1,district,south twenty four parganas,1569037
west-bengal,2022,1,district,murshidabad,1524507
west-bengal,2022,1,district,hooghly,1356282
west-bengal,2022,1,district,howrah,1218931
west-bengal,2022,1,district,nadia,1164783
west-bengal,2022,1,district,purba medinipur,1155279
west-bengal,2022,1,district,paschim medinipur,1048100
west-bengal,2022,1,district,purba bardhaman,962974
west-bengal,2022,1,pincode,711101,139738
west-bengal,2022,1,pincode,700006,119101
west-bengal,2022,1,pincode,700135,106987
west-bengal,2022,1,pincode,700156,98734
west-bengal,2022,1,pincode,700039,93674
west-bengal,2022,1,pincode,700015,93175
west-bengal,2022,1,pincode,742304,91059
west-bengal,2022,1,pincode,721101,90324
west-bengal,2022,1,pincode,700091,88432
west-bengal,2022,1,pincode,700150,87552
west-bengal,2022,2,district,north twenty four parganas,3397791
west-bengal,2022,2,district,kolkata,2461795
west-bengal,2022,2,district,south twenty four parganas,1655743
west-bengal,2022,2,district,murshidabad,1608797
west-bengal,2022,2,district,hooghly,1429378
west-bengal,2022,2,district,howrah,1285159
west-bengal,2022,2,district,nadia,1229358
west-bengal,2022,2,district,purba medinipur,1219530
west-bengal,2022,2,district,paschim medinipur,1105840
west-bengal,2022,2,district,purba bardhaman,1016127
west-bengal,2022,2,pincode,711101,147152
west-bengal,2022,2,pincode,700006,125316
west-bengal,2022,2,pincode,700135,112749
west-bengal,2022,2,pincode,700156,103879
west-bengal,2022,2,pincode,700039,98592
west-bengal,2022,2,pincode,700015,98087
west-bengal,2022,2,pincode,742304,95822
west-bengal,2022,2,pincode,721101,95145
west-bengal,2022,2,pincode,700091,92988
west-bengal,2022,2,pincode,700150,92299
west-bengal,2022,3,district,north twenty four parganas,3578500
west-bengal,2022,3,district,kolkata,2588380
west-bengal,2022,3,district,south twenty four parganas,1745822
west-bengal,2022,3,district,murshidabad,1696729
west-bengal,2022,3,district,hooghly,1506412
west-bengal,2022,3,district,howrah,1354886
west-bengal,2022,3,district,nadia,1296764
west-bengal,2022,3,district,purba medinipur,1286641
west-bengal,2022,3,district,paschim medinipur,1165076
west-bengal,2022,3,district,purba bardhaman,1070637
west-bengal,2022,3,pincode,711101,154935
west-bengal,2022,3,pincode,700006,131837
west-bengal,2022,3,pincode,700135,118831
west-bengal,2022,3,pincode,700156,109159
west-bengal,2022,3,pincode,700039,103750
west-bengal,2022,3,pincode,700015,103268
west-bengal,2022,3,pincode,742304,100694
west-bengal,2022,3,pincode,721101,100212
west-bengal,2022,3,pincode,700091,97621
west-bengal,2022,3,pincode,700150,97135
west-bengal,2022,4,district,north twenty four parganas,3755017
west-bengal,2022,4,district,kolkata,2716412
west-bengal,2022,4,district,south twenty four parganas,1828512
west-bengal,2022,4,district,murshidabad,1778470
west-bengal,2022,4,district,hooghly,1579023
west-bengal,2022,4,district,howrah,1422011
west-bengal,2022,4,district,nadia,1359420
west-bengal,2022,4,district,purba medinipur,1346908
west-bengal,2022,4,district,paschim medinipur,1217113
west-bengal,2022,4,district,purba bardhaman,1119310
west-bengal,2022,4,pincode,711101,162816
west-bengal,2022,4,pincode,700006,138486
west-bengal,2022,4,pincode,700135,124707
west-bengal,2022,4,pincode,700156,114380
west-bengal,2022,4,pincode,700039,109027
west-bengal,2022,4,pincode,700015,108457
west-bengal,2022,4,pincode,742304,105471
west-bengal,2022,4,pincode,721101,105279
west-bengal,2022,4,pincode,700091,102363
west-bengal,2022,4,pincode,700150,101966
west-bengal,2024,1,district,north twenty four parganas,4570438
west-bengal,2024,1,district,kolkata,3279239
west-bengal,2024,1,district,south twenty four parganas,2243985
west-bengal,2024,1,district,murshidabad,2188015
west-bengal,2024,1,district,hooghly,1930844
west-bengal,2024,1,district,howrah,1737851
west-bengal,2024,1,district,nadia,1671140
west-bengal,2024,1,district,purba medinipur,1655920
west-bengal,2024,1,district,paschim medinipur,1498903
west-bengal,2024,1,district,purba bardhaman,1377496
west-bengal,2024,1,pincode,711101,197875
west-bengal,2024,1,pincode,700006,167550
west-bengal,2024,1,pincode,700135,152223
west-bengal,2024,1,pincode,700156,137452
west-bengal,2024,1,pincode,700039,132142
west-bengal,2024,1,pincode,700015,131676
west-bengal,2024,1,pincode,742304,127917
west-bengal,2024,1,pincode,721101,127891
west-bengal,2024,1,pincode,700150,123919
west-bengal,2024,1,pincode,700091,122985
west-bengal,2024,2,district,north twenty four parganas,4746814
west-bengal,2024,2,district,kolkata,3404100
west-bengal,2024,2,district,south twenty four parganas,2333257
west-bengal,2024,2,district,murshidabad,2271497
west-bengal,2024,2,district,hooghly,2007748
west-bengal,2024,2,district,howrah,1807232
west-bengal,2024,2,district,nadia,1737326
west-bengal,2024,2,district,purba medinipur,1721598
west-bengal,2024,2,district,paschim medinipur,1558562
west-bengal,2024,2,district,purba bardhaman,1432719
west-bengal,2024,2,pincode,711101,205645
west-bengal,2024,2,pincode,700006,173898
west-bengal,2024,2,pincode,700135,158268
west-bengal,2024,2,pincode,700156,142515
west-bengal,2024,2,pincode,700039,137354
west-bengal,2024,2,pincode,700015,136835
west-bengal,2024,2,pincode,721101,132872
west-bengal,2024,2,pincode,742304,131799
west-bengal,2024,2,pincode,700150,128721
west-bengal,2024,2,pincode,700091,127531
west-bengal,2024,3,district,north twenty four parganas,4926291
west-bengal,2024,3,district,kolkata,3380214
west-bengal,2024,3,district,south twenty four parganas,2439683
west-bengal,2024,3,district,murshidabad,2382885
west-bengal,2024,3,district,howrah,2078394
west-bengal,2024,3,district,hooghly,1893901
west-bengal,2024,3,district,nadia,1798554
west-bengal,2024,3,district,purba medinipur,1656767
west-bengal,2024,3,district,paschim medinipur,1469201
west-bengal,2024,3,district,paschim bardhaman,1423040
west-bengal,2024,3,pincode,721301,253066
west-bengal,2024,3,pincode,700135,198597
west-bengal,2024,3,pincode,734001,195375
west-bengal,2024,3,pincode,711101,175530
west-bengal,2024,3,pincode,700039,166965
west-bengal,2024,3,pincode,700059,165164
west-bengal,2024,3,pincode,733134,164153
west-bengal,2024,3,pincode,711302,141463
west-bengal,2024,3,pincode,711106,138727
west-bengal,2024,3,pincode,700150,138189
west-bengal,2024,4,district,north twenty four parganas,5085095
west-bengal,2024,4,district,kolkata,3476288
west-bengal,2024,4,district,south twenty four parganas,2525913
west-bengal,2024,4,district,murshidabad,2463675
west-bengal,2024,4,district,howrah,2140752
west-bengal,2024,4,district,hooghly,1957356
west-bengal,2024,4,district,nadia,1861738
west-bengal,2024,4,district,purba medinipur,1717074
west-bengal,2024,4,district,paschim medinipur,1522845
west-bengal,2024,4,district,paschim bardhaman,1468252
west-bengal,2024,4,pincode,721301,260807
west-bengal,2024,4,pincode,700135,205916
west-bengal,2024,4,pincode,734001,201449
west-bengal,2024,4,pincode,711101,178662
west-bengal,2024,4,pincode,700039,172027
west-bengal,2024,4,pincode,733134,169596
west-bengal,2024,4,pincode,700059,169448
west-bengal,2024,4,pincode,711302,146034
west-bengal,2024,4,pincode,700150,142151
west-bengal,2024,4,pincode,711106,142077
west-bengal,2023,1,district,north twenty four parganas,3926974
west-bengal,2023,1,district,kolkata,2838411
west-bengal,2023,1,district,south twenty four parganas,1913867
west-bengal,2023,1,district,murshidabad,1868610
west-bengal,2023,1,district,hooghly,1651210
west-bengal,2023,1,district,howrah,1488195
west-bengal,2023,1,district,nadia,1423179
west-bengal,2023,1,district,purba medinipur,1409101
west-bengal,2023,1,district,paschim medinipur,1274166
west-bengal,2023,1,district,purba bardhaman,1171416
west-bengal,2023,1,pincode,711101,170440
west-bengal,2023,1,pincode,700006,144816
west-bengal,2023,1,pincode,700135,130409
west-bengal,2023,1,pincode,700156,119413
west-bengal,2023,1,pincode,700039,113983
west-bengal,2023,1,pincode,700015,113400
west-bengal,2023,1,pincode,742304,111188
west-bengal,2023,1,pincode,721101,110111
west-bengal,2023,1,pincode,700091,106950
west-bengal,2023,1,pincode,700150,106554
west-bengal,2023,2,district,north twenty four parganas,4079270
west-bengal,2023,2,district,kolkata,2941189
west-bengal,2023,2,district,south twenty four parganas,1993465
west-bengal,2023,2,district,murshidabad,1943677
west-bengal,2023,2,district,hooghly,1717832
west-bengal,2023,2,district,howrah,1546777
west-bengal,2023,2,district,nadia,1482400
west-bengal,2023,2,district,purba medinipur,1468608
west-bengal,2023,2,district,paschim medinipur,1328693
west-bengal,2023,2,district,purba bardhaman,1221383
west-bengal,2023,2,pincode,711101,176861
west-bengal,2023,2,pincode,700006,150098
west-bengal,2023,2,pincode,700135,135679
west-bengal,2023,2,pincode,700156,123670
west-bengal,2023,2,pincode,700039,118190
west-bengal,2023,2,pincode,700015,117690
west-bengal,2023,2,pincode,742304,114746
west-bengal,2023,2,pincode,721101,114293
west-bengal,2023,2,pincode,700150,110694
west-bengal,2023,2,pincode,700091,110637
west-bengal,2023,3,district,north twenty four parganas,4241525
west-bengal,2023,3,district,kolkata,3053050
west-bengal,2023,3,district,south twenty four parganas,2074469
west-bengal,2023,3,district,murshidabad,2023550
west-bengal,2023,3,district,hooghly,1787671
west-bengal,2023,3,district,howrah,1608895
west-bengal,2023,3,district,nadia,1544294
west-bengal,2023,3,district,purba medinipur,1530289
west-bengal,2023,3,district,paschim medinipur,1384076
west-bengal,2023,3,district,purba bardhaman,1272153
west-bengal,2023,3,pincode,711101,183739
west-bengal,2023,3,pincode,700006,155979
west-bengal,2023,3,pincode,700135,141013
west-bengal,2023,3,pincode,700156,128192
west-bengal,2023,3,pincode,700039,122792
west-bengal,2023,3,pincode,700015,122316
west-bengal,2023,3,pincode,742304,119245
west-bengal,2023,3,pincode,721101,118798
west-bengal,2023,3,pincode,700150,114987
west-bengal,2023,3,pincode,734006,113991
west-bengal,2023,4,district,north twenty four parganas,4396190
west-bengal,2023,4,district,kolkata,3159912
west-bengal,2023,4,district,south twenty four parganas,2154289
west-bengal,2023,4,district,murshidabad,2100695
west-bengal,2023,4,district,hooghly,1855311
west-bengal,2023,4,district,howrah,1669556
west-bengal,2023,4,district,nadia,1603527
west-bengal,2023,4,district,purba medinipur,1589203
west-bengal,2023,4,district,paschim medinipur,1437662
west-bengal,2023,4,district,purba bardhaman,1321422
west-bengal,2023,4,pincode,711101,190311
west-bengal,2023,4,pincode,700006,161415
west-bengal,2023,4,pincode,700135,146345
west-bengal,2023,4,pincode,700156,132452
west-bengal,2023,4,pincode,700039,127254
west-bengal,2023,4,pincode,700015,126663
west-bengal,2023,4,pincode,742304,123320
west-bengal,2023,4,pincode,721101,123088
west-bengal,2023,4,pincode,700150,119283
west-bengal,2023,4,pincode,700091,118578
west-bengal,2019,1,district,north twenty four parganas,1130983
west-bengal,2019,1,district,kolkata,868126
west-bengal,2019,1,district,south twenty four parganas,487180
west-bengal,2019,1,district,hooghly,480952
west-bengal,2019,1,district,murshidabad,478812
west-bengal,2019,1,district,howrah,410583
west-bengal,2019,1,district,purba medinipur,389583
west-bengal,2019,1,district,nadia,385179
west-bengal,2019,1,district,paschim medinipur,361979
west-bengal,2019,1,district,paschim bardhaman,349928
west-bengal,2019,1,pincode,711101,51367
west-bengal,2019,1,pincode,700006,45036
west-bengal,2019,1,pincode,700156,41906
west-bengal,2019,1,pincode,700135,40010
west-bengal,2019,1,pincode,700091,38808
west-bengal,2019,1,pincode,721101,36261
west-bengal,2019,1,pincode,700039,33907
west-bengal,2019,1,pincode,700015,33113
west-bengal,2019,1,pincode,700019,32710
west-bengal,2019,1,pincode,700001,32530
west-bengal,2019,2,district,north twenty four parganas,1312362
west-bengal,2019,2,district,kolkata,1014406
west-bengal,2019,2,district,south twenty four parganas,579599
west-bengal,2019,2,district,hooghly,557946
west-bengal,2019,2,district,murshidabad,548604
west-bengal,2019,2,district,howrah,480813
west-bengal,2019,2,district,purba medinipur,448850
west-bengal,2019,2,district,nadia,447979
west-bengal,2019,2,district,paschim medinipur,411877
west-bengal,2019,2,district,paschim bardhaman,395259
west-bengal,2019,2,pincode,711101,60136
west-bengal,2019,2,pincode,700006,52627
west-bengal,2019,2,pincode,700156,47420
west-bengal,2019,2,pincode,700135,45853
west-bengal,2019,2,pincode,700091,43980
west-bengal,2019,2,pincode,721101,40414
west-bengal,2019,2,pincode,700039,39202
west-bengal,2019,2,pincode,700021,39042
west-bengal,2019,2,pincode,700015,38579
west-bengal,2019,2,pincode,700019,37693
west-bengal,2019,3,district,north twenty four parganas,1478650
west-bengal,2019,3,district,kolkata,1138965
west-bengal,2019,3,district,south twenty four parganas,659919
west-bengal,2019,3,district,hooghly,624518
west-bengal,2019,3,district,murshidabad,622422
west-bengal,2019,3,district,howrah,540552
west-bengal,2019,3,district,purba medinipur,504142
west-bengal,2019,3,district,nadia,502635
west-bengal,2019,3,district,paschim medinipur,455417
west-bengal,2019,3,district,paschim bardhaman,438438
west-bengal,2019,3,pincode,711101,67292
west-bengal,2019,3,pincode,700006,58861
west-bengal,2019,3,pincode,700156,52394
west-bengal,2019,3,pincode,700135,51552
west-bengal,2019,3,pincode,700091,48641
west-bengal,2019,3,pincode,700021,48503
west-bengal,2019,3,pincode,721101,44210
west-bengal,2019,3,pincode,700039,44028
west-bengal,2019,3,pincode,700015,43325
west-bengal,2019,3,pincode,700019,42157
west-bengal,2019,4,district,north twenty four parganas,1638605
west-bengal,2019,4,district,kolkata,1238698
west-bengal,2019,4,district,murshidabad,750671
west-bengal,2019,4,district,south twenty four parganas,741375
west-bengal,2019,4,district,hooghly,694972
west-bengal,2019,4,district,howrah,597553
west-bengal,2019,4,district,purba medinipur,573088
west-bengal,2019,4,district,nadia,571859
west-bengal,2019,4,district,paschim medinipur,520047
west-bengal,2019,4,district,paschim bardhaman,492425
west-bengal,2019,4,pincode,711101,72920
west-bengal,2019,4,pincode,700006,63522
west-bengal,2019,4,pincode,700135,56786
west-bengal,2019,4,pincode,700156,56363
west-bengal,2019,4,pincode,700021,53381
west-bengal,2019,4,pincode,700091,52114
west-bengal,2019,4,pincode,721101,48860
west-bengal,2019,4,pincode,700039,48153
west-bengal,2019,4,pincode,700015,47696
west-bengal,2019,4,pincode,700019,45694
west-bengal,2021,1,district,north twenty four parganas,2491076
west-bengal,2021,1,district,kolkata,1823074
west-bengal,2021,1,district,south twenty four parganas,1202229
west-bengal,2021,1,district,murshidabad,1166975
west-bengal,2021,1,district,hooghly,1046242
west-bengal,2021,1,district,howrah,940133
west-bengal,2021,1,district,nadia,893107
west-bengal,2021,1,district,purba medinipur,884605
west-bengal,2021,1,district,paschim medinipur,800530
west-bengal,2021,1,district,paschim bardhaman,738540
west-bengal,2021,1,pincode,711101,108369
west-bengal,2021,1,pincode,700006,92747
west-bengal,2021,1,pincode,700135,82532
west-bengal,2021,1,pincode,700156,77110
west-bengal,2021,1,pincode,700039,72654
west-bengal,2021,1,pincode,700015,72429
west-bengal,2021,1,pincode,742304,70194
west-bengal,2021,1,pincode,721101,70161
west-bengal,2021,1,pincode,700091,69142
west-bengal,2021,1,pincode,700150,67705
west-bengal,2021,2,district,north twenty four parganas,2660664
west-bengal,2021,2,district,kolkata,1944113
west-bengal,2021,2,district,south twenty four parganas,1286588
west-bengal,2021,2,district,murshidabad,1248602
west-bengal,2021,2,district,hooghly,1117731
west-bengal,2021,2,district,howrah,1004570
west-bengal,2021,2,district,nadia,955428
west-bengal,2021,2,district,purba medinipur,946277
west-bengal,2021,2,district,paschim medinipur,856640
west-bengal,2021,2,district,paschim bardhaman,789026
west-bengal,2021,2,pincode,711101,115675
west-bengal,2021,2,pincode,700006,98918
west-bengal,2021,2,pincode,700135,88230
west-bengal,2021,2,pincode,700156,82138
west-bengal,2021,2,pincode,700039,77544
west-bengal,2021,2,pincode,700015,77301
west-bengal,2021,2,pincode,742304,75175
west-bengal,2021,2,pincode,721101,74818
west-bengal,2021,2,pincode,700091,73614
west-bengal,2021,2,pincode,700150,72347
west-bengal,2021,3,district,north twenty four parganas,2852030
west-bengal,2021,3,district,kolkata,2078360
west-bengal,2021,3,district,south twenty four parganas,1383020
west-bengal,2021,3,district,murshidabad,1342984
west-bengal,2021,3,district,hooghly,1198858
west-bengal,2021,3,district,howrah,1077467
west-bengal,2021,3,district,nadia,1026795
west-bengal,2021,3,district,purba medinipur,1017925
west-bengal,2021,3,district,paschim medinipur,922218
west-bengal,2021,3,district,purba bardhaman,847622
west-bengal,2021,3,pincode,711101,123732
west-bengal,2021,3,pincode,700006,105800
west-bengal,2021,3,pincode,700135,94553
west-bengal,2021,3,pincode,700156,87746
west-bengal,2021,3,pincode,700039,82997
west-bengal,2021,3,pincode,700015,82658
west-bengal,2021,3,pincode,742304,80698
west-bengal,2021,3,pincode,721101,80088
west-bengal,2021,3,pincode,700091,78602
west-bengal,2021,3,pincode,700150,77501
west-bengal,2021,4,district,north twenty four parganas,3043008
west-bengal,2021,4,district,kolkata,2213659
west-bengal,2021,4,district,south twenty four parganas,1477679
west-bengal,2021,4,district,murshidabad,1435266
west-bengal,2021,4,district,hooghly,1278850
west-bengal,2021,4,district,howrah,1150144
west-bengal,2021,4,district,nadia,1096767
west-bengal,2021,4,district,purba medinipur,1087362
west-bengal,2021,4,district,paschim medinipur,985745
west-bengal,2021,4,district,purba bardhaman,905950
west-bengal,2021,4,pincode,711101,132051
west-bengal,2021,4,pincode,700006,112681
west-bengal,2021,4,pincode,700135,100918
west-bengal,2021,4,pincode,700156,93439
west-bengal,2021,4,pincode,700039,88546
west-bengal,2021,4,pincode,700015,88070
west-bengal,2021,4,pincode,742304,86045
west-bengal,2021,4,pincode,721101,85333
west-bengal,2021,4,pincode,700091,83634
west-bengal,2021,4,pincode,700150,82669
west-bengal,2020,1,district,north twenty four parganas,1789973
west-bengal,2020,1,district,kolkata,1336585
west-bengal,2020,1,district,murshidabad,830132
west-bengal,2020,1,district,south twenty four parganas,820857
west-bengal,2020,1,district,hooghly,755631
west-bengal,2020,1,district,howrah,654600
west-bengal,2020,1,district,nadia,633794
west-bengal,2020,1,district,purba medinipur,632173
west-bengal,2020,1,district,paschim medinipur,572195
west-bengal,2020,1,district,paschim bardhaman,538224
west-bengal,2020,1,pincode,711101,78806
west-bengal,2020,1,pincode,700006,68160
west-bengal,2020,1,pincode,700135,61201
west-bengal,2020,1,pincode,700156,60108
west-bengal,2020,1,pincode,700021,57719
west-bengal,2020,1,pincode,700091,54983
west-bengal,2020,1,pincode,721101,52626
west-bengal,2020,1,pincode,700039,52429
west-bengal,2020,1,pincode,700015,51964
west-bengal,2020,1,pincode,700019,49127
west-bengal,2020,2,district,north twenty four parganas,1966125
west-bengal,2020,2,district,kolkata,1454772
west-bengal,2020,2,district,murshidabad,922312
west-bengal,2020,2,district,south twenty four parganas,919118
west-bengal,2020,2,district,hooghly,833240
west-bengal,2020,2,district,howrah,732829
west-bengal,2020,2,district,nadia,701101
west-bengal,2020,2,district,purba medinipur,696243
west-bengal,2020,2,district,paschim medinipur,631931
west-bengal,2020,2,district,purba bardhaman,589508
west-bengal,2020,2,pincode,711101,86422
west-bengal,2020,2,pincode,700006,74060
west-bengal,2020,2,pincode,700135,66278
west-bengal,2020,2,pincode,700156,63653
west-bengal,2020,2,pincode,700021,59624
west-bengal,2020,2,pincode,700091,57756
west-bengal,2020,2,pincode,700039,57477
west-bengal,2020,2,pincode,700015,57162
west-bengal,2020,2,pincode,721101,56950
west-bengal,2020,2,pincode,742304,54600
west-bengal,2020,3,district,north twenty four parganas,2143943
west-bengal,2020,3,district,kolkata,1573291
west-bengal,2020,3,district,south twenty four parganas,1023020
west-bengal,2020,3,district,murshidabad,1005986
west-bengal,2020,3,district,hooghly,906517
west-bengal,2020,3,district,howrah,804627
west-bengal,2020,3,district,nadia,768633
west-bengal,2020,3,district,purba medinipur,760873
west-bengal,2020,3,district,paschim medinipur,689466
west-bengal,2020,3,district,purba bardhaman,639938
west-bengal,2020,3,pincode,711101,93507
west-bengal,2020,3,pincode,700006,80147
west-bengal,2020,3,pincode,700135,71442
west-bengal,2020,3,pincode,700156,67583
west-bengal,2020,3,pincode,700039,62344
west-bengal,2020,3,pincode,700015,62093
west-bengal,2020,3,pincode,721101,61247
west-bengal,2020,3,pincode,700021,61018
west-bengal,2020,3,pincode,700091,60907
west-bengal,2020,3,pincode,742304,60469
west-bengal,2020,4,district,north twenty four parganas,2321888
west-bengal,2020,4,district,kolkata,1700474
west-bengal,2020,4,district,south twenty four parganas,1118649
west-bengal,2020,4,district,murshidabad,1085899
west-bengal,2020,4,district,hooghly,977339
west-bengal,2020,4,district,howrah,875172
west-bengal,2020,4,district,nadia,832891
west-bengal,2020,4,district,purba medinipur,824961
west-bengal,2020,4,district,paschim medinipur,747114
west-bengal,2020,4,district,paschim bardhaman,688685
west-bengal,2020,4,pincode,711101,100995
west-bengal,2020,4,pincode,700006,86507
west-bengal,2020,4,pincode,700135,77035
west-bengal,2020,4,pincode,700156,72172
west-bengal,2020,4,pincode,700039,67602
west-bengal,2020,4,pincode,700015,67402
west-bengal,2020,4,pincode,721101,65712
west-bengal,2020,4,pincode,742304,65083
west-bengal,2020,4,pincode,700091,64738
west-bengal,2020,4,pincode,700150,63152
west-bengal,2018,1,district,north twenty four parganas,396980
west-bengal,2018,1,district,kolkata,306503
west-bengal,2018,1,district,murshidabad,187824
west-bengal,2018,1,district,hooghly,148033
west-bengal,2018,1,district,south twenty four parganas,142473
west-bengal,2018,1,district,paschim bardhaman,139310
west-bengal,2018,1,district,howrah,136589
west-bengal,2018,1,district,nadia,136396
west-bengal,2018,1,district,purba medinipur,131380
west-bengal,2018,1,district,paschim medinipur,127203
west-bengal,2018,1,pincode,711101,19073
west-bengal,2018,1,pincode,700156,16571
west-bengal,2018,1,pincode,700091,15736
west-bengal,2018,1,pincode,721101,14946
west-bengal,2018,1,pincode,700006,14316
west-bengal,2018,1,pincode,700135,12475
west-bengal,2018,1,pincode,700039,11794
west-bengal,2018,1,pincode,700001,11698
west-bengal,2018,1,pincode,732101,11660
west-bengal,2018,1,pincode,700059,11414
west-bengal,2018,2,district,north twenty four parganas,572438
west-bengal,2018,2,district,kolkata,431481
west-bengal,2018,2,district,murshidabad,276931
west-bengal,2018,2,district,hooghly,221090
west-bengal,2018,2,district,south twenty four parganas,214056
west-bengal,2018,2,district,nadia,209683
west-bengal,2018,2,district,paschim bardhaman,203750
west-bengal,2018,2,district,howrah,198699
west-bengal,2018,2,district,purba medinipur,195830
west-bengal,2018,2,district,paschim medinipur,185542
west-bengal,2018,2,pincode,711101,26613
west-bengal,2018,2,pincode,700156,22706
west-bengal,2018,2,pincode,700091,21380
west-bengal,2018,2,pincode,721101,20661
west-bengal,2018,2,pincode,700006,20325
west-bengal,2018,2,pincode,700135,17526
west-bengal,2018,2,pincode,700039,16775
west-bengal,2018,2,pincode,732101,16732
west-bengal,2018,2,pincode,700001,16470
west-bengal,2018,2,pincode,700019,16084
west-bengal,2018,3,district,north twenty four parganas,722572
west-bengal,2018,3,district,kolkata,548600
west-bengal,2018,3,district,murshidabad,335935
west-bengal,2018,3,district,south twenty four parganas,284988
west-bengal,2018,3,district,hooghly,280640
west-bengal,2018,3,district,nadia,262694
west-bengal,2018,3,district,howrah,255445
west-bengal,2018,3,district,purba medinipur,252759
west-bengal,2018,3,district,paschim bardhaman,251021
west-bengal,2018,3,district,paschim medinipur,238405
west-bengal,2018,3,pincode,711101,33006
west-bengal,2018,3,pincode,700156,28135
west-bengal,2018,3,pincode,700006,26275
west-bengal,2018,3,pincode,700091,26184
west-bengal,2018,3,pincode,721101,25642
west-bengal,2018,3,pincode,700135,22362
west-bengal,2018,3,pincode,700039,21204
west-bengal,2018,3,pincode,700019,20747
west-bengal,2018,3,pincode,732101,20722
west-bengal,2018,3,pincode,700001,20683
west-bengal,2018,4,district,north twenty four parganas,946634
west-bengal,2018,4,district,kolkata,721653
west-bengal,2018,4,district,murshidabad,417114
west-bengal,2018,4,district,hooghly,400360
west-bengal,2018,4,district,south twenty four parganas,398349
west-bengal,2018,4,district,howrah,339192
west-bengal,2018,4,district,nadia,325690
west-bengal,2018,4,district,purba medinipur,323889
west-bengal,2018,4,district,paschim medinipur,304068
west-bengal,2018,4,district,paschim bardhaman,302594
west-bengal,2018,4,pincode,711101,42834
west-bengal,2018,4,pincode,700006,36387
west-bengal,2018,4,pincode,700156,35762
west-bengal,2018,4,pincode,700135,33534
west-bengal,2018,4,pincode,700091,33109
west-bengal,2018,4,pincode,721101,31211
west-bengal,2018,4,pincode,700039,28039
west-bengal,2018,4,pincode,700019,27277
west-bengal,2018,4,pincode,700015,27165
west-bengal,2018,4,pincode,700001,27160
uttar-pradesh,2022,1,district,gautam buddha nagar,2822463
uttar-pradesh,2022,1,district,lucknow,2348173
uttar-pradesh,2022,1,district,ghaziabad,2298103
uttar-pradesh,2022,1,district,prayagraj,1504572
uttar-pradesh,2022,1,district,kanpur nagar,1431918
uttar-pradesh,2022,1,district,varanasi,1406056
uttar-pradesh,2022,1,district,agra,1279852
uttar-pradesh,2022,1,district,gorakhpur,1027283
uttar-pradesh,2022,1,district,meerut,967325
uttar-pradesh,2022,1,district,bareilly,875033
uttar-pradesh,2022,1,pincode,201301,698600
uttar-pradesh,2022,1,pincode,201009,385906
uttar-pradesh,2022,1,pincode,201102,342842
uttar-pradesh,2022,1,pincode,201307,312146
uttar-pradesh,2022,1,pincode,201318,295067
uttar-pradesh,2022,1,pincode,250001,282898
uttar-pradesh,2022,1,pincode,247001,281578
uttar-pradesh,2022,1,pincode,211002,269413
uttar-pradesh,2022,1,pincode,244001,256505
uttar-pradesh,2022,1,pincode,202001,249614
uttar-pradesh,2022,2,district,gautam buddha nagar,2973360
uttar-pradesh,2022,2,district,lucknow,2474317
uttar-pradesh,2022,2,district,ghaziabad,2421605
uttar-pradesh,2022,2,district,prayagraj,1590032
uttar-pradesh,2022,2,district,kanpur nagar,1510491
uttar-pradesh,2022,2,district,varanasi,1483315
uttar-pradesh,2022,2,district,agra,1351856
uttar-pradesh,2022,2,district,gorakhpur,1086399
uttar-pradesh,2022,2,district,meerut,1020429
uttar-pradesh,2022,2,district,bareilly,925536
uttar-pradesh,2022,2,pincode,201301,735907
uttar-pradesh,2022,2,pincode,201009,407033
uttar-pradesh,2022,2,pincode,201102,362067
uttar-pradesh,2022,2,pincode,201307,328207
uttar-pradesh,2022,2,pincode,201318,310735
uttar-pradesh,2022,2,pincode,250001,297920
uttar-pradesh,2022,2,pincode,247001,296944
uttar-pradesh,2022,2,pincode,211002,284353
uttar-pradesh,2022,2,pincode,244001,270738
uttar-pradesh,2022,2,pincode,202001,263278
uttar-pradesh,2022,3,district,gautam buddha nagar,3130224
uttar-pradesh,2022,3,district,lucknow,2604663
uttar-pradesh,2022,3,district,ghaziabad,2549377
uttar-pradesh,2022,3,district,prayagraj,1678668
uttar-pradesh,2022,3,district,kanpur nagar,1592126
uttar-pradesh,2022,3,district,varanasi,1563730
uttar-pradesh,2022,3,district,agra,1426154
uttar-pradesh,2022,3,district,gorakhpur,1148103
uttar-pradesh,2022,3,district,meerut,1075255
uttar-pradesh,2022,3,district,bareilly,977218
uttar-pradesh,2022,3,pincode,201301,774591
uttar-pradesh,2022,3,pincode,201009,428994
uttar-pradesh,2022,3,pincode,201102,382248
uttar-pradesh,2022,3,pincode,201307,344791
uttar-pradesh,2022,3,pincode,201318,327083
uttar-pradesh,2022,3,pincode,250001,313513
uttar-pradesh,2022,3,pincode,247001,312774
uttar-pradesh,2022,3,pincode,211002,300022
uttar-pradesh,2022,3,pincode,244001,285618
uttar-pradesh,2022,3,pincode,202001,277452
uttar-pradesh,2022,4,district,gautam buddha nagar,3286371
uttar-pradesh,2022,4,district,lucknow,2734333
uttar-pradesh,2022,4,district,ghaziabad,2676888
uttar-pradesh,2022,4,district,prayagraj,1763014
uttar-pradesh,2022,4,district,kanpur nagar,1673173
uttar-pradesh,2022,4,district,varanasi,1641943
uttar-pradesh,2022,4,district,agra,1497144
uttar-pradesh,2022,4,district,gorakhpur,1205580
uttar-pradesh,2022,4,district,meerut,1127324
uttar-pradesh,2022,4,district,bareilly,1025341
uttar-pradesh,2022,4,pincode,201301,814008
uttar-pradesh,2022,4,pincode,201009,451153
uttar-pradesh,2022,4,pincode,201102,402243
uttar-pradesh,2022,4,pincode,201307,361474
uttar-pradesh,2022,4,pincode,201318,343249
uttar-pradesh,2022,4,pincode,250001,328666
uttar-pradesh,2022,4,pincode,247001,328252
uttar-pradesh,2022,4,pincode,211002,316051
uttar-pradesh,2022,4,pincode,244001,300073
uttar-pradesh,2022,4,pincode,202001,291813
uttar-pradesh,2024,1,district,gautam buddha nagar,3965080
uttar-pradesh,2024,1,district,lucknow,3309599
uttar-pradesh,2024,1,district,ghaziabad,3240845
uttar-pradesh,2024,1,district,prayagraj,2163437
uttar-pradesh,2024,1,district,kanpur nagar,2038863
uttar-pradesh,2024,1,district,varanasi,2000419
uttar-pradesh,2024,1,district,agra,1827812
uttar-pradesh,2024,1,district,gorakhpur,1482201
uttar-pradesh,2024,1,district,meerut,1369150
uttar-pradesh,2024,1,district,bareilly,1256323
uttar-pradesh,2024,1,pincode,201301,984239
uttar-pradesh,2024,1,pincode,201009,548384
uttar-pradesh,2024,1,pincode,201102,492115
uttar-pradesh,2024,1,pincode,201307,432835
uttar-pradesh,2024,1,pincode,201318,412789
uttar-pradesh,2024,1,pincode,247001,397234
uttar-pradesh,2024,1,pincode,250001,396593
uttar-pradesh,2024,1,pincode,211002,384968
uttar-pradesh,2024,1,pincode,244001,365266
uttar-pradesh,2024,1,pincode,202001,354474
uttar-pradesh,2024,2,district,gautam buddha nagar,4112477
uttar-pradesh,2024,2,district,lucknow,3433006
uttar-pradesh,2024,2,district,ghaziabad,3364054
uttar-pradesh,2024,2,district,prayagraj,2246704
uttar-pradesh,2024,2,district,kanpur nagar,2116734
uttar-pradesh,2024,2,district,varanasi,2075958
uttar-pradesh,2024,2,district,agra,1897322
uttar-pradesh,2024,2,district,gorakhpur,1541095
uttar-pradesh,2024,2,district,meerut,1420863
uttar-pradesh,2024,2,district,bareilly,1304230
uttar-pradesh,2024,2,pincode,201301,1021560
uttar-pradesh,2024,2,pincode,201009,569781
uttar-pradesh,2024,2,pincode,201102,511202
uttar-pradesh,2024,2,pincode,201307,448420
uttar-pradesh,2024,2,pincode,201318,427688
uttar-pradesh,2024,2,pincode,247001,411889
uttar-pradesh,2024,2,pincode,250001,411227
uttar-pradesh,2024,2,pincode,211002,399277
uttar-pradesh,2024,2,pincode,244001,378979
uttar-pradesh,2024,2,pincode,202001,367824
uttar-pradesh,2024,3,district,gautambuddha nagar,4449683
uttar-pradesh,2024,3,district,lucknow,3565800
uttar-pradesh,2024,3,district,ghaziabad,3496832
uttar-pradesh,2024,3,district,prayagraj,2284614
uttar-pradesh,2024,3,district,agra,2103223
uttar-pradesh,2024,3,district,kanpur nagar,2099245
uttar-pradesh,2024,3,district,varanasi,2027531
uttar-pradesh,2024,3,district,gorakhpur,1685478
uttar-pradesh,2024,3,district,meerut,1591722
uttar-pradesh,2024,3,district,bareilly,1513919
uttar-pradesh,2024,3,pincode,201301,929874
uttar-pradesh,2024,3,pincode,201009,646266
uttar-pradesh,2024,3,pincode,201102,586024
uttar-pradesh,2024,3,pincode,201318,557500
uttar-pradesh,2024,3,pincode,202001,553823
uttar-pradesh,2024,3,pincode,244001,541197
uttar-pradesh,2024,3,pincode,247001,500622
uttar-pradesh,2024,3,pincode,282001,409910
uttar-pradesh,2024,3,pincode,201307,386339
uttar-pradesh,2024,3,pincode,283203,375071
uttar-pradesh,2024,4,district,gautambuddha nagar,4577065
uttar-pradesh,2024,4,district,lucknow,3675410
uttar-pradesh,2024,4,district,ghaziabad,3585148
uttar-pradesh,2024,4,district,prayagraj,2366419
uttar-pradesh,2024,4,district,agra,2177829
uttar-pradesh,2024,4,district,kanpur nagar,2169076
uttar-pradesh,2024,4,district,varanasi,2093895
uttar-pradesh,2024,4,district,gorakhpur,1752309
uttar-pradesh,2024,4,district,meerut,1641966
uttar-pradesh,2024,4,district,bareilly,1565625
uttar-pradesh,2024,4,pincode,201301,964283
uttar-pradesh,2024,4,pincode,201009,660474
uttar-pradesh,2024,4,pincode,201102,600484
uttar-pradesh,2024,4,pincode,202001,572694
uttar-pradesh,2024,4,pincode,201318,569084
uttar-pradesh,2024,4,pincode,244001,557938
uttar-pradesh,2024,4,pincode,247001,516928
uttar-pradesh,2024,4,pincode,282001,423154
uttar-pradesh,2024,4,pincode,201307,394532
uttar-pradesh,2024,4,pincode,283203,388080
uttar-pradesh,2023,1,district,gautam buddha nagar,3434422
uttar-pradesh,2023,1,district,lucknow,2858255
uttar-pradesh,2023,1,district,ghaziabad,2798185
uttar-pradesh,2023,1,district,prayagraj,1847496
uttar-pradesh,2023,1,district,kanpur nagar,1751281
uttar-pradesh,2023,1,district,varanasi,1718122
uttar-pradesh,2023,1,district,agra,1567104
uttar-pradesh,2023,1,district,gorakhpur,1263672
uttar-pradesh,2023,1,district,meerut,1178230
uttar-pradesh,2023,1,district,bareilly,1073906
uttar-pradesh,2023,1,pincode,201301,851451
uttar-pradesh,2023,1,pincode,201009,472156
uttar-pradesh,2023,1,pincode,201102,421148
uttar-pradesh,2023,1,pincode,201307,377174
uttar-pradesh,2023,1,pincode,201318,358519
uttar-pradesh,2023,1,pincode,250001,343215
uttar-pradesh,2023,1,pincode,247001,342913
uttar-pradesh,2023,1,pincode,211002,331246
uttar-pradesh,2023,1,pincode,244001,313785
uttar-pradesh,2023,1,pincode,202001,305180
uttar-pradesh,2023,2,district,gautam buddha nagar,3562632
uttar-pradesh,2023,2,district,lucknow,2965623
uttar-pradesh,2023,2,district,ghaziabad,2904454
uttar-pradesh,2023,2,district,prayagraj,1923415
uttar-pradesh,2023,2,district,kanpur nagar,1819802
uttar-pradesh,2023,2,district,varanasi,1786176
uttar-pradesh,2023,2,district,agra,1630258
uttar-pradesh,2023,2,district,gorakhpur,1315842
uttar-pradesh,2023,2,district,meerut,1224499
uttar-pradesh,2023,2,district,bareilly,1119305
uttar-pradesh,2023,2,pincode,201301,883262
uttar-pradesh,2023,2,pincode,201009,490549
uttar-pradesh,2023,2,pincode,201102,438404
uttar-pradesh,2023,2,pincode,201307,390571
uttar-pradesh,2023,2,pincode,201318,371461
uttar-pradesh,2023,2,pincode,250001,356132
uttar-pradesh,2023,2,pincode,247001,355869
uttar-pradesh,2023,2,pincode,211002,343690
uttar-pradesh,2023,2,pincode,244001,326263
uttar-pradesh,2023,2,pincode,202001,316879
uttar-pradesh,2023,3,district,gautam buddha nagar,3694806
uttar-pradesh,2023,3,district,lucknow,3079592
uttar-pradesh,2023,3,district,ghaziabad,3015494
uttar-pradesh,2023,3,district,prayagraj,2002831
uttar-pradesh,2023,3,district,kanpur nagar,1892032
uttar-pradesh,2023,3,district,varanasi,1857307
uttar-pradesh,2023,3,district,agra,1696452
uttar-pradesh,2023,3,district,gorakhpur,1370080
uttar-pradesh,2023,3,district,meerut,1272850
uttar-pradesh,2023,3,district,bareilly,1164885
uttar-pradesh,2023,3,pincode,201301,916333
uttar-pradesh,2023,3,pincode,201009,509567
uttar-pradesh,2023,3,pincode,201102,456202
uttar-pradesh,2023,3,pincode,201307,404383
uttar-pradesh,2023,3,pincode,201318,384922
uttar-pradesh,2023,3,pincode,247001,369754
uttar-pradesh,2023,3,pincode,250001,369729
uttar-pradesh,2023,3,pincode,211002,357229
uttar-pradesh,2023,3,pincode,244001,339288
uttar-pradesh,2023,3,pincode,202001,329040
uttar-pradesh,2023,4,district,gautam buddha nagar,3820774
uttar-pradesh,2023,4,district,lucknow,3186571
uttar-pradesh,2023,4,district,ghaziabad,3120359
uttar-pradesh,2023,4,district,prayagraj,2077118
uttar-pradesh,2023,4,district,kanpur nagar,1960237
uttar-pradesh,2023,4,district,varanasi,1924417
uttar-pradesh,2023,4,district,agra,1757237
uttar-pradesh,2023,4,district,gorakhpur,1422116
uttar-pradesh,2023,4,district,meerut,1317753
uttar-pradesh,2023,4,district,bareilly,1207371
uttar-pradesh,2023,4,pincode,201301,948041
uttar-pradesh,2023,4,pincode,201009,527630
uttar-pradesh,2023,4,pincode,201102,472944
uttar-pradesh,2023,4,pincode,201307,417786
uttar-pradesh,2023,4,pincode,201318,397777
uttar-pradesh,2023,4,pincode,247001,382408
uttar-pradesh,2023,4,pincode,250001,382212
uttar-pradesh,2023,4,pincode,211002,369972
uttar-pradesh,2023,4,pincode,244001,351270
uttar-pradesh,2023,4,pincode,202001,340875
uttar-pradesh,2019,1,district,gautam buddha nagar,1143614
uttar-pradesh,2019,1,district,lucknow,896208
uttar-pradesh,2019,1,district,ghaziabad,859583
uttar-pradesh,2019,1,district,prayagraj,532230
uttar-pradesh,2019,1,district,varanasi,524667
uttar-pradesh,2019,1,district,kanpur nagar,511583
uttar-pradesh,2019,1,district,agra,392222
uttar-pradesh,2019,1,district,gorakhpur,336196
uttar-pradesh,2019,1,district,meerut,311930
uttar-pradesh,2019,1,district,bareilly,279714
uttar-pradesh,2019,1,pincode,201301,301260
uttar-pradesh,2019,1,pincode,201009,144046
uttar-pradesh,2019,1,pincode,201307,135947
uttar-pradesh,2019,1,pincode,201318,118300
uttar-pradesh,2019,1,pincode,211002,115266
uttar-pradesh,2019,1,pincode,201102,103700
uttar-pradesh,2019,1,pincode,201304,98500
uttar-pradesh,2019,1,pincode,250001,98424
uttar-pradesh,2019,1,pincode,201308,97239
uttar-pradesh,2019,1,pincode,201014,95743
uttar-pradesh,2019,2,district,gautam buddha nagar,1282816
uttar-pradesh,2019,2,district,lucknow,1011470
uttar-pradesh,2019,2,district,ghaziabad,975605
uttar-pradesh,2019,2,district,prayagraj,602739
uttar-pradesh,2019,2,district,kanpur nagar,585796
uttar-pradesh,2019,2,district,varanasi,583444
uttar-pradesh,2019,2,district,agra,461224
uttar-pradesh,2019,2,district,gorakhpur,387961
uttar-pradesh,2019,2,district,meerut,361091
uttar-pradesh,2019,2,district,bareilly,318597
uttar-pradesh,2019,2,pincode,201301,336709
uttar-pradesh,2019,2,pincode,201009,163175
uttar-pradesh,2019,2,pincode,201307,150570
uttar-pradesh,2019,2,pincode,201318,132350
uttar-pradesh,2019,2,pincode,211002,127093
uttar-pradesh,2019,2,pincode,201102,120848
uttar-pradesh,2019,2,pincode,250001,114100
uttar-pradesh,2019,2,pincode,201304,110497
uttar-pradesh,2019,2,pincode,201308,107652
uttar-pradesh,2019,2,pincode,201014,106204
uttar-pradesh,2019,3,district,gautam buddha nagar,1415905
uttar-pradesh,2019,3,district,lucknow,1124832
uttar-pradesh,2019,3,district,ghaziabad,1088568
uttar-pradesh,2019,3,district,prayagraj,667277
uttar-pradesh,2019,3,district,kanpur nagar,655175
uttar-pradesh,2019,3,district,varanasi,639586
uttar-pradesh,2019,3,district,agra,530228
uttar-pradesh,2019,3,district,gorakhpur,434172
uttar-pradesh,2019,3,district,meerut,408972
uttar-pradesh,2019,3,district,bareilly,356146
uttar-pradesh,2019,3,pincode,201301,369425
uttar-pradesh,2019,3,pincode,201009,181701
uttar-pradesh,2019,3,pincode,201307,164576
uttar-pradesh,2019,3,pincode,201318,145568
uttar-pradesh,2019,3,pincode,201102,139053
uttar-pradesh,2019,3,pincode,211002,138117
uttar-pradesh,2019,3,pincode,250001,129231
uttar-pradesh,2019,3,pincode,201304,121814
uttar-pradesh,2019,3,pincode,201308,117632
uttar-pradesh,2019,3,pincode,247001,116900
uttar-pradesh,2019,4,district,gautam buddha nagar,1537791
uttar-pradesh,2019,4,district,lucknow,1221681
uttar-pradesh,2019,4,district,ghaziabad,1189357
uttar-pradesh,2019,4,district,prayagraj,738307
uttar-pradesh,2019,4,district,kanpur nagar,718251
uttar-pradesh,2019,4,district,varanasi,706509
uttar-pradesh,2019,4,district,agra,593453
uttar-pradesh,2019,4,district,gorakhpur,483523
uttar-pradesh,2019,4,district,meerut,455353
uttar-pradesh,2019,4,district,bareilly,398897
uttar-pradesh,2019,4,pincode,201301,398548
uttar-pradesh,2019,4,pincode,201009,198846
uttar-pradesh,2019,4,pincode,201307,177022
uttar-pradesh,2019,4,pincode,201318,157783
uttar-pradesh,2019,4,pincode,201102,156516
uttar-pradesh,2019,4,pincode,211002,149208
uttar-pradesh,2019,4,pincode,250001,142373
uttar-pradesh,2019,4,pincode,201304,132136
uttar-pradesh,2019,4,pincode,247001,128979
uttar-pradesh,2019,4,pincode,201308,126492
uttar-pradesh,2021,1,district,gautam buddha nagar,2181874
uttar-pradesh,2021,1,district,lucknow,1813076
uttar-pradesh,2021,1,district,ghaziabad,1773332
uttar-pradesh,2021,1,district,prayagraj,1143612
uttar-pradesh,2021,1,district,kanpur nagar,1100587
uttar-pradesh,2021,1,district,varanasi,1079309
uttar-pradesh,2021,1,district,agra,974389
uttar-pradesh,2021,1,district,gorakhpur,780306
uttar-pradesh,2021,1,district,meerut,741901
uttar-pradesh,2021,1,district,bareilly,662143
uttar-pradesh,2021,1,pincode,201301,541127
uttar-pradesh,2021,1,pincode,201009,296638
uttar-pradesh,2021,1,pincode,201102,260999
uttar-pradesh,2021,1,pincode,201307,243576
uttar-pradesh,2021,1,pincode,201318,228468
uttar-pradesh,2021,1,pincode,250001,218966
uttar-pradesh,2021,1,pincode,247001,215857
uttar-pradesh,2021,1,pincode,211002,207823
uttar-pradesh,2021,1,pincode,244001,195695
uttar-pradesh,2021,1,pincode,202001,191862
uttar-pradesh,2021,2,district,gautam buddha nagar,2329954
uttar-pradesh,2021,2,district,lucknow,1937173
uttar-pradesh,2021,2,district,ghaziabad,1895314
uttar-pradesh,2021,2,district,prayagraj,1225800
uttar-pradesh,2021,2,district,kanpur nagar,1176708
uttar-pradesh,2021,2,district,varanasi,1154661
uttar-pradesh,2021,2,district,agra,1044788
uttar-pradesh,2021,2,district,gorakhpur,835887
uttar-pradesh,2021,2,district,meerut,794314
uttar-pradesh,2021,2,district,bareilly,710778
uttar-pradesh,2021,2,pincode,201301,577428
uttar-pradesh,2021,2,pincode,201009,317155
uttar-pradesh,2021,2,pincode,201102,280019
uttar-pradesh,2021,2,pincode,201307,259579
uttar-pradesh,2021,2,pincode,201318,243997
uttar-pradesh,2021,2,pincode,250001,233826
uttar-pradesh,2021,2,pincode,247001,231243
uttar-pradesh,2021,2,pincode,211002,221839
uttar-pradesh,2021,2,pincode,244001,209784
uttar-pradesh,2021,2,pincode,202001,205129
uttar-pradesh,2021,3,district,gautam buddha nagar,2496114
uttar-pradesh,2021,3,district,lucknow,2076033
uttar-pradesh,2021,3,district,ghaziabad,2031752
uttar-pradesh,2021,3,district,prayagraj,1320432
uttar-pradesh,2021,3,district,kanpur nagar,1263050
uttar-pradesh,2021,3,district,varanasi,1239725
uttar-pradesh,2021,3,district,agra,1124720
uttar-pradesh,2021,3,district,gorakhpur,900171
uttar-pradesh,2021,3,district,meerut,853246
uttar-pradesh,2021,3,district,bareilly,766809
uttar-pradesh,2021,3,pincode,201301,618043
uttar-pradesh,2021,3,pincode,201009,340418
uttar-pradesh,2021,3,pincode,201102,301296
uttar-pradesh,2021,3,pincode,201307,277408
uttar-pradesh,2021,3,pincode,201318,261291
uttar-pradesh,2021,3,pincode,250001,250431
uttar-pradesh,2021,3,pincode,247001,248285
uttar-pradesh,2021,3,pincode,211002,237827
uttar-pradesh,2021,3,pincode,244001,225790
uttar-pradesh,2021,3,pincode,202001,220275
uttar-pradesh,2021,4,district,gautam buddha nagar,2664034
uttar-pradesh,2021,4,district,lucknow,2215886
uttar-pradesh,2021,4,district,ghaziabad,2169109
uttar-pradesh,2021,4,district,prayagraj,1414447
uttar-pradesh,2021,4,district,kanpur nagar,1349794
uttar-pradesh,2021,4,district,varanasi,1325315
uttar-pradesh,2021,4,district,agra,1204274
uttar-pradesh,2021,4,district,gorakhpur,964667
uttar-pradesh,2021,4,district,meerut,911852
uttar-pradesh,2021,4,district,bareilly,821986
uttar-pradesh,2021,4,pincode,201301,659549
uttar-pradesh,2021,4,pincode,201009,363860
uttar-pradesh,2021,4,pincode,201102,322687
uttar-pradesh,2021,4,pincode,201307,295293
uttar-pradesh,2021,4,pincode,201318,278720
uttar-pradesh,2021,4,pincode,250001,267154
uttar-pradesh,2021,4,pincode,247001,265421
uttar-pradesh,2021,4,pincode,211002,254063
uttar-pradesh,2021,4,pincode,244001,241620
uttar-pradesh,2021,4,pincode,202001,235384
uttar-pradesh,2020,1,district,gautam buddha nagar,1656331
uttar-pradesh,2020,1,district,lucknow,1329098
uttar-pradesh,2020,1,district,ghaziabad,1296464
uttar-pradesh,2020,1,district,prayagraj,816436
uttar-pradesh,2020,1,district,kanpur nagar,788847
uttar-pradesh,2020,1,district,varanasi,777234
uttar-pradesh,2020,1,district,agra,668251
uttar-pradesh,2020,1,district,gorakhpur,539316
uttar-pradesh,2020,1,district,meerut,509693
uttar-pradesh,2020,1,district,bareilly,452872
uttar-pradesh,2020,1,pincode,201301,425915
uttar-pradesh,2020,1,pincode,201009,216851
uttar-pradesh,2020,1,pincode,201307,188483
uttar-pradesh,2020,1,pincode,201102,176490
uttar-pradesh,2020,1,pincode,201318,170164
uttar-pradesh,2020,1,pincode,211002,159892
uttar-pradesh,2020,1,pincode,250001,156932
uttar-pradesh,2020,1,pincode,247001,145252
uttar-pradesh,2020,1,pincode,201304,142149
uttar-pradesh,2020,1,pincode,201308,134788
uttar-pradesh,2020,2,district,gautam buddha nagar,1756163
uttar-pradesh,2020,2,district,lucknow,1434386
uttar-pradesh,2020,2,district,ghaziabad,1399514
uttar-pradesh,2020,2,district,prayagraj,892787
uttar-pradesh,2020,2,district,kanpur nagar,864991
uttar-pradesh,2020,2,district,varanasi,851213
uttar-pradesh,2020,2,district,agra,746336
uttar-pradesh,2020,2,district,gorakhpur,600961
uttar-pradesh,2020,2,district,meerut,566838
uttar-pradesh,2020,2,district,bareilly,507342
uttar-pradesh,2020,2,pincode,201301,445271
uttar-pradesh,2020,2,pincode,201009,233893
uttar-pradesh,2020,2,pincode,201307,198973
uttar-pradesh,2020,2,pincode,201102,197204
uttar-pradesh,2020,2,pincode,201318,181101
uttar-pradesh,2020,2,pincode,250001,171693
uttar-pradesh,2020,2,pincode,211002,168162
uttar-pradesh,2020,2,pincode,247001,163186
uttar-pradesh,2020,2,pincode,201304,150626
uttar-pradesh,2020,2,pincode,244001,148286
uttar-pradesh,2020,3,district,gautam buddha nagar,1885370
uttar-pradesh,2020,3,district,lucknow,1551932
uttar-pradesh,2020,3,district,ghaziabad,1518450
uttar-pradesh,2020,3,district,prayagraj,974228
uttar-pradesh,2020,3,district,kanpur nagar,941379
uttar-pradesh,2020,3,district,varanasi,927313
uttar-pradesh,2020,3,district,agra,822893
uttar-pradesh,2020,3,district,gorakhpur,661272
uttar-pradesh,2020,3,district,meerut,624570
uttar-pradesh,2020,3,district,bareilly,558821
uttar-pradesh,2020,3,pincode,201301,472490
uttar-pradesh,2020,3,pincode,201009,254167
uttar-pradesh,2020,3,pincode,201102,217344
uttar-pradesh,2020,3,pincode,201307,212086
uttar-pradesh,2020,3,pincode,201318,195737
uttar-pradesh,2020,3,pincode,250001,187222
uttar-pradesh,2020,3,pincode,247001,180262
uttar-pradesh,2020,3,pincode,211002,179148
uttar-pradesh,2020,3,pincode,244001,163682
uttar-pradesh,2020,3,pincode,201304,161850
uttar-pradesh,2020,4,district,gautam buddha nagar,2030178
uttar-pradesh,2020,4,district,lucknow,1684510
uttar-pradesh,2020,4,district,ghaziabad,1647330
uttar-pradesh,2020,4,district,prayagraj,1059982
uttar-pradesh,2020,4,district,kanpur nagar,1022768
uttar-pradesh,2020,4,district,varanasi,1003989
uttar-pradesh,2020,4,district,agra,900497
uttar-pradesh,2020,4,district,gorakhpur,722618
uttar-pradesh,2020,4,district,meerut,686266
uttar-pradesh,2020,4,district,bareilly,611236
uttar-pradesh,2020,4,pincode,201301,504506
uttar-pradesh,2020,4,pincode,201009,275685
uttar-pradesh,2020,4,pincode,201102,240152
uttar-pradesh,2020,4,pincode,201307,227351
uttar-pradesh,2020,4,pincode,201318,212043
uttar-pradesh,2020,4,pincode,250001,203632
uttar-pradesh,2020,4,pincode,247001,199145
uttar-pradesh,2020,4,pincode,211002,193284
uttar-pradesh,2020,4,pincode,244001,180332
uttar-pradesh,2020,4,pincode,202001,177265
uttar-pradesh,2018,1,district,gautam buddha nagar,448768
uttar-pradesh,2018,1,district,lucknow,380070
uttar-pradesh,2018,1,district,ghaziabad,329683
uttar-pradesh,2018,1,district,prayagraj,220198
uttar-pradesh,2018,1,district,kanpur nagar,208389
uttar-pradesh,2018,1,district,varanasi,206788
uttar-pradesh,2018,1,district,agra,148387
uttar-pradesh,2018,1,district,gorakhpur,132769
uttar-pradesh,2018,1,district,meerut,123619
uttar-pradesh,2018,1,district,bareilly,112369
uttar-pradesh,2018,1,pincode,201301,114625
uttar-pradesh,2018,1,pincode,201307,56583
uttar-pradesh,2018,1,pincode,201009,54783
uttar-pradesh,2018,1,pincode,211002,51023
uttar-pradesh,2018,1,pincode,201318,49362
uttar-pradesh,2018,1,pincode,201308,42420
uttar-pradesh,2018,1,pincode,250001,41193
uttar-pradesh,2018,1,pincode,201014,38782
uttar-pradesh,2018,1,pincode,226010,38589
uttar-pradesh,2018,1,pincode,201304,37654
uttar-pradesh,2018,2,district,gautam buddha nagar,586350
uttar-pradesh,2018,2,district,lucknow,506261
uttar-pradesh,2018,2,district,ghaziabad,434115
uttar-pradesh,2018,2,district,prayagraj,297113
uttar-pradesh,2018,2,district,varanasi,288325
uttar-pradesh,2018,2,district,kanpur nagar,285101
uttar-pradesh,2018,2,district,agra,205298
uttar-pradesh,2018,2,district,gorakhpur,181126
uttar-pradesh,2018,2,district,meerut,167212
uttar-pradesh,2018,2,district,bareilly,152939
uttar-pradesh,2018,2,pincode,201301,151073
uttar-pradesh,2018,2,pincode,201307,72411
uttar-pradesh,2018,2,pincode,201009,71991
uttar-pradesh,2018,2,pincode,211002,68114
uttar-pradesh,2018,2,pincode,201318,63900
uttar-pradesh,2018,2,pincode,250001,54856
uttar-pradesh,2018,2,pincode,201308,53985
uttar-pradesh,2018,2,pincode,226010,51161
uttar-pradesh,2018,2,pincode,201014,50249
uttar-pradesh,2018,2,pincode,201304,49291
uttar-pradesh,2018,3,district,gautam buddha nagar,727480
uttar-pradesh,2018,3,district,lucknow,620328
uttar-pradesh,2018,3,district,ghaziabad,538532
uttar-pradesh,2018,3,district,prayagraj,363743
uttar-pradesh,2018,3,district,varanasi,352604
uttar-pradesh,2018,3,district,kanpur nagar,349250
uttar-pradesh,2018,3,district,agra,257453
uttar-pradesh,2018,3,district,gorakhpur,224409
uttar-pradesh,2018,3,district,meerut,205977
uttar-pradesh,2018,3,district,bareilly,187467
uttar-pradesh,2018,3,pincode,201301,188664
uttar-pradesh,2018,3,pincode,201307,89958
uttar-pradesh,2018,3,pincode,201009,88997
uttar-pradesh,2018,3,pincode,211002,81996
uttar-pradesh,2018,3,pincode,201318,77173
uttar-pradesh,2018,3,pincode,250001,66777
uttar-pradesh,2018,3,pincode,201308,66265
uttar-pradesh,2018,3,pincode,201014,63092
uttar-pradesh,2018,3,pincode,226010,62616
uttar-pradesh,2018,3,pincode,201304,61745
uttar-pradesh,2018,4,district,gautam buddha nagar,951342
uttar-pradesh,2018,4,district,lucknow,765152
uttar-pradesh,2018,4,district,ghaziabad,713372
uttar-pradesh,2018,4,district,prayagraj,451019
uttar-pradesh,2018,4,district,varanasi,447144
uttar-pradesh,2018,4,district,kanpur nagar,434315
uttar-pradesh,2018,4,district,agra,322749
uttar-pradesh,2018,4,district,gorakhpur,279761
uttar-pradesh,2018,4,district,meerut,258843
uttar-pradesh,2018,4,district,bareilly,233073
uttar-pradesh,2018,4,pincode,201301,250205
uttar-pradesh,2018,4,pincode,201009,118561
uttar-pradesh,2018,4,pincode,201307,115602
uttar-pradesh,2018,4,pincode,211002,99215
uttar-pradesh,2018,4,pincode,201318,98765
uttar-pradesh,2018,4,pincode,201102,83251
uttar-pradesh,2018,4,pincode,201308,83096
uttar-pradesh,2018,4,pincode,250001,82743
uttar-pradesh,2018,4,pincode,201014,81787
uttar-pradesh,2018,4,pincode,201304,81781
goa,2022,1,district,north goa,456250
goa,2022,1,district,south goa,282378
goa,2022,1,pincode,403601,42284
goa,2022,1,pincode,403001,40658
goa,2022,1,pincode,403516,39737
goa,2022,1,pincode,403401,38530
goa,2022,1,pincode,403507,32152
goa,2022,1,pincode,403802,30460
goa,2022,1,pincode,403722,29946
goa,2022,1,pincode,403521,22153
goa,2022,1,pincode,403512,19621
goa,2022,1,pincode,403515,16746
goa,2022,2,district,north goa,480353
goa,2022,2,district,south goa,297426
goa,2022,2,pincode,403601,44524
goa,2022,2,pincode,403001,42745
goa,2022,2,pincode,403516,41711
goa,2022,2,pincode,403401,40592
goa,2022,2,pincode,403507,33849
goa,2022,2,pincode,403802,32057
goa,2022,2,pincode,403722,31588
goa,2022,2,pincode,403521,23291
goa,2022,2,pincode,403512,20688
goa,2022,2,pincode,403515,17575
goa,2022,3,district,north goa,504946
goa,2022,3,district,south goa,312884
goa,2022,3,pincode,403601,46781
goa,2022,3,pincode,403001,44871
goa,2022,3,pincode,403516,43715
goa,2022,3,pincode,403401,42722
goa,2022,3,pincode,403507,35584
goa,2022,3,pincode,403802,33724
goa,2022,3,pincode,403722,33341
goa,2022,3,pincode,403521,24473
goa,2022,3,pincode,403512,21788
goa,2022,3,pincode,403515,18401
goa,2022,4,district,north goa,527826
goa,2022,4,district,south goa,327376
goa,2022,4,pincode,403601,49007
goa,2022,4,pincode,403001,46997
goa,2022,4,pincode,403516,45745
goa,2022,4,pincode,403401,44729
goa,2022,4,pincode,403507,37261
goa,2022,4,pincode,403802,35405
goa,2022,4,pincode,403722,35057
goa,2022,4,pincode,403521,25628
goa,2022,4,pincode,403512,22733
goa,2022,4,pincode,403515,19246
goa,2024,1,district,north goa,637677
goa,2024,1,district,south goa,397373
goa,2024,1,pincode,403601,58940
goa,2024,1,pincode,403001,56283
goa,2024,1,pincode,403516,54487
goa,2024,1,pincode,403401,54242
goa,2024,1,pincode,403507,44989
goa,2024,1,pincode,403722,42895
goa,2024,1,pincode,403802,42787
goa,2024,1,pincode,403521,30789
goa,2024,1,pincode,403512,27736
goa,2024,1,pincode,403515,23003
goa,2024,2,district,north goa,661408
goa,2024,2,district,south goa,412108
goa,2024,2,pincode,403601,61101
goa,2024,2,pincode,403001,58327
goa,2024,2,pincode,403516,56453
goa,2024,2,pincode,403401,56294
goa,2024,2,pincode,403507,46652
goa,2024,2,pincode,403722,44513
goa,2024,2,pincode,403802,44336
goa,2024,2,pincode,403521,31894
goa,2024,2,pincode,403512,28792
goa,2024,2,pincode,403515,23798
goa,2024,3,district,north goa,589892
goa,2024,3,district,south goa,524142
goa,2024,3,pincode,403516,84080
goa,2024,3,pincode,403601,56942
goa,2024,3,pincode,403507,52133
goa,2024,3,pincode,403001,51233
goa,2024,3,pincode,403802,47824
goa,2024,3,pincode,403401,45431
goa,2024,3,pincode,403722,38927
goa,2024,3,pincode,403501,30835
goa,2024,3,pincode,403509,30835
goa,2024,3,pincode,403512,28486
goa,2024,4,district,north goa,605009
goa,2024,4,district,south goa,538323
goa,2024,4,pincode,403516,85822
goa,2024,4,pincode,403601,58586
goa,2024,4,pincode,403507,53725
goa,2024,4,pincode,403001,52514
goa,2024,4,pincode,403802,49057
goa,2024,4,pincode,403401,46639
goa,2024,4,pincode,403722,40100
goa,2024,4,pincode,403501,31498
goa,2024,4,pincode,403509,31432
goa,2024,4,pincode,403512,29553
goa,2023,1,district,north goa,550554
goa,2023,1,district,south goa,341631
goa,2023,1,pincode,403601,51090
goa,2023,1,pincode,403001,49009
goa,2023,1,pincode,403516,47604
goa,2023,1,pincode,403401,46716
goa,2023,1,pincode,403507,38878
goa,2023,1,pincode,403802,36991
goa,2023,1,pincode,403722,36725
goa,2023,1,pincode,403521,26694
goa,2023,1,pincode,403512,23734
goa,2023,1,pincode,403515,20070
goa,2023,2,district,north goa,571111
goa,2023,2,district,south goa,354909
goa,2023,2,pincode,403601,52926
goa,2023,2,pincode,403001,50691
goa,2023,2,pincode,403516,49202
goa,2023,2,pincode,403401,48492
goa,2023,2,pincode,403507,40331
goa,2023,2,pincode,403802,38360
goa,2023,2,pincode,403722,38166
goa,2023,2,pincode,403521,27648
goa,2023,2,pincode,403512,24698
goa,2023,2,pincode,403515,20746
goa,2023,3,district,north goa,593176
goa,2023,3,district,south goa,368655
goa,2023,3,pincode,403601,54900
goa,2023,3,pincode,403001,52510
goa,2023,3,pincode,403516,51006
goa,2023,3,pincode,403401,50416
goa,2023,3,pincode,403507,41891
goa,2023,3,pincode,403802,39799
goa,2023,3,pincode,403722,39670
goa,2023,3,pincode,403521,28680
goa,2023,3,pincode,403512,25682
goa,2023,3,pincode,403515,21511
goa,2023,4,district,north goa,613836
goa,2023,4,district,south goa,382087
goa,2023,4,pincode,403601,56885
goa,2023,4,pincode,403001,54280
goa,2023,4,pincode,403516,52605
goa,2023,4,pincode,403401,52198
goa,2023,4,pincode,403507,43282
goa,2023,4,pincode,403802,41222
goa,2023,4,pincode,403722,41184
goa,2023,4,pincode,403521,29665
goa,2023,4,pincode,403512,26680
goa,2023,4,pincode,403515,22181
goa,2019,1,district,north goa,147802
goa,2019,1,district,south goa,90350
goa,2019,1,pincode,403516,15021
goa,2019,1,pincode,403001,14063
goa,2019,1,pincode,403601,13406
goa,2019,1,pincode,403401,12431
goa,2019,1,pincode,403722,11012
goa,2019,1,pincode,403802,9859
goa,2019,1,pincode,403507,9777
goa,2019,1,pincode,403521,7471
goa,2019,1,pincode,403515,6247
goa,2019,1,pincode,403512,5763
goa,2019,2,district,north goa,173002
goa,2019,2,district,south goa,105938
goa,2019,2,pincode,403516,17020
goa,2019,2,pincode,403001,16546
goa,2019,2,pincode,403601,15906
goa,2019,2,pincode,403401,14462
goa,2019,2,pincode,403722,12443
goa,2019,2,pincode,403802,11642
goa,2019,2,pincode,403507,11602
goa,2019,2,pincode,403521,8708
goa,2019,2,pincode,403515,7164
goa,2019,2,pincode,403512,6805
goa,2019,3,district,north goa,197361
goa,2019,3,district,south goa,119833
goa,2019,3,pincode,403516,19191
goa,2019,3,pincode,403001,18952
goa,2019,3,pincode,403601,18205
goa,2019,3,pincode,403401,16425
goa,2019,3,pincode,403722,13795
goa,2019,3,pincode,403507,13252
goa,2019,3,pincode,403802,13185
goa,2019,3,pincode,403521,10022
goa,2019,3,pincode,403515,8059
goa,2019,3,pincode,403512,7853
goa,2019,4,district,north goa,220385
goa,2019,4,district,south goa,133161
goa,2019,4,pincode,403516,21230
goa,2019,4,pincode,403001,20952
goa,2019,4,pincode,403601,20128
goa,2019,4,pincode,403401,18284
goa,2019,4,pincode,403722,15231
goa,2019,4,pincode,403507,14800
goa,2019,4,pincode,403802,14490
goa,2019,4,pincode,403521,11139
goa,2019,4,pincode,403515,8917
goa,2019,4,pincode,403512,8854
goa,2021,1,district,north goa,352593
goa,2021,1,district,south goa,217442
goa,2021,1,pincode,403601,32812
goa,2021,1,pincode,403001,31639
goa,2021,1,pincode,403516,31109
goa,2021,1,pincode,403401,29759
goa,2021,1,pincode,403507,24789
goa,2021,1,pincode,403802,23590
goa,2021,1,pincode,403722,23019
goa,2021,1,pincode,403521,17278
goa,2021,1,pincode,403512,15009
goa,2021,1,pincode,403515,13117
goa,2021,2,district,north goa,376703
goa,2021,2,district,south goa,232403
goa,2021,2,pincode,403601,35016
goa,2021,2,pincode,403001,33753
goa,2021,2,pincode,403516,33166
goa,2021,2,pincode,403401,31770
goa,2021,2,pincode,403507,26546
goa,2021,2,pincode,403802,25160
goa,2021,2,pincode,403722,24578
goa,2021,2,pincode,403521,18403
goa,2021,2,pincode,403512,16035
goa,2021,2,pincode,403515,13992
goa,2021,3,district,north goa,403952
goa,2021,3,district,south goa,249506
goa,2021,3,pincode,403601,37507
goa,2021,3,pincode,403001,36113
goa,2021,3,pincode,403516,35395
goa,2021,3,pincode,403401,34083
goa,2021,3,pincode,403507,28444
goa,2021,3,pincode,403802,26955
goa,2021,3,pincode,403722,26342
goa,2021,3,pincode,403521,19690
goa,2021,3,pincode,403512,17249
goa,2021,3,pincode,403515,14917
goa,2021,4,district,north goa,430814
goa,2021,4,district,south goa,266364
goa,2021,4,pincode,403601,39985
goa,2021,4,pincode,403001,38489
goa,2021,4,pincode,403516,37615
goa,2021,4,pincode,403401,36388
goa,2021,4,pincode,403507,30339
goa,2021,4,pincode,403802,28748
goa,2021,4,pincode,403722,28215
goa,2021,4,pincode,403521,20963
goa,2021,4,pincode,403512,18476
goa,2021,4,pincode,403515,15851
goa,2020,1,district,north goa,244309
goa,2020,1,district,south goa,147591
goa,2020,1,pincode,403516,23160
goa,2020,1,pincode,403001,22905
goa,2020,1,pincode,403601,22252
goa,2020,1,pincode,403401,20276
goa,2020,1,pincode,403722,16611
goa,2020,1,pincode,403507,16487
goa,2020,1,pincode,403802,16084
goa,2020,1,pincode,403521,12266
goa,2020,1,pincode,403512,9989
goa,2020,1,pincode,403515,9727
goa,2020,2,district,north goa,267533
goa,2020,2,district,south goa,163106
goa,2020,2,pincode,403001,24693
goa,2020,2,pincode,403601,24596
goa,2020,2,pincode,403516,24526
goa,2020,2,pincode,403401,22379
goa,2020,2,pincode,403507,18333
goa,2020,2,pincode,403722,17947
goa,2020,2,pincode,403802,17824
goa,2020,2,pincode,403521,13409
goa,2020,2,pincode,403512,11037
goa,2020,2,pincode,403515,10353
goa,2020,3,district,north goa,294195
goa,2020,3,district,south goa,180767
goa,2020,3,pincode,403601,27208
goa,2020,3,pincode,403001,26737
goa,2020,3,pincode,403516,26198
goa,2020,3,pincode,403401,24797
goa,2020,3,pincode,403507,20441
goa,2020,3,pincode,403802,19674
goa,2020,3,pincode,403722,19552
goa,2020,3,pincode,403521,14524
goa,2020,3,pincode,403512,12307
goa,2020,3,pincode,403515,11111
goa,2020,4,district,north goa,326479
goa,2020,4,district,south goa,201105
goa,2020,4,pincode,403601,30363
goa,2020,4,pincode,403001,29484
goa,2020,4,pincode,403516,28745
goa,2020,4,pincode,403401,27577
goa,2020,4,pincode,403507,22919
goa,2020,4,pincode,403802,21866
goa,2020,4,pincode,403722,21365
goa,2020,4,pincode,403521,16004
goa,2020,4,pincode,403512,13802
goa,2020,4,pincode,403515,12169
goa,2018,1,district,north goa,57769
goa,2018,1,district,south goa,34167
goa,2018,1,pincode,403516,6466
goa,2018,1,pincode,403601,5251
goa,2018,1,pincode,403001,5240
goa,2018,1,pincode,403401,5138
goa,2018,1,pincode,403802,3850
goa,2018,1,pincode,403722,3844
goa,2018,1,pincode,403507,3831
goa,2018,1,pincode,403521,2841
goa,2018,1,pincode,403515,2443
goa,2018,1,pincode,403509,2386
goa,2018,2,district,north goa,76192
goa,2018,2,district,south goa,45982
goa,2018,2,pincode,403516,8301
goa,2018,2,pincode,403001,7089
goa,2018,2,pincode,403601,6974
goa,2018,2,pincode,403401,6685
goa,2018,2,pincode,403722,5343
goa,2018,2,pincode,403802,5119
goa,2018,2,pincode,403507,4991
goa,2018,2,pincode,403521,3804
goa,2018,2,pincode,403515,3277
goa,2018,2,pincode,403509,3077
goa,2018,3,district,north goa,95307
goa,2018,3,district,south goa,58495
goa,2018,3,pincode,403516,9997
goa,2018,3,pincode,403001,8932
goa,2018,3,pincode,403601,8721
goa,2018,3,pincode,403401,8256
goa,2018,3,pincode,403722,7084
goa,2018,3,pincode,403802,6453
goa,2018,3,pincode,403507,6272
goa,2018,3,pincode,403521,4797
goa,2018,3,pincode,403515,4153
goa,2018,3,pincode,403801,3775
goa,2018,4,district,north goa,121001
goa,2018,4,district,south goa,74349
goa,2018,4,pincode,403516,12486
goa,2018,4,pincode,403001,11471
goa,2018,4,pincode,403601,10977
goa,2018,4,pincode,403401,10356
goa,2018,4,pincode,403722,9148
goa,2018,4,pincode,403802,8151
goa,2018,4,pincode,403507,7980
goa,2018,4,pincode,403521,6106
goa,2018,4,pincode,403515,5194
goa,2018,4,pincode,403509,4753
punjab,2022,1,district,ludhiana,1476288
punjab,2022,1,district,sas nagar,817209
punjab,2022,1,district,amritsar,593970
punjab,2022,1,district,jalandhar,560393
punjab,2022,1,district,patiala,550482
punjab,2022,1,district,bathinda,378864
punjab,2022,1,district,fazilka,327088
punjab,2022,1,district,sangrur,321129
punjab,2022,1,district,hoshiarpur,274004
punjab,2022,1,district,gurdaspur,247179
punjab,2022,1,pincode,143001,378399
punjab,2022,1,pincode,141008,211333
punjab,2022,1,pincode,141001,128376
punjab,2022,1,pincode,147001,120433
punjab,2022,1,pincode,140603,120123
punjab,2022,1,pincode,140301,115842
punjab,2022,1,pincode,141003,114354
punjab,2022,1,pincode,145001,100381
punjab,2022,1,pincode,141007,95916
punjab,2022,1,pincode,144001,90415
punjab,2022,2,district,ludhiana,1558996
punjab,2022,2,district,sas nagar,859976
punjab,2022,2,district,amritsar,625338
punjab,2022,2,district,jalandhar,590791
punjab,2022,2,district,patiala,579934
punjab,2022,2,district,bathinda,399793
punjab,2022,2,district,fazilka,345717
punjab,2022,2,district,sangrur,338752
punjab,2022,2,district,hoshiarpur,289259
punjab,2022,2,district,gurdaspur,260611
punjab,2022,2,pincode,143001,397926
punjab,2022,2,pincode,141008,223136
punjab,2022,2,pincode,141001,135133
punjab,2022,2,pincode,147001,126600
punjab,2022,2,pincode,140603,126324
punjab,2022,2,pincode,140301,121762
punjab,2022,2,pincode,141003,120731
punjab,2022,2,pincode,145001,105746
punjab,2022,2,pincode,141007,101491
punjab,2022,2,pincode,144001,95113
punjab,2022,3,district,ludhiana,1644780
punjab,2022,3,district,sas nagar,904073
punjab,2022,3,district,amritsar,656700
punjab,2022,3,district,jalandhar,621327
punjab,2022,3,district,patiala,608884
punjab,2022,3,district,bathinda,420285
punjab,2022,3,district,fazilka,363909
punjab,2022,3,district,sangrur,355769
punjab,2022,3,district,hoshiarpur,303683
punjab,2022,3,district,gurdaspur,273518
punjab,2022,3,pincode,143001,418302
punjab,2022,3,pincode,141008,235576
punjab,2022,3,pincode,141001,142144
punjab,2022,3,pincode,147001,132932
punjab,2022,3,pincode,140603,132797
punjab,2022,3,pincode,140301,127787
punjab,2022,3,pincode,141003,127410
punjab,2022,3,pincode,145001,111293
punjab,2022,3,pincode,141007,107341
punjab,2022,3,pincode,144001,100011
punjab,2022,4,district,ludhiana,1728119
punjab,2022,4,district,sas nagar,946603
punjab,2022,4,district,amritsar,686055
punjab,2022,4,district,jalandhar,649918
punjab,2022,4,district,patiala,635654
punjab,2022,4,district,bathinda,439064
punjab,2022,4,district,fazilka,380321
punjab,2022,4,district,sangrur,370649
punjab,2022,4,district,hoshiarpur,316389
punjab,2022,4,district,gurdaspur,284591
punjab,2022,4,pincode,143001,438058
punjab,2022,4,pincode,141008,247825
punjab,2022,4,pincode,141001,149085
punjab,2022,4,pincode,140603,139073
punjab,2022,4,pincode,147001,138928
punjab,2022,4,pincode,141003,133998
punjab,2022,4,pincode,140301,133738
punjab,2022,4,pincode,145001,116518
punjab,2022,4,pincode,141007,113238
punjab,2022,4,pincode,144001,104885
punjab,2024,1,district,ludhiana,2111816
punjab,2024,1,district,sas nagar,1140194
punjab,2024,1,district,amritsar,828669
punjab,2024,1,district,jalandhar,787722
punjab,2024,1,district,patiala,768945
punjab,2024,1,district,bathinda,534058
punjab,2024,1,district,fazilka,465859
punjab,2024,1,district,sangrur,451041
punjab,2024,1,district,hoshiarpur,386238
punjab,2024,1,district,gurdaspur,345175
punjab,2024,1,pincode,143001,527175
punjab,2024,1,pincode,141008,302876
punjab,2024,1,pincode,141001,179815
punjab,2024,1,pincode,140603,166902
punjab,2024,1,pincode,147001,166846
punjab,2024,1,pincode,141003,163129
punjab,2024,1,pincode,140301,160411
punjab,2024,1,pincode,145001,140658
punjab,2024,1,pincode,141007,139661
punjab,2024,1,pincode,144001,125995
punjab,2024,2,district,ludhiana,2193835
punjab,2024,2,district,sas nagar,1182293
punjab,2024,2,district,amritsar,860199
punjab,2024,2,district,jalandhar,817774
punjab,2024,2,district,patiala,797912
punjab,2024,2,district,bathinda,553994
punjab,2024,2,district,fazilka,483712
punjab,2024,2,district,sangrur,468298
punjab,2024,2,district,hoshiarpur,401488
punjab,2024,2,district,gurdaspur,358468
punjab,2024,2,pincode,143001,546995
punjab,2024,2,pincode,141008,314626
punjab,2024,2,pincode,141001,186627
punjab,2024,2,pincode,147001,173056
punjab,2024,2,pincode,140603,172920
punjab,2024,2,pincode,141003,169340
punjab,2024,2,pincode,140301,166192
punjab,2024,2,pincode,145001,145881
punjab,2024,2,pincode,141007,145260
punjab,2024,2,pincode,144001,130764
punjab,2024,3,district,ludhiana,2288105
punjab,2024,3,district,sas nagar,1248412
punjab,2024,3,district,amritsar,932165
punjab,2024,3,district,jalandhar,855160
punjab,2024,3,district,patiala,756718
punjab,2024,3,district,bathinda,509440
punjab,2024,3,district,hoshiarpur,424706
punjab,2024,3,district,fazilka,395249
punjab,2024,3,district,gurdaspur,394383
punjab,2024,3,district,sangrur,334195
punjab,2024,3,pincode,141007,347108
punjab,2024,3,pincode,141008,334375
punjab,2024,3,pincode,143001,285574
punjab,2024,3,pincode,141014,235865
punjab,2024,3,pincode,141003,193221
punjab,2024,3,pincode,141001,189562
punjab,2024,3,pincode,143006,189028
punjab,2024,3,pincode,140301,174042
punjab,2024,3,pincode,140603,139003
punjab,2024,3,pincode,145001,136188
punjab,2024,4,district,ludhiana,2352294
punjab,2024,4,district,sas nagar,1284134
punjab,2024,4,district,amritsar,960254
punjab,2024,4,district,jalandhar,880313
punjab,2024,4,district,patiala,778895
punjab,2024,4,district,bathinda,524150
punjab,2024,4,district,hoshiarpur,438513
punjab,2024,4,district,fazilka,407727
punjab,2024,4,district,gurdaspur,407049
punjab,2024,4,district,sangrur,344663
punjab,2024,4,pincode,141007,356363
punjab,2024,4,pincode,141008,343651
punjab,2024,4,pincode,143001,293907
punjab,2024,4,pincode,141014,241415
punjab,2024,4,pincode,141003,198602
punjab,2024,4,pincode,141001,194847
punjab,2024,4,pincode,143006,194549
punjab,2024,4,pincode,140301,178947
punjab,2024,4,pincode,140603,142781
punjab,2024,4,pincode,145001,139792
punjab,2023,1,district,ludhiana,1807587
punjab,2023,1,district,sas nagar,987246
punjab,2023,1,district,amritsar,715172
punjab,2023,1,district,jalandhar,677948
punjab,2023,1,district,patiala,662760
punjab,2023,1,district,bathinda,458473
punjab,2023,1,district,fazilka,397546
punjab,2023,1,district,sangrur,386728
punjab,2023,1,district,hoshiarpur,330374
punjab,2023,1,district,gurdaspur,296711
punjab,2023,1,pincode,143001,456622
punjab,2023,1,pincode,141008,259310
punjab,2023,1,pincode,141001,155573
punjab,2023,1,pincode,140603,144965
punjab,2023,1,pincode,147001,144751
punjab,2023,1,pincode,141003,140056
punjab,2023,1,pincode,140301,139296
punjab,2023,1,pincode,145001,121502
punjab,2023,1,pincode,141007,118808
punjab,2023,1,pincode,144001,109356
punjab,2023,2,district,ludhiana,1883319
punjab,2023,2,district,sas nagar,1024325
punjab,2023,2,district,amritsar,742659
punjab,2023,2,district,jalandhar,705082
punjab,2023,2,district,patiala,688795
punjab,2023,2,district,bathinda,477038
punjab,2023,2,district,fazilka,414974
punjab,2023,2,district,sangrur,402871
punjab,2023,2,district,hoshiarpur,344428
punjab,2023,2,district,gurdaspur,308841
punjab,2023,2,pincode,143001,473406
punjab,2023,2,pincode,141008,270095
punjab,2023,2,pincode,141001,161489
punjab,2023,2,pincode,140603,150206
punjab,2023,2,pincode,147001,150119
punjab,2023,2,pincode,141003,145745
punjab,2023,2,pincode,140301,144358
punjab,2023,2,pincode,145001,126098
punjab,2023,2,pincode,141007,124029
punjab,2023,2,pincode,144001,113407
punjab,2023,3,district,ludhiana,1957125
punjab,2023,3,district,sas nagar,1062990
punjab,2023,3,district,amritsar,771321
punjab,2023,3,district,jalandhar,732473
punjab,2023,3,district,patiala,715678
punjab,2023,3,district,bathinda,495871
punjab,2023,3,district,fazilka,431814
punjab,2023,3,district,sangrur,418793
punjab,2023,3,district,hoshiarpur,358108
punjab,2023,3,district,gurdaspur,320776
punjab,2023,3,pincode,143001,491581
punjab,2023,3,pincode,141008,280721
punjab,2023,3,pincode,141001,167486
punjab,2023,3,pincode,140603,155847
punjab,2023,3,pincode,147001,155727
punjab,2023,3,pincode,141003,151376
punjab,2023,3,pincode,140301,149749
punjab,2023,3,pincode,145001,131029
punjab,2023,3,pincode,141007,129075
punjab,2023,3,pincode,144001,117565
punjab,2023,4,district,ludhiana,2030159
punjab,2023,4,district,sas nagar,1099060
punjab,2023,4,district,amritsar,798214
punjab,2023,4,district,jalandhar,758342
punjab,2023,4,district,patiala,740516
punjab,2023,4,district,bathinda,513676
punjab,2023,4,district,fazilka,447755
punjab,2023,4,district,sangrur,433927
punjab,2023,4,district,hoshiarpur,371220
punjab,2023,4,district,gurdaspur,332236
punjab,2023,4,pincode,143001,508232
punjab,2023,4,pincode,141008,291098
punjab,2023,4,pincode,141001,173287
punjab,2023,4,pincode,140603,161077
punjab,2023,4,pincode,147001,160895
punjab,2023,4,pincode,141003,157030
punjab,2023,4,pincode,140301,154665
punjab,2023,4,pincode,145001,135470
punjab,2023,4,pincode,141007,134146
punjab,2023,4,pincode,144001,121534
punjab,2019,1,district,ludhiana,454370
punjab,2019,1,district,sas nagar,298288
punjab,2019,1,district,amritsar,171264
punjab,2019,1,district,patiala,169872
punjab,2019,1,district,jalandhar,164130
punjab,2019,1,district,bathinda,128070
punjab,2019,1,district,fazilka,104942
punjab,2019,1,district,sangrur,97326
punjab,2019,1,district,hoshiarpur,72128
punjab,2019,1,district,gurdaspur,62502
punjab,2019,1,pincode,143001,119228
punjab,2019,1,pincode,141008,64166
punjab,2019,1,pincode,140603,45359
punjab,2019,1,pincode,141001,42727
punjab,2019,1,pincode,140301,42199
punjab,2019,1,pincode,147001,40621
punjab,2019,1,pincode,141003,37255
punjab,2019,1,pincode,145001,33513
punjab,2019,1,pincode,151001,32544
punjab,2019,1,pincode,152116,30355
punjab,2019,2,district,ludhiana,528745
punjab,2019,2,district,sas nagar,343153
punjab,2019,2,district,amritsar,206517
punjab,2019,2,district,patiala,199960
punjab,2019,2,district,jalandhar,195283
punjab,2019,2,district,bathinda,145282
punjab,2019,2,district,fazilka,118707
punjab,2019,2,district,sangrur,111996
punjab,2019,2,district,hoshiarpur,86022
punjab,2019,2,district,gurdaspur,75170
punjab,2019,2,pincode,143001,142830
punjab,2019,2,pincode,141008,75374
punjab,2019,2,pincode,140603,51976
punjab,2019,2,pincode,141001,51332
punjab,2019,2,pincode,140301,49010
punjab,2019,2,pincode,147001,48451
punjab,2019,2,pincode,141003,43136
punjab,2019,2,pincode,145001,38854
punjab,2019,2,pincode,151001,36490
punjab,2019,2,pincode,144001,35403
punjab,2019,3,district,ludhiana,601479
punjab,2019,3,district,sas nagar,385263
punjab,2019,3,district,amritsar,238628
punjab,2019,3,district,patiala,229488
punjab,2019,3,district,jalandhar,225027
punjab,2019,3,district,bathinda,162800
punjab,2019,3,district,fazilka,132573
punjab,2019,3,district,sangrur,127329
punjab,2019,3,district,hoshiarpur,99272
punjab,2019,3,district,gurdaspur,87043
punjab,2019,3,pincode,143001,163956
punjab,2019,3,pincode,141008,86040
punjab,2019,3,pincode,141001,59363
punjab,2019,3,pincode,140603,58135
punjab,2019,3,pincode,140301,55421
punjab,2019,3,pincode,147001,55395
punjab,2019,3,pincode,141003,48731
punjab,2019,3,pincode,145001,43993
punjab,2019,3,pincode,144001,41150
punjab,2019,3,pincode,151001,41035
punjab,2019,4,district,ludhiana,671579
punjab,2019,4,district,sas nagar,422041
punjab,2019,4,district,amritsar,268663
punjab,2019,4,district,patiala,256911
punjab,2019,4,district,jalandhar,251259
punjab,2019,4,district,bathinda,180722
punjab,2019,4,district,fazilka,149868
punjab,2019,4,district,sangrur,143162
punjab,2019,4,district,hoshiarpur,113296
punjab,2019,4,district,gurdaspur,100393
punjab,2019,4,pincode,143001,181854
punjab,2019,4,pincode,141008,95986
punjab,2019,4,pincode,141001,65261
punjab,2019,4,pincode,140603,63297
punjab,2019,4,pincode,147001,60870
punjab,2019,4,pincode,140301,60612
punjab,2019,4,pincode,141003,53849
punjab,2019,4,pincode,145001,48845
punjab,2019,4,pincode,144001,45418
punjab,2019,4,pincode,151001,44790
punjab,2021,1,district,ludhiana,1121835
punjab,2021,1,district,sas nagar,631136
punjab,2021,1,district,amritsar,456913
punjab,2021,1,district,jalandhar,428704
punjab,2021,1,district,patiala,421866
punjab,2021,1,district,bathinda,288460
punjab,2021,1,district,fazilka,247363
punjab,2021,1,district,sangrur,243382
punjab,2021,1,district,hoshiarpur,207567
punjab,2021,1,district,gurdaspur,187933
punjab,2021,1,pincode,143001,293006
punjab,2021,1,pincode,141008,160672
punjab,2021,1,pincode,141001,98982
punjab,2021,1,pincode,140603,93273
punjab,2021,1,pincode,147001,93261
punjab,2021,1,pincode,140301,89916
punjab,2021,1,pincode,141003,87313
punjab,2021,1,pincode,145001,77208
punjab,2021,1,pincode,141007,72244
punjab,2021,1,pincode,144001,69853
punjab,2021,2,district,ludhiana,1204126
punjab,2021,2,district,sas nagar,675022
punjab,2021,2,district,amritsar,489463
punjab,2021,2,district,jalandhar,459789
punjab,2021,2,district,patiala,452152
punjab,2021,2,district,bathinda,309805
punjab,2021,2,district,fazilka,265874
punjab,2021,2,district,sangrur,261746
punjab,2021,2,district,hoshiarpur,223227
punjab,2021,2,district,gurdaspur,201976
punjab,2021,2,pincode,143001,313340
punjab,2021,2,pincode,141008,172469
punjab,2021,2,pincode,141001,105913
punjab,2021,2,pincode,147001,99727
punjab,2021,2,pincode,140603,99698
punjab,2021,2,pincode,140301,96091
punjab,2021,2,pincode,141003,93638
punjab,2021,2,pincode,145001,82752
punjab,2021,2,pincode,141007,77652
punjab,2021,2,pincode,144001,74733
punjab,2021,3,district,ludhiana,1296796
punjab,2021,3,district,sas nagar,723884
punjab,2021,3,district,amritsar,525756
punjab,2021,3,district,jalandhar,494582
punjab,2021,3,district,patiala,486329
punjab,2021,3,district,bathinda,333661
punjab,2021,3,district,fazilka,287001
punjab,2021,3,district,sangrur,282372
punjab,2021,3,district,hoshiarpur,240996
punjab,2021,3,district,gurdaspur,217927
punjab,2021,3,pincode,143001,335748
punjab,2021,3,pincode,141008,185668
punjab,2021,3,pincode,141001,113616
punjab,2021,3,pincode,147001,106847
punjab,2021,3,pincode,140603,106702
punjab,2021,3,pincode,140301,102934
punjab,2021,3,pincode,141003,100724
punjab,2021,3,pincode,145001,88761
punjab,2021,3,pincode,141007,83818
punjab,2021,3,pincode,144001,80134
punjab,2021,4,district,ludhiana,1388951
punjab,2021,4,district,sas nagar,772068
punjab,2021,4,district,amritsar,560687
punjab,2021,4,district,jalandhar,528440
punjab,2021,4,district,patiala,519356
punjab,2021,4,district,bathinda,356940
punjab,2021,4,district,fazilka,307291
punjab,2021,4,district,sangrur,302394
punjab,2021,4,district,hoshiarpur,257735
punjab,2021,4,district,gurdaspur,232798
punjab,2021,4,pincode,143001,357742
punjab,2021,4,pincode,141008,198843
punjab,2021,4,pincode,141001,121266
punjab,2021,4,pincode,147001,113889
punjab,2021,4,pincode,140603,113615
punjab,2021,4,pincode,140301,109619
punjab,2021,4,pincode,141003,107724
punjab,2021,4,pincode,145001,94773
punjab,2021,4,pincode,141007,90040
punjab,2021,4,pincode,144001,85478
punjab,2020,1,district,ludhiana,756590
punjab,2020,1,district,sas nagar,460416
punjab,2020,1,district,amritsar,303767
punjab,2020,1,district,patiala,287330
punjab,2020,1,district,jalandhar,282191
punjab,2020,1,district,bathinda,200425
punjab,2020,1,district,fazilka,168714
punjab,2020,1,district,sangrur,161513
punjab,2020,1,district,hoshiarpur,129693
punjab,2020,1,district,gurdaspur,116534
punjab,2020,1,pincode,143001,202216
punjab,2020,1,pincode,141008,107678
punjab,2020,1,pincode,141001,71885
punjab,2020,1,pincode,140603,68646
punjab,2020,1,pincode,147001,66785
punjab,2020,1,pincode,140301,66070
punjab,2020,1,pincode,141003,59951
punjab,2020,1,pincode,145001,53948
punjab,2020,1,pincode,144001,49899
punjab,2020,1,pincode,151001,48875
punjab,2020,2,district,ludhiana,853140
punjab,2020,2,district,sas nagar,498018
punjab,2020,2,district,amritsar,343732
punjab,2020,2,district,patiala,323801
punjab,2020,2,district,jalandhar,320498
punjab,2020,2,district,bathinda,222968
punjab,2020,2,district,fazilka,188515
punjab,2020,2,district,sangrur,183342
punjab,2020,2,district,hoshiarpur,153462
punjab,2020,2,district,gurdaspur,137571
punjab,2020,2,pincode,143001,223933
punjab,2020,2,pincode,141008,121221
punjab,2020,2,pincode,141001,78741
punjab,2020,2,pincode,140603,73870
punjab,2020,2,pincode,147001,73497
punjab,2020,2,pincode,140301,70939
punjab,2020,2,pincode,141003,66920
punjab,2020,2,pincode,145001,60258
punjab,2020,2,pincode,144001,54721
punjab,2020,2,pincode,141007,54075
punjab,2020,3,district,ludhiana,944936
punjab,2020,3,district,sas nagar,540527
punjab,2020,3,district,amritsar,383166
punjab,2020,3,district,jalandhar,359980
punjab,2020,3,district,patiala,358126
punjab,2020,3,district,bathinda,245674
punjab,2020,3,district,fazilka,208929
punjab,2020,3,district,sangrur,204491
punjab,2020,3,district,hoshiarpur,173002
punjab,2020,3,district,gurdaspur,155619
punjab,2020,3,pincode,143001,247481
punjab,2020,3,pincode,141008,134739
punjab,2020,3,pincode,141001,85126
punjab,2020,3,pincode,147001,80029
punjab,2020,3,pincode,140603,79903
punjab,2020,3,pincode,140301,77135
punjab,2020,3,pincode,141003,73781
punjab,2020,3,pincode,145001,65997
punjab,2020,3,pincode,141007,60291
punjab,2020,3,pincode,144001,59885
punjab,2020,4,district,ludhiana,1037696
punjab,2020,4,district,sas nagar,586500
punjab,2020,4,district,amritsar,423283
punjab,2020,4,district,jalandhar,396951
punjab,2020,4,district,patiala,391658
punjab,2020,4,district,bathinda,267808
punjab,2020,4,district,fazilka,228837
punjab,2020,4,district,sangrur,225211
punjab,2020,4,district,hoshiarpur,191711
punjab,2020,4,district,gurdaspur,173650
punjab,2020,4,pincode,143001,271907
punjab,2020,4,pincode,141008,148538
punjab,2020,4,pincode,141001,92089
punjab,2020,4,pincode,147001,86847
punjab,2020,4,pincode,140603,86818
punjab,2020,4,pincode,140301,83566
punjab,2020,4,pincode,141003,80862
punjab,2020,4,pincode,145001,71859
punjab,2020,4,pincode,141007,66530
punjab,2020,4,pincode,144001,65000
punjab,2018,1,district,ludhiana,168625
punjab,2018,1,district,sas nagar,121113
punjab,2018,1,district,patiala,66507
punjab,2018,1,district,amritsar,59685
punjab,2018,1,district,jalandhar,57808
punjab,2018,1,district,bathinda,52466
punjab,2018,1,district,fazilka,44823
punjab,2018,1,district,sangrur,37485
punjab,2018,1,district,hoshiarpur,25348
punjab,2018,1,district,gurdaspur,21372
punjab,2018,1,pincode,143001,43359
punjab,2018,1,pincode,141008,22225
punjab,2018,1,pincode,140603,18219
punjab,2018,1,pincode,140301,17469
punjab,2018,1,pincode,141001,17181
punjab,2018,1,pincode,147001,16257
punjab,2018,1,pincode,151001,14526
punjab,2018,1,pincode,152116,14095
punjab,2018,1,pincode,141003,13657
punjab,2018,1,pincode,140308,12084
punjab,2018,2,district,ludhiana,230404
punjab,2018,2,district,sas nagar,161605
punjab,2018,2,district,patiala,90123
punjab,2018,2,district,amritsar,82735
punjab,2018,2,district,jalandhar,79991
punjab,2018,2,district,bathinda,70948
punjab,2018,2,district,fazilka,60134
punjab,2018,2,district,sangrur,50749
punjab,2018,2,district,hoshiarpur,34576
punjab,2018,2,district,gurdaspur,29910
punjab,2018,2,pincode,143001,59405
punjab,2018,2,pincode,141008,30839
punjab,2018,2,pincode,140603,24429
punjab,2018,2,pincode,140301,23138
punjab,2018,2,pincode,141001,22841
punjab,2018,2,pincode,147001,21810
punjab,2018,2,pincode,151001,19252
punjab,2018,2,pincode,141003,18767
punjab,2018,2,pincode,152116,18559
punjab,2018,2,pincode,145001,16592
punjab,2018,3,district,ludhiana,296414
punjab,2018,3,district,sas nagar,201458
punjab,2018,3,district,patiala,113902
punjab,2018,3,district,amritsar,108935
punjab,2018,3,district,jalandhar,104824
punjab,2018,3,district,bathinda,88508
punjab,2018,3,district,fazilka,73785
punjab,2018,3,district,sangrur,64978
punjab,2018,3,district,hoshiarpur,45862
punjab,2018,3,district,gurdaspur,39920
punjab,2018,3,pincode,143001,76846
punjab,2018,3,pincode,141008,40803
punjab,2018,3,pincode,140603,30767
punjab,2018,3,pincode,141001,28616
punjab,2018,3,pincode,140301,28551
punjab,2018,3,pincode,147001,27232
punjab,2018,3,pincode,141003,24088
punjab,2018,3,pincode,151001,23352
punjab,2018,3,pincode,152116,22303
punjab,2018,3,pincode,145001,21456
punjab,2018,4,district,ludhiana,378237
punjab,2018,4,district,sas nagar,250733
punjab,2018,4,district,patiala,142989
punjab,2018,4,district,amritsar,141933
punjab,2018,4,district,jalandhar,135966
punjab,2018,4,district,bathinda,109505
punjab,2018,4,district,fazilka,89590
punjab,2018,4,district,sangrur,82334
punjab,2018,4,district,hoshiarpur,59684
punjab,2018,4,district,gurdaspur,51644
punjab,2018,4,pincode,143001,99483
punjab,2018,4,pincode,141008,52833
punjab,2018,4,pincode,140603,38176
punjab,2018,4,pincode,141001,36199
punjab,2018,4,pincode,140301,35509
punjab,2018,4,pincode,147001,34358
punjab,2018,4,pincode,141003,31098
punjab,2018,4,pincode,151001,28272
punjab,2018,4,pincode,145001,27844
punjab,2018,4,pincode,152116,26604
arunachal-pradesh,2022,1,district,papum pare,111271
arunachal-pradesh,2022,1,district,west kameng,27860
arunachal-pradesh,2022,1,district,changlang,26904
arunachal-pradesh,2022,1,district,east siang,25763
arunachal-pradesh,2022,1,district,lohit,19214
arunachal-pradesh,2022,1,district,tawang,15589
arunachal-pradesh,2022,1,district,west siang,14420
arunachal-pradesh,2022,1,district,namsai,14054
arunachal-pradesh,2022,1,district,lower dibang valley,11401
arunachal-pradesh,2022,1,district,lower subansiri,10854
arunachal-pradesh,2022,1,pincode,791110,34915
arunachal-pradesh,2022,1,pincode,791111,30912
arunachal-pradesh,2022,1,pincode,791113,22258
arunachal-pradesh,2022,1,pincode,791102,21601
arunachal-pradesh,2022,1,pincode,791001,16600
arunachal-pradesh,2022,1,pincode,792103,16282
arunachal-pradesh,2022,1,pincode,792001,13172
arunachal-pradesh,2022,1,pincode,790104,11905
arunachal-pradesh,2022,1,pincode,792110,11479
arunachal-pradesh,2022,1,pincode,791109,10306
arunachal-pradesh,2022,2,district,papum pare,117568
arunachal-pradesh,2022,2,district,west kameng,29424
arunachal-pradesh,2022,2,district,changlang,28495
arunachal-pradesh,2022,2,district,east siang,27240
arunachal-pradesh,2022,2,district,lohit,20325
arunachal-pradesh,2022,2,district,tawang,16475
arunachal-pradesh,2022,2,district,west siang,15231
arunachal-pradesh,2022,2,district,namsai,14887
arunachal-pradesh,2022,2,district,lower dibang valley,12040
arunachal-pradesh,2022,2,district,lower subansiri,11479
arunachal-pradesh,2022,2,pincode,791110,36914
arunachal-pradesh,2022,2,pincode,791111,32620
arunachal-pradesh,2022,2,pincode,791113,23506
arunachal-pradesh,2022,2,pincode,791102,22850
arunachal-pradesh,2022,2,pincode,791001,17531
arunachal-pradesh,2022,2,pincode,792103,17259
arunachal-pradesh,2022,2,pincode,792001,13915
arunachal-pradesh,2022,2,pincode,790104,12565
arunachal-pradesh,2022,2,pincode,792110,12124
arunachal-pradesh,2022,2,pincode,791109,10908
arunachal-pradesh,2022,3,district,papum pare,124095
arunachal-pradesh,2022,3,district,west kameng,30964
arunachal-pradesh,2022,3,district,changlang,29965
arunachal-pradesh,2022,3,district,east siang,28698
arunachal-pradesh,2022,3,district,lohit,21385
arunachal-pradesh,2022,3,district,tawang,17281
arunachal-pradesh,2022,3,district,west siang,16063
arunachal-pradesh,2022,3,district,namsai,15642
arunachal-pradesh,2022,3,district,lower dibang valley,12668
arunachal-pradesh,2022,3,district,lower subansiri,12085
arunachal-pradesh,2022,3,pincode,791110,39026
arunachal-pradesh,2022,3,pincode,791111,34393
arunachal-pradesh,2022,3,pincode,791113,24830
arunachal-pradesh,2022,3,pincode,791102,24093
arunachal-pradesh,2022,3,pincode,791001,18476
arunachal-pradesh,2022,3,pincode,792103,18186
arunachal-pradesh,2022,3,pincode,792001,14676
arunachal-pradesh,2022,3,pincode,790104,13227
arunachal-pradesh,2022,3,pincode,792110,12755
arunachal-pradesh,2022,3,pincode,791109,11498
arunachal-pradesh,2022,4,district,papum pare,130306
arunachal-pradesh,2022,4,district,west kameng,32237
arunachal-pradesh,2022,4,district,changlang,31196
arunachal-pradesh,2022,4,district,east siang,30033
arunachal-pradesh,2022,4,district,lohit,22359
arunachal-pradesh,2022,4,district,tawang,18003
arunachal-pradesh,2022,4,district,west siang,16816
arunachal-pradesh,2022,4,district,namsai,16322
arunachal-pradesh,2022,4,district,lower dibang valley,13188
arunachal-pradesh,2022,4,district,lower subansiri,12630
arunachal-pradesh,2022,4,pincode,791110,40977
arunachal-pradesh,2022,4,pincode,791111,36205
arunachal-pradesh,2022,4,pincode,791113,26077
arunachal-pradesh,2022,4,pincode,791102,25161
arunachal-pradesh,2022,4,pincode,791001,19310
arunachal-pradesh,2022,4,pincode,792103,19033
arunachal-pradesh,2022,4,pincode,792001,15408
arunachal-pradesh,2022,4,pincode,790104,13837
arunachal-pradesh,2022,4,pincode,792110,13271
arunachal-pradesh,2022,4,pincode,791109,12089
arunachal-pradesh,2024,1,district,papum pare,159264
arunachal-pradesh,2024,1,district,west kameng,39484
arunachal-pradesh,2024,1,district,changlang,39144
arunachal-pradesh,2024,1,district,east siang,37296
arunachal-pradesh,2024,1,district,lohit,27954
arunachal-pradesh,2024,1,district,tawang,22104
arunachal-pradesh,2024,1,district,west siang,20794
arunachal-pradesh,2024,1,district,namsai,20361
arunachal-pradesh,2024,1,district,lower dibang valley,16456
arunachal-pradesh,2024,1,district,lower subansiri,15784
arunachal-pradesh,2024,1,pincode,791110,50068
arunachal-pradesh,2024,1,pincode,791111,44093
arunachal-pradesh,2024,1,pincode,791113,31894
arunachal-pradesh,2024,1,pincode,791102,31384
arunachal-pradesh,2024,1,pincode,791001,23879
arunachal-pradesh,2024,1,pincode,792103,23741
arunachal-pradesh,2024,1,pincode,792001,19119
arunachal-pradesh,2024,1,pincode,790104,16907
arunachal-pradesh,2024,1,pincode,792110,16566
arunachal-pradesh,2024,1,pincode,791120,14966
arunachal-pradesh,2024,2,district,papum pare,165311
arunachal-pradesh,2024,2,district,west kameng,40932
arunachal-pradesh,2024,2,district,changlang,40721
arunachal-pradesh,2024,2,district,east siang,38672
arunachal-pradesh,2024,2,district,lohit,28987
arunachal-pradesh,2024,2,district,tawang,22929
arunachal-pradesh,2024,2,district,west siang,21620
arunachal-pradesh,2024,2,district,namsai,21156
arunachal-pradesh,2024,2,district,lower dibang valley,17096
arunachal-pradesh,2024,2,district,lower subansiri,16421
arunachal-pradesh,2024,2,pincode,791110,51882
arunachal-pradesh,2024,2,pincode,791111,45802
arunachal-pradesh,2024,2,pincode,791113,33127
arunachal-pradesh,2024,2,pincode,791102,32565
arunachal-pradesh,2024,2,pincode,791001,24813
arunachal-pradesh,2024,2,pincode,792103,24693
arunachal-pradesh,2024,2,pincode,792001,19858
arunachal-pradesh,2024,2,pincode,790104,17526
arunachal-pradesh,2024,2,pincode,792110,17207
arunachal-pradesh,2024,2,pincode,791120,15578
arunachal-pradesh,2024,3,district,itanagar capital complex,176072
arunachal-pradesh,2024,3,district,papum pare,53069
arunachal-pradesh,2024,3,district,west kameng,52957
arunachal-pradesh,2024,3,district,east siang,50287
arunachal-pradesh,2024,3,district,changlang,47059
arunachal-pradesh,2024,3,district,namsai,37104
arunachal-pradesh,2024,3,district,tawang,30404
arunachal-pradesh,2024,3,district,west siang,30153
arunachal-pradesh,2024,3,district,lohit,26089
arunachal-pradesh,2024,3,district,lower subansiri,25867
arunachal-pradesh,2024,3,pincode,791110,75898
arunachal-pradesh,2024,3,pincode,791111,63545
arunachal-pradesh,2024,3,pincode,791102,43715
arunachal-pradesh,2024,3,pincode,791113,35424
arunachal-pradesh,2024,3,pincode,791001,35042
arunachal-pradesh,2024,3,pincode,792103,30366
arunachal-pradesh,2024,3,pincode,791120,25644
arunachal-pradesh,2024,3,pincode,791122,23625
arunachal-pradesh,2024,3,pincode,792001,23614
arunachal-pradesh,2024,3,pincode,792110,23059
arunachal-pradesh,2024,4,district,itanagar capital complex,181946
arunachal-pradesh,2024,4,district,papum pare,55084
arunachal-pradesh,2024,4,district,west kameng,54415
arunachal-pradesh,2024,4,district,east siang,52187
arunachal-pradesh,2024,4,district,changlang,49057
arunachal-pradesh,2024,4,district,namsai,38550
arunachal-pradesh,2024,4,district,west siang,31241
arunachal-pradesh,2024,4,district,tawang,30390
arunachal-pradesh,2024,4,district,lohit,26973
arunachal-pradesh,2024,4,district,lower subansiri,26789
arunachal-pradesh,2024,4,pincode,791110,78414
arunachal-pradesh,2024,4,pincode,791111,65669
arunachal-pradesh,2024,4,pincode,791102,45384
arunachal-pradesh,2024,4,pincode,791113,36606
arunachal-pradesh,2024,4,pincode,791001,36325
arunachal-pradesh,2024,4,pincode,792103,31590
arunachal-pradesh,2024,4,pincode,791120,26531
arunachal-pradesh,2024,4,pincode,792001,24420
arunachal-pradesh,2024,4,pincode,791122,24404
arunachal-pradesh,2024,4,pincode,792110,23839
arunachal-pradesh,2023,1,district,papum pare,136357
arunachal-pradesh,2023,1,district,west kameng,33625
arunachal-pradesh,2023,1,district,changlang,32646
arunachal-pradesh,2023,1,district,east siang,31416
arunachal-pradesh,2023,1,district,lohit,23429
arunachal-pradesh,2023,1,district,tawang,18817
arunachal-pradesh,2023,1,district,west siang,17590
arunachal-pradesh,2023,1,district,namsai,17064
arunachal-pradesh,2023,1,district,lower dibang valley,13811
arunachal-pradesh,2023,1,district,lower subansiri,13220
arunachal-pradesh,2023,1,pincode,791110,42898
arunachal-pradesh,2023,1,pincode,791111,37844
arunachal-pradesh,2023,1,pincode,791113,27294
arunachal-pradesh,2023,1,pincode,791102,26359
arunachal-pradesh,2023,1,pincode,791001,20180
arunachal-pradesh,2023,1,pincode,792103,19898
arunachal-pradesh,2023,1,pincode,792001,16114
arunachal-pradesh,2023,1,pincode,790104,14456
arunachal-pradesh,2023,1,pincode,792110,13901
arunachal-pradesh,2023,1,pincode,791109,12653
arunachal-pradesh,2023,2,district,papum pare,141879
arunachal-pradesh,2023,2,district,west kameng,35075
arunachal-pradesh,2023,2,district,changlang,34286
arunachal-pradesh,2023,2,district,east siang,32826
arunachal-pradesh,2023,2,district,lohit,24522
arunachal-pradesh,2023,2,district,tawang,19674
arunachal-pradesh,2023,2,district,west siang,18396
arunachal-pradesh,2023,2,district,namsai,17877
arunachal-pradesh,2023,2,district,lower dibang valley,14441
arunachal-pradesh,2023,2,district,lower subansiri,13816
arunachal-pradesh,2023,2,pincode,791110,44631
arunachal-pradesh,2023,2,pincode,791111,39368
arunachal-pradesh,2023,2,pincode,791113,28413
arunachal-pradesh,2023,2,pincode,791102,27575
arunachal-pradesh,2023,2,pincode,791001,21123
arunachal-pradesh,2023,2,pincode,792103,20822
arunachal-pradesh,2023,2,pincode,792001,16857
arunachal-pradesh,2023,2,pincode,790104,15049
arunachal-pradesh,2023,2,pincode,792110,14532
arunachal-pradesh,2023,2,pincode,791109,13123
arunachal-pradesh,2023,3,district,papum pare,147681
arunachal-pradesh,2023,3,district,west kameng,36577
arunachal-pradesh,2023,3,district,changlang,35843
arunachal-pradesh,2023,3,district,east siang,34293
arunachal-pradesh,2023,3,district,lohit,25647
arunachal-pradesh,2023,3,district,tawang,20501
arunachal-pradesh,2023,3,district,west siang,19174
arunachal-pradesh,2023,3,district,namsai,18704
arunachal-pradesh,2023,3,district,lower dibang valley,15073
arunachal-pradesh,2023,3,district,lower subansiri,14442
arunachal-pradesh,2023,3,pincode,791110,46438
arunachal-pradesh,2023,3,pincode,791111,40993
arunachal-pradesh,2023,3,pincode,791113,29580
arunachal-pradesh,2023,3,pincode,791102,28825
arunachal-pradesh,2023,3,pincode,791001,22012
arunachal-pradesh,2023,3,pincode,792103,21807
arunachal-pradesh,2023,3,pincode,792001,17609
arunachal-pradesh,2023,3,pincode,790104,15682
arunachal-pradesh,2023,3,pincode,792110,15168
arunachal-pradesh,2023,3,pincode,791120,13685
arunachal-pradesh,2023,4,district,papum pare,153071
arunachal-pradesh,2023,4,district,west kameng,37896
arunachal-pradesh,2023,4,district,changlang,37357
arunachal-pradesh,2023,4,district,east siang,35633
arunachal-pradesh,2023,4,district,lohit,26708
arunachal-pradesh,2023,4,district,tawang,21219
arunachal-pradesh,2023,4,district,west siang,19949
arunachal-pradesh,2023,4,district,namsai,19452
arunachal-pradesh,2023,4,district,lower dibang valley,15725
arunachal-pradesh,2023,4,district,lower subansiri,15092
arunachal-pradesh,2023,4,pincode,791110,48172
arunachal-pradesh,2023,4,pincode,791111,42397
arunachal-pradesh,2023,4,pincode,791113,30667
arunachal-pradesh,2023,4,pincode,791102,29977
arunachal-pradesh,2023,4,pincode,791001,22907
arunachal-pradesh,2023,4,pincode,792103,22670
arunachal-pradesh,2023,4,pincode,792001,18303
arunachal-pradesh,2023,4,pincode,790104,16249
arunachal-pradesh,2023,4,pincode,792110,15829
arunachal-pradesh,2023,4,pincode,791120,14311
arunachal-pradesh,2019,1,district,papum pare,26298
arunachal-pradesh,2019,1,district,west kameng,8115
arunachal-pradesh,2019,1,district,east siang,5899
arunachal-pradesh,2019,1,district,changlang,5210
arunachal-pradesh,2019,1,district,tawang,5023
arunachal-pradesh,2019,1,district,lohit,4416
arunachal-pradesh,2019,1,district,namsai,3153
arunachal-pradesh,2019,1,district,west siang,2656
arunachal-pradesh,2019,1,district,lower dibang valley,2314
arunachal-pradesh,2019,1,district,tirap,2082
arunachal-pradesh,2019,1,pincode,791110,8094
arunachal-pradesh,2019,1,pincode,791111,7673
arunachal-pradesh,2019,1,pincode,791113,5140
arunachal-pradesh,2019,1,pincode,791102,5030
arunachal-pradesh,2019,1,pincode,790104,3751
arunachal-pradesh,2019,1,pincode,792103,3477
arunachal-pradesh,2019,1,pincode,792001,3160
arunachal-pradesh,2019,1,pincode,791001,3103
arunachal-pradesh,2019,1,pincode,790116,2798
arunachal-pradesh,2019,1,pincode,791109,2519
arunachal-pradesh,2019,2,district,papum pare,32800
arunachal-pradesh,2019,2,district,west kameng,9782
arunachal-pradesh,2019,2,district,east siang,7319
arunachal-pradesh,2019,2,district,changlang,6884
arunachal-pradesh,2019,2,district,tawang,5908
arunachal-pradesh,2019,2,district,lohit,5485
arunachal-pradesh,2019,2,district,namsai,3914
arunachal-pradesh,2019,2,district,west siang,3393
arunachal-pradesh,2019,2,district,lower dibang valley,2842
arunachal-pradesh,2019,2,district,tirap,2697
arunachal-pradesh,2019,2,pincode,791110,10055
arunachal-pradesh,2019,2,pincode,791111,9597
arunachal-pradesh,2019,2,pincode,791113,6418
arunachal-pradesh,2019,2,pincode,791102,6283
arunachal-pradesh,2019,2,pincode,790104,4437
arunachal-pradesh,2019,2,pincode,792103,4369
arunachal-pradesh,2019,2,pincode,791001,3960
arunachal-pradesh,2019,2,pincode,792001,3918
arunachal-pradesh,2019,2,pincode,790116,3335
arunachal-pradesh,2019,2,pincode,791109,3151
arunachal-pradesh,2019,3,district,papum pare,38845
arunachal-pradesh,2019,3,district,west kameng,11186
arunachal-pradesh,2019,3,district,east siang,8571
arunachal-pradesh,2019,3,district,changlang,8145
arunachal-pradesh,2019,3,district,tawang,6553
arunachal-pradesh,2019,3,district,lohit,6421
arunachal-pradesh,2019,3,district,namsai,4563
arunachal-pradesh,2019,3,district,west siang,4101
arunachal-pradesh,2019,3,district,lower dibang valley,3398
arunachal-pradesh,2019,3,district,tirap,3099
arunachal-pradesh,2019,3,pincode,791110,11834
arunachal-pradesh,2019,3,pincode,791111,11464
arunachal-pradesh,2019,3,pincode,791113,7593
arunachal-pradesh,2019,3,pincode,791102,7308
arunachal-pradesh,2019,3,pincode,792103,5172
arunachal-pradesh,2019,3,pincode,790104,4964
arunachal-pradesh,2019,3,pincode,791001,4733
arunachal-pradesh,2019,3,pincode,792001,4605
arunachal-pradesh,2019,3,pincode,791109,3715
arunachal-pradesh,2019,3,pincode,790116,3709
arunachal-pradesh,2019,4,district,papum pare,44746
arunachal-pradesh,2019,4,district,west kameng,12562
arunachal-pradesh,2019,4,district,east siang,9859
arunachal-pradesh,2019,4,district,changlang,9662
arunachal-pradesh,2019,4,district,lohit,7386
arunachal-pradesh,2019,4,district,tawang,7303
arunachal-pradesh,2019,4,district,namsai,5190
arunachal-pradesh,2019,4,district,west siang,4773
arunachal-pradesh,2019,4,district,lower dibang valley,3944
arunachal-pradesh,2019,4,district,tirap,3605
arunachal-pradesh,2019,4,pincode,791110,13737
arunachal-pradesh,2019,4,pincode,791111,13109
arunachal-pradesh,2019,4,pincode,791113,8753
arunachal-pradesh,2019,4,pincode,791102,8369
arunachal-pradesh,2019,4,pincode,792103,5974
arunachal-pradesh,2019,4,pincode,790104,5523
arunachal-pradesh,2019,4,pincode,791001,5499
arunachal-pradesh,2019,4,pincode,792001,5268
arunachal-pradesh,2019,4,pincode,791109,4216
arunachal-pradesh,2019,4,pincode,790116,4071
arunachal-pradesh,2021,1,district,papum pare,84715
arunachal-pradesh,2021,1,district,west kameng,21027
arunachal-pradesh,2021,1,district,changlang,19716
arunachal-pradesh,2021,1,district,east siang,19342
arunachal-pradesh,2021,1,district,lohit,14231
arunachal-pradesh,2021,1,district,tawang,11778
arunachal-pradesh,2021,1,district,west siang,10836
arunachal-pradesh,2021,1,district,namsai,10242
arunachal-pradesh,2021,1,district,lower dibang valley,8402
arunachal-pradesh,2021,1,district,lower subansiri,8044
arunachal-pradesh,2021,1,pincode,791110,26578
arunachal-pradesh,2021,1,pincode,791111,23660
arunachal-pradesh,2021,1,pincode,791113,16942
arunachal-pradesh,2021,1,pincode,791102,16191
arunachal-pradesh,2021,1,pincode,791001,12442
arunachal-pradesh,2021,1,pincode,792103,11916
arunachal-pradesh,2021,1,pincode,792001,9875
arunachal-pradesh,2021,1,pincode,790104,9066
arunachal-pradesh,2021,1,pincode,792110,8458
arunachal-pradesh,2021,1,pincode,791109,7917
arunachal-pradesh,2021,2,district,papum pare,90871
arunachal-pradesh,2021,2,district,west kameng,22625
arunachal-pradesh,2021,2,district,changlang,21404
arunachal-pradesh,2021,2,district,east siang,20817
arunachal-pradesh,2021,2,district,lohit,15360
arunachal-pradesh,2021,2,district,tawang,12636
arunachal-pradesh,2021,2,district,west siang,11657
arunachal-pradesh,2021,2,district,namsai,11111
arunachal-pradesh,2021,2,district,lower dibang valley,9094
arunachal-pradesh,2021,2,district,lower subansiri,8685
arunachal-pradesh,2021,2,pincode,791110,28553
arunachal-pradesh,2021,2,pincode,791111,25349
arunachal-pradesh,2021,2,pincode,791113,18141
arunachal-pradesh,2021,2,pincode,791102,17388
arunachal-pradesh,2021,2,pincode,791001,13401
arunachal-pradesh,2021,2,pincode,792103,12890
arunachal-pradesh,2021,2,pincode,792001,10617
arunachal-pradesh,2021,2,pincode,790104,9711
arunachal-pradesh,2021,2,pincode,792110,9156
arunachal-pradesh,2021,2,pincode,791109,8470
arunachal-pradesh,2021,3,district,papum pare,97854
arunachal-pradesh,2021,3,district,west kameng,24489
arunachal-pradesh,2021,3,district,changlang,23328
arunachal-pradesh,2021,3,district,east siang,22538
arunachal-pradesh,2021,3,district,lohit,16680
arunachal-pradesh,2021,3,district,tawang,13650
arunachal-pradesh,2021,3,district,west siang,12616
arunachal-pradesh,2021,3,district,namsai,12140
arunachal-pradesh,2021,3,district,lower dibang valley,9920
arunachal-pradesh,2021,3,district,lower subansiri,9451
arunachal-pradesh,2021,3,pincode,791110,30734
arunachal-pradesh,2021,3,pincode,791111,27265
arunachal-pradesh,2021,3,pincode,791113,19520
arunachal-pradesh,2021,3,pincode,791102,18855
arunachal-pradesh,2021,3,pincode,791001,14519
arunachal-pradesh,2021,3,pincode,792103,14068
arunachal-pradesh,2021,3,pincode,792001,11487
arunachal-pradesh,2021,3,pincode,790104,10467
arunachal-pradesh,2021,3,pincode,792110,9990
arunachal-pradesh,2021,3,pincode,791109,9111
arunachal-pradesh,2021,4,district,papum pare,104806
arunachal-pradesh,2021,4,district,west kameng,26237
arunachal-pradesh,2021,4,district,changlang,25155
arunachal-pradesh,2021,4,district,east siang,24208
arunachal-pradesh,2021,4,district,lohit,17980
arunachal-pradesh,2021,4,district,tawang,14665
arunachal-pradesh,2021,4,district,west siang,13555
arunachal-pradesh,2021,4,district,namsai,13092
arunachal-pradesh,2021,4,district,lower dibang valley,10679
arunachal-pradesh,2021,4,district,lower subansiri,10187
arunachal-pradesh,2021,4,pincode,791110,32931
arunachal-pradesh,2021,4,pincode,791111,29128
arunachal-pradesh,2021,4,pincode,791113,20914
arunachal-pradesh,2021,4,pincode,791102,20261
arunachal-pradesh,2021,4,pincode,791001,15589
arunachal-pradesh,2021,4,pincode,792103,15154
arunachal-pradesh,2021,4,pincode,792001,12358
arunachal-pradesh,2021,4,pincode,790104,11211
arunachal-pradesh,2021,4,pincode,792110,10752
arunachal-pradesh,2021,4,pincode,791109,9729
arunachal-pradesh,2020,1,district,papum pare,51342
arunachal-pradesh,2020,1,district,west kameng,13983
arunachal-pradesh,2020,1,district,east siang,11298
arunachal-pradesh,2020,1,district,changlang,11262
arunachal-pradesh,2020,1,district,lohit,8454
arunachal-pradesh,2020,1,district,tawang,8048
arunachal-pradesh,2020,1,district,namsai,6029
arunachal-pradesh,2020,1,district,west siang,5757
arunachal-pradesh,2020,1,district,lower dibang valley,4650
arunachal-pradesh,2020,1,district,lower subansiri,4351
arunachal-pradesh,2020,1,pincode,791110,15867
arunachal-pradesh,2020,1,pincode,791111,14888
arunachal-pradesh,2020,1,pincode,791113,10049
arunachal-pradesh,2020,1,pincode,791102,9584
arunachal-pradesh,2020,1,pincode,792103,6949
arunachal-pradesh,2020,1,pincode,791001,6631
arunachal-pradesh,2020,1,pincode,790104,6108
arunachal-pradesh,2020,1,pincode,792001,6044
arunachal-pradesh,2020,1,pincode,791109,4808
arunachal-pradesh,2020,1,pincode,792110,4690
arunachal-pradesh,2020,2,district,papum pare,59968
arunachal-pradesh,2020,2,district,west kameng,15766
arunachal-pradesh,2020,2,district,changlang,14036
arunachal-pradesh,2020,2,district,east siang,13601
arunachal-pradesh,2020,2,district,lohit,10154
arunachal-pradesh,2020,2,district,tawang,8993
arunachal-pradesh,2020,2,district,namsai,7426
arunachal-pradesh,2020,2,district,west siang,7239
arunachal-pradesh,2020,2,district,lower dibang valley,5782
arunachal-pradesh,2020,2,district,lower subansiri,5392
arunachal-pradesh,2020,2,pincode,791110,18699
arunachal-pradesh,2020,2,pincode,791111,17137
arunachal-pradesh,2020,2,pincode,791113,11777
arunachal-pradesh,2020,2,pincode,791102,11547
arunachal-pradesh,2020,2,pincode,792103,8648
arunachal-pradesh,2020,2,pincode,791001,8304
arunachal-pradesh,2020,2,pincode,792001,7106
arunachal-pradesh,2020,2,pincode,790104,6860
arunachal-pradesh,2020,2,pincode,792110,5825
arunachal-pradesh,2020,2,pincode,791109,5521
arunachal-pradesh,2020,3,district,papum pare,69419
arunachal-pradesh,2020,3,district,west kameng,17636
arunachal-pradesh,2020,3,district,changlang,16385
arunachal-pradesh,2020,3,district,east siang,15921
arunachal-pradesh,2020,3,district,lohit,11755
arunachal-pradesh,2020,3,district,tawang,9944
arunachal-pradesh,2020,3,district,west siang,8623
arunachal-pradesh,2020,3,district,namsai,8553
arunachal-pradesh,2020,3,district,lower dibang valley,6799
arunachal-pradesh,2020,3,district,lower subansiri,6456
arunachal-pradesh,2020,3,pincode,791110,21772
arunachal-pradesh,2020,3,pincode,791111,19597
arunachal-pradesh,2020,3,pincode,791113,13723
arunachal-pradesh,2020,3,pincode,791102,13422
arunachal-pradesh,2020,3,pincode,792103,9996
arunachal-pradesh,2020,3,pincode,791001,9880
arunachal-pradesh,2020,3,pincode,792001,8196
arunachal-pradesh,2020,3,pincode,790104,7622
arunachal-pradesh,2020,3,pincode,792110,6844
arunachal-pradesh,2020,3,pincode,791109,6404
arunachal-pradesh,2020,4,district,papum pare,77936
arunachal-pradesh,2020,4,district,west kameng,19464
arunachal-pradesh,2020,4,district,changlang,18203
arunachal-pradesh,2020,4,district,east siang,17822
arunachal-pradesh,2020,4,district,lohit,13126
arunachal-pradesh,2020,4,district,tawang,10909
arunachal-pradesh,2020,4,district,west siang,9911
arunachal-pradesh,2020,4,district,namsai,9437
arunachal-pradesh,2020,4,district,lower dibang valley,7693
arunachal-pradesh,2020,4,district,lower subansiri,7388
arunachal-pradesh,2020,4,pincode,791110,24414
arunachal-pradesh,2020,4,pincode,791111,21845
arunachal-pradesh,2020,4,pincode,791113,15540
arunachal-pradesh,2020,4,pincode,791102,14955
arunachal-pradesh,2020,4,pincode,791001,11382
arunachal-pradesh,2020,4,pincode,792103,10964
arunachal-pradesh,2020,4,pincode,792001,9130
arunachal-pradesh,2020,4,pincode,790104,8391
arunachal-pradesh,2020,4,pincode,792110,7743
arunachal-pradesh,2020,4,pincode,791109,7262
arunachal-pradesh,2018,1,district,papum pare,7649
arunachal-pradesh,2018,1,district,west kameng,2202
arunachal-pradesh,2018,1,district,east siang,1803
arunachal-pradesh,2018,1,district,tawang,1525
arunachal-pradesh,2018,1,district,changlang,1208
arunachal-pradesh,2018,1,district,lohit,1207
arunachal-pradesh,2018,1,district,west siang,846
arunachal-pradesh,2018,1,district,namsai,737
arunachal-pradesh,2018,1,district,lower dibang valley,601
arunachal-pradesh,2018,1,district,upper subansiri,572
arunachal-pradesh,2018,1,pincode,791110,2316
arunachal-pradesh,2018,1,pincode,791111,2203
arunachal-pradesh,2018,1,pincode,791113,1475
arunachal-pradesh,2018,1,pincode,791102,1471
arunachal-pradesh,2018,1,pincode,790104,1139
arunachal-pradesh,2018,1,pincode,791001,969
arunachal-pradesh,2018,1,pincode,791109,857
arunachal-pradesh,2018,1,pincode,792103,829
arunachal-pradesh,2018,1,pincode,792001,828
arunachal-pradesh,2018,1,pincode,790116,766
arunachal-pradesh,2018,2,district,papum pare,11418
arunachal-pradesh,2018,2,district,west kameng,3442
arunachal-pradesh,2018,2,district,east siang,2646
arunachal-pradesh,2018,2,district,tawang,2266
arunachal-pradesh,2018,2,district,changlang,2014
arunachal-pradesh,2018,2,district,lohit,1898
arunachal-pradesh,2018,2,district,namsai,1276
arunachal-pradesh,2018,2,district,west siang,1224
arunachal-pradesh,2018,2,district,lower dibang valley,893
arunachal-pradesh,2018,2,district,upper subansiri,883
arunachal-pradesh,2018,2,pincode,791110,3488
arunachal-pradesh,2018,2,pincode,791111,3272
arunachal-pradesh,2018,2,pincode,791113,2219
arunachal-pradesh,2018,2,pincode,791102,2212
arunachal-pradesh,2018,2,pincode,790104,1698
arunachal-pradesh,2018,2,pincode,792103,1457
arunachal-pradesh,2018,2,pincode,791001,1421
arunachal-pradesh,2018,2,pincode,792001,1315
arunachal-pradesh,2018,2,pincode,791109,1231
arunachal-pradesh,2018,2,pincode,790116,1213
arunachal-pradesh,2018,3,district,papum pare,16009
arunachal-pradesh,2018,3,district,west kameng,4765
arunachal-pradesh,2018,3,district,east siang,3590
arunachal-pradesh,2018,3,district,tawang,3112
arunachal-pradesh,2018,3,district,changlang,2889
arunachal-pradesh,2018,3,district,lohit,2612
arunachal-pradesh,2018,3,district,namsai,1862
arunachal-pradesh,2018,3,district,west siang,1652
arunachal-pradesh,2018,3,district,lower dibang valley,1286
arunachal-pradesh,2018,3,district,tirap,1226
arunachal-pradesh,2018,3,pincode,791110,4872
arunachal-pradesh,2018,3,pincode,791111,4610
arunachal-pradesh,2018,3,pincode,791113,3178
arunachal-pradesh,2018,3,pincode,791102,3077
arunachal-pradesh,2018,3,pincode,790104,2328
arunachal-pradesh,2018,3,pincode,792103,2067
arunachal-pradesh,2018,3,pincode,791001,1907
arunachal-pradesh,2018,3,pincode,792001,1819
arunachal-pradesh,2018,3,pincode,790116,1623
arunachal-pradesh,2018,3,pincode,791109,1612
arunachal-pradesh,2018,4,district,papum pare,21342
arunachal-pradesh,2018,4,district,west kameng,6492
arunachal-pradesh,2018,4,district,east siang,4813
arunachal-pradesh,2018,4,district,tawang,4085
arunachal-pradesh,2018,4,district,changlang,4036
arunachal-pradesh,2018,4,district,lohit,3588
arunachal-pradesh,2018,4,district,namsai,2495
arunachal-pradesh,2018,4,district,west siang,2117
arunachal-pradesh,2018,4,district,lower dibang valley,1827
arunachal-pradesh,2018,4,district,tirap,1684
arunachal-pradesh,2018,4,pincode,791110,6599
arunachal-pradesh,2018,4,pincode,791111,6225
arunachal-pradesh,2018,4,pincode,791113,4115
arunachal-pradesh,2018,4,pincode,791102,4109
arunachal-pradesh,2018,4,pincode,790104,3034
arunachal-pradesh,2018,4,pincode,792103,2741
arunachal-pradesh,2018,4,pincode,792001,2577
arunachal-pradesh,2018,4,pincode,791001,2444
arunachal-pradesh,2018,4,pincode,790116,2206
arunachal-pradesh,2018,4,pincode,791109,2071
karnataka,2022,1,district,bengaluru urban,12707664
karnataka,2022,1,district,belagavi,1477767
karnataka,2022,1,district,mysuru,1410095
karnataka,2022,1,district,tumakuru,966743
karnataka,2022,1,district,dakshina kannada,965225
karnataka,2022,1,district,ballari,926458
karnataka,2022,1,district,dharwad,925787
karnataka,2022,1,district,bengaluru rural,833284
karnataka,2022,1,district,kalaburagi,788989
karnataka,2022,1,district,vijayapura,714643
karnataka,2022,1,pincode,560068,545827
karnataka,2022,1,pincode,560078,388154
karnataka,2022,1,pincode,560076,366934
karnataka,2022,1,pincode,560100,323960
karnataka,2022,1,pincode,560043,323435
karnataka,2022,1,pincode,560058,322689
karnataka,2022,1,pincode,560091,321685
karnataka,2022,1,pincode,560037,313105
karnataka,2022,1,pincode,560064,289243
karnataka,2022,1,pincode,560079,285716
karnataka,2022,2,district,bengaluru urban,13342916
karnataka,2022,2,district,belagavi,1556041
karnataka,2022,2,district,mysuru,1482427
karnataka,2022,2,district,tumakuru,1018947
karnataka,2022,2,district,dakshina kannada,1014820
karnataka,2022,2,district,ballari,977999
karnataka,2022,2,district,dharwad,974500
karnataka,2022,2,district,bengaluru rural,877678
karnataka,2022,2,district,kalaburagi,831684
karnataka,2022,2,district,vijayapura,753598
karnataka,2022,2,pincode,560068,573310
karnataka,2022,2,pincode,560078,407066
karnataka,2022,2,pincode,560076,384794
karnataka,2022,2,pincode,560100,340381
karnataka,2022,2,pincode,560058,339550
karnataka,2022,2,pincode,560043,339294
karnataka,2022,2,pincode,560091,338150
karnataka,2022,2,pincode,560037,328206
karnataka,2022,2,pincode,560064,303631
karnataka,2022,2,pincode,560079,299960
karnataka,2022,3,district,bengaluru urban,13997602
karnataka,2022,3,district,belagavi,1635855
karnataka,2022,3,district,mysuru,1556384
karnataka,2022,3,district,tumakuru,1070793
karnataka,2022,3,district,dakshina kannada,1065741
karnataka,2022,3,district,ballari,1030428
karnataka,2022,3,district,dharwad,1024771
karnataka,2022,3,district,bengaluru rural,924127
karnataka,2022,3,district,kalaburagi,874282
karnataka,2022,3,district,vijayapura,792750
karnataka,2022,3,pincode,560068,601656
karnataka,2022,3,pincode,560078,426581
karnataka,2022,3,pincode,560076,403229
karnataka,2022,3,pincode,560100,357272
karnataka,2022,3,pincode,560058,357187
karnataka,2022,3,pincode,560043,355534
karnataka,2022,3,pincode,560091,355350
karnataka,2022,3,pincode,560037,343521
karnataka,2022,3,pincode,560064,318618
karnataka,2022,3,pincode,560079,314654
karnataka,2022,4,district,bengaluru urban,14654455
karnataka,2022,4,district,belagavi,1709145
karnataka,2022,4,district,mysuru,1627802
karnataka,2022,4,district,tumakuru,1118547
karnataka,2022,4,district,dakshina kannada,1112661
karnataka,2022,4,district,ballari,1079558
karnataka,2022,4,district,dharwad,1073312
karnataka,2022,4,district,bengaluru rural,968384
karnataka,2022,4,district,kalaburagi,913258
karnataka,2022,4,district,vijayapura,828346
karnataka,2022,4,pincode,560068,630255
karnataka,2022,4,pincode,560078,446189
karnataka,2022,4,pincode,560076,421750
karnataka,2022,4,pincode,560058,375004
karnataka,2022,4,pincode,560100,374427
karnataka,2022,4,pincode,560091,372516
karnataka,2022,4,pincode,560043,371881
karnataka,2022,4,pincode,560037,359061
karnataka,2022,4,pincode,560064,333488
karnataka,2022,4,pincode,560079,329552
karnataka,2024,1,district,bengaluru urban,17506580
karnataka,2024,1,district,belagavi,2084358
karnataka,2024,1,district,mysuru,1962181
karnataka,2024,1,district,tumakuru,1365972
karnataka,2024,1,district,dakshina kannada,1339128
karnataka,2024,1,district,ballari,1324531
karnataka,2024,1,district,dharwad,1300731
karnataka,2024,1,district,bengaluru rural,1176781
karnataka,2024,1,district,kalaburagi,1119845
karnataka,2024,1,district,vijayapura,1016964
karnataka,2024,1,pincode,560068,753700
karnataka,2024,1,pincode,560078,530186
karnataka,2024,1,pincode,560076,500551
karnataka,2024,1,pincode,560058,452934
karnataka,2024,1,pincode,560100,448221
karnataka,2024,1,pincode,560091,447680
karnataka,2024,1,pincode,560043,442517
karnataka,2024,1,pincode,560037,425394
karnataka,2024,1,pincode,560064,397825
karnataka,2024,1,pincode,560079,394054
karnataka,2024,2,district,bengaluru urban,18127475
karnataka,2024,2,district,belagavi,2164310
karnataka,2024,2,district,mysuru,2034847
karnataka,2024,2,district,tumakuru,1417721
karnataka,2024,2,district,dakshina kannada,1387237
karnataka,2024,2,district,ballari,1376117
karnataka,2024,2,district,dharwad,1349889
karnataka,2024,2,district,bengaluru rural,1220937
karnataka,2024,2,district,kalaburagi,1163673
karnataka,2024,2,district,vijayapura,1056257
karnataka,2024,2,pincode,560068,780422
karnataka,2024,2,pincode,560078,548837
karnataka,2024,2,pincode,560076,518035
karnataka,2024,2,pincode,560058,469565
karnataka,2024,2,pincode,560100,464205
karnataka,2024,2,pincode,560091,464066
karnataka,2024,2,pincode,560043,458003
karnataka,2024,2,pincode,560037,439857
karnataka,2024,2,pincode,560064,411804
karnataka,2024,2,pincode,560079,408210
karnataka,2024,3,district,bengaluru urban,17566351
karnataka,2024,3,district,belagavi,2164342
karnataka,2024,3,district,mysuru,2094684
karnataka,2024,3,district,tumakuru,1407640
karnataka,2024,3,district,dakshina kannada,1342395
karnataka,2024,3,district,dharwad,1269822
karnataka,2024,3,district,bengaluru rural,1261422
karnataka,2024,3,district,kalaburagi,1192941
karnataka,2024,3,district,vijayapura,1095925
karnataka,2024,3,district,kolar,987151
karnataka,2024,3,pincode,560068,645173
karnataka,2024,3,pincode,560100,570870
karnataka,2024,3,pincode,560091,467453
karnataka,2024,3,pincode,560037,459750
karnataka,2024,3,pincode,560066,413956
karnataka,2024,3,pincode,560076,404999
karnataka,2024,3,pincode,560064,375125
karnataka,2024,3,pincode,560077,359760
karnataka,2024,3,pincode,560078,358626
karnataka,2024,3,pincode,560099,333137
karnataka,2024,4,district,bengaluru urban,18101416
karnataka,2024,4,district,belagavi,2239598
karnataka,2024,4,district,mysuru,2146289
karnataka,2024,4,district,tumakuru,1447778
karnataka,2024,4,district,dakshina kannada,1381747
karnataka,2024,4,district,dharwad,1311584
karnataka,2024,4,district,bengaluru rural,1297209
karnataka,2024,4,district,kalaburagi,1235497
karnataka,2024,4,district,vijayapura,1133948
karnataka,2024,4,district,kolar,1014848
karnataka,2024,4,pincode,560068,663903
karnataka,2024,4,pincode,560100,591662
karnataka,2024,4,pincode,560091,480848
karnataka,2024,4,pincode,560037,475359
karnataka,2024,4,pincode,560066,431067
karnataka,2024,4,pincode,560076,415395
karnataka,2024,4,pincode,560064,384740
karnataka,2024,4,pincode,560077,371055
karnataka,2024,4,pincode,560078,369096
karnataka,2024,4,pincode,560099,344219
karnataka,2023,1,district,bengaluru urban,15290372
karnataka,2023,1,district,belagavi,1785167
karnataka,2023,1,district,mysuru,1698270
karnataka,2023,1,district,tumakuru,1169009
karnataka,2023,1,district,dakshina kannada,1159914
karnataka,2023,1,district,ballari,1129725
karnataka,2023,1,district,dharwad,1121054
karnataka,2023,1,district,bengaluru rural,1012098
karnataka,2023,1,district,kalaburagi,954489
karnataka,2023,1,district,vijayapura,865920
karnataka,2023,1,pincode,560068,658173
karnataka,2023,1,pincode,560078,465268
karnataka,2023,1,pincode,560076,439520
karnataka,2023,1,pincode,560058,392240
karnataka,2023,1,pincode,560100,390945
karnataka,2023,1,pincode,560091,389038
karnataka,2023,1,pincode,560043,387698
karnataka,2023,1,pincode,560037,374285
karnataka,2023,1,pincode,560064,347749
karnataka,2023,1,pincode,560079,343905
karnataka,2023,2,district,bengaluru urban,15812243
karnataka,2023,2,district,belagavi,1857344
karnataka,2023,2,district,mysuru,1762422
karnataka,2023,2,district,tumakuru,1217798
karnataka,2023,2,district,dakshina kannada,1203271
karnataka,2023,2,district,ballari,1176489
karnataka,2023,2,district,dharwad,1163908
karnataka,2023,2,district,bengaluru rural,1051872
karnataka,2023,2,district,kalaburagi,994209
karnataka,2023,2,district,vijayapura,903119
karnataka,2023,2,pincode,560068,680831
karnataka,2023,2,pincode,560078,480496
karnataka,2023,2,pincode,560076,454040
karnataka,2023,2,pincode,560058,406762
karnataka,2023,2,pincode,560100,404388
karnataka,2023,2,pincode,560091,403117
karnataka,2023,2,pincode,560043,400445
karnataka,2023,2,pincode,560037,386148
karnataka,2023,2,pincode,560064,359424
karnataka,2023,2,pincode,560079,355839
karnataka,2023,3,district,bengaluru urban,16382332
karnataka,2023,3,district,belagavi,1932291
karnataka,2023,3,district,mysuru,1828718
karnataka,2023,3,district,tumakuru,1266959
karnataka,2023,3,district,dakshina kannada,1248816
karnataka,2023,3,district,ballari,1225188
karnataka,2023,3,district,dharwad,1209368
karnataka,2023,3,district,bengaluru rural,1093777
karnataka,2023,3,district,kalaburagi,1035286
karnataka,2023,3,district,vijayapura,940972
karnataka,2023,3,pincode,560068,705298
karnataka,2023,3,pincode,560078,497366
karnataka,2023,3,pincode,560076,469520
karnataka,2023,3,pincode,560058,422371
karnataka,2023,3,pincode,560100,418829
karnataka,2023,3,pincode,560091,418290
karnataka,2023,3,pincode,560043,414454
karnataka,2023,3,pincode,560037,399487
karnataka,2023,3,pincode,560064,372461
karnataka,2023,3,pincode,560079,368803
karnataka,2023,4,district,bengaluru urban,16895567
karnataka,2023,4,district,belagavi,2003090
karnataka,2023,4,district,mysuru,1890549
karnataka,2023,4,district,tumakuru,1312600
karnataka,2023,4,district,dakshina kannada,1290406
karnataka,2023,4,district,ballari,1271327
karnataka,2023,4,district,dharwad,1251728
karnataka,2023,4,district,bengaluru rural,1132084
karnataka,2023,4,district,kalaburagi,1074402
karnataka,2023,4,district,vijayapura,976055
karnataka,2023,4,pincode,560068,727330
karnataka,2023,4,pincode,560078,512223
karnataka,2023,4,pincode,560076,483516
karnataka,2023,4,pincode,560058,436626
karnataka,2023,4,pincode,560100,432356
karnataka,2023,4,pincode,560091,431684
karnataka,2023,4,pincode,560043,427281
karnataka,2023,4,pincode,560037,411011
karnataka,2023,4,pincode,560064,383980
karnataka,2023,4,pincode,560079,380293
karnataka,2019,1,district,bengaluru urban,5003207
karnataka,2019,1,district,mysuru,432208
karnataka,2019,1,district,belagavi,412265
karnataka,2019,1,district,dharwad,287568
karnataka,2019,1,district,ballari,281648
karnataka,2019,1,district,bengaluru rural,267147
karnataka,2019,1,district,tumakuru,258398
karnataka,2019,1,district,dakshina kannada,254135
karnataka,2019,1,district,kalaburagi,230020
karnataka,2019,1,district,kolar,201909
karnataka,2019,1,pincode,560068,237280
karnataka,2019,1,pincode,560078,157977
karnataka,2019,1,pincode,560076,157367
karnataka,2019,1,pincode,560037,156716
karnataka,2019,1,pincode,560100,145990
karnataka,2019,1,pincode,560043,126199
karnataka,2019,1,pincode,560058,120584
karnataka,2019,1,pincode,560091,115911
karnataka,2019,1,pincode,560064,110644
karnataka,2019,1,pincode,560079,109287
karnataka,2019,2,district,bengaluru urban,5694165
karnataka,2019,2,district,mysuru,517839
karnataka,2019,2,district,belagavi,492435
karnataka,2019,2,district,dharwad,342439
karnataka,2019,2,district,ballari,330704
karnataka,2019,2,district,bengaluru rural,314610
karnataka,2019,2,district,tumakuru,312592
karnataka,2019,2,district,dakshina kannada,306684
karnataka,2019,2,district,kalaburagi,267907
karnataka,2019,2,district,kolar,240400
karnataka,2019,2,pincode,560068,263531
karnataka,2019,2,pincode,560078,178837
karnataka,2019,2,pincode,560076,176066
karnataka,2019,2,pincode,560037,170073
karnataka,2019,2,pincode,560100,161939
karnataka,2019,2,pincode,560043,143778
karnataka,2019,2,pincode,560058,138060
karnataka,2019,2,pincode,560091,134585
karnataka,2019,2,pincode,560064,126663
karnataka,2019,2,pincode,560079,125493
karnataka,2019,3,district,bengaluru urban,6383771
karnataka,2019,3,district,mysuru,601068
karnataka,2019,3,district,belagavi,568340
karnataka,2019,3,district,dharwad,397243
karnataka,2019,3,district,ballari,376264
karnataka,2019,3,district,tumakuru,366543
karnataka,2019,3,district,dakshina kannada,363240
karnataka,2019,3,district,bengaluru rural,361924
karnataka,2019,3,district,kalaburagi,306756
karnataka,2019,3,district,kolar,277877
karnataka,2019,3,pincode,560068,289417
karnataka,2019,3,pincode,560078,200025
karnataka,2019,3,pincode,560076,194819
karnataka,2019,3,pincode,560037,182526
karnataka,2019,3,pincode,560100,177026
karnataka,2019,3,pincode,560043,161899
karnataka,2019,3,pincode,560058,155618
karnataka,2019,3,pincode,560091,152819
karnataka,2019,3,pincode,560064,143378
karnataka,2019,3,pincode,560079,141222
karnataka,2019,4,district,bengaluru urban,7016836
karnataka,2019,4,district,mysuru,686169
karnataka,2019,4,district,belagavi,656749
karnataka,2019,4,district,dharwad,452178
karnataka,2019,4,district,ballari,429391
karnataka,2019,4,district,tumakuru,428605
karnataka,2019,4,district,dakshina kannada,423031
karnataka,2019,4,district,bengaluru rural,411896
karnataka,2019,4,district,kalaburagi,355228
karnataka,2019,4,district,kolar,321279
karnataka,2019,4,pincode,560068,313673
karnataka,2019,4,pincode,560078,218317
karnataka,2019,4,pincode,560076,211683
karnataka,2019,4,pincode,560037,193752
karnataka,2019,4,pincode,560100,191154
karnataka,2019,4,pincode,560043,177784
karnataka,2019,4,pincode,560058,172754
karnataka,2019,4,pincode,560091,170454
karnataka,2019,4,pincode,560064,157979
karnataka,2019,4,pincode,560079,155676
karnataka,2021,1,district,bengaluru urban,9955387
karnataka,2021,1,district,belagavi,1132987
karnataka,2021,1,district,mysuru,1094627
karnataka,2021,1,district,dakshina kannada,746964
karnataka,2021,1,district,tumakuru,736609
karnataka,2021,1,district,dharwad,714056
karnataka,2021,1,district,ballari,705364
karnataka,2021,1,district,bengaluru rural,639890
karnataka,2021,1,district,kalaburagi,602937
karnataka,2021,1,district,vijayapura,543181
karnataka,2021,1,pincode,560068,427525
karnataka,2021,1,pincode,560078,305721
karnataka,2021,1,pincode,560076,289205
karnataka,2021,1,pincode,560043,254510
karnataka,2021,1,pincode,560100,253914
karnataka,2021,1,pincode,560091,249839
karnataka,2021,1,pincode,560058,249624
karnataka,2021,1,pincode,560037,247595
karnataka,2021,1,pincode,560064,226588
karnataka,2021,1,pincode,560079,223844
karnataka,2021,2,district,bengaluru urban,10604609
karnataka,2021,2,district,belagavi,1213293
karnataka,2021,2,district,mysuru,1168608
karnataka,2021,2,district,dakshina kannada,798331
karnataka,2021,2,district,tumakuru,790148
karnataka,2021,2,district,dharwad,763441
karnataka,2021,2,district,ballari,755860
karnataka,2021,2,district,bengaluru rural,684759
karnataka,2021,2,district,kalaburagi,645639
karnataka,2021,2,district,vijayapura,582278
karnataka,2021,2,pincode,560068,455417
karnataka,2021,2,pincode,560078,325334
karnataka,2021,2,pincode,560076,307509
karnataka,2021,2,pincode,560043,270730
karnataka,2021,2,pincode,560100,270219
karnataka,2021,2,pincode,560091,266790
karnataka,2021,2,pincode,560058,266718
karnataka,2021,2,pincode,560037,263129
karnataka,2021,2,pincode,560064,241325
karnataka,2021,2,pincode,560079,238441
karnataka,2021,3,district,bengaluru urban,11321012
karnataka,2021,3,district,belagavi,1304051
karnataka,2021,3,district,mysuru,1250860
karnataka,2021,3,district,dakshina kannada,855634
karnataka,2021,3,district,tumakuru,850678
karnataka,2021,3,district,dharwad,818797
karnataka,2021,3,district,ballari,814170
karnataka,2021,3,district,bengaluru rural,735551
karnataka,2021,3,district,kalaburagi,694567
karnataka,2021,3,district,vijayapura,627795
karnataka,2021,3,pincode,560068,486170
karnataka,2021,3,pincode,560078,346840
karnataka,2021,3,pincode,560076,327691
karnataka,2021,3,pincode,560043,288657
karnataka,2021,3,pincode,560100,288418
karnataka,2021,3,pincode,560058,285746
karnataka,2021,3,pincode,560091,285428
karnataka,2021,3,pincode,560037,280067
karnataka,2021,3,pincode,560064,257630
karnataka,2021,3,pincode,560079,254553
karnataka,2021,4,district,bengaluru urban,12038775
karnataka,2021,4,district,belagavi,1393290
karnataka,2021,4,district,mysuru,1332579
karnataka,2021,4,district,dakshina kannada,912133
karnataka,2021,4,district,tumakuru,909976
karnataka,2021,4,district,dharwad,873847
karnataka,2021,4,district,ballari,871581
karnataka,2021,4,district,bengaluru rural,785717
karnataka,2021,4,district,kalaburagi,743146
karnataka,2021,4,district,vijayapura,672340
karnataka,2021,4,pincode,560068,517115
karnataka,2021,4,pincode,560078,368213
karnataka,2021,4,pincode,560076,347942
karnataka,2021,4,pincode,560100,306734
karnataka,2021,4,pincode,560043,306658
karnataka,2021,4,pincode,560058,304867
karnataka,2021,4,pincode,560091,304250
karnataka,2021,4,pincode,560037,297179
karnataka,2021,4,pincode,560064,273886
karnataka,2021,4,pincode,560079,270655
karnataka,2020,1,district,bengaluru urban,7564577
karnataka,2020,1,district,mysuru,764697
karnataka,2020,1,district,belagavi,746925
karnataka,2020,1,district,dharwad,502446
karnataka,2020,1,district,tumakuru,488995
karnataka,2020,1,district,dakshina kannada,481992
karnataka,2020,1,district,ballari,481004
karnataka,2020,1,district,bengaluru rural,455608
karnataka,2020,1,district,kalaburagi,402676
karnataka,2020,1,district,kolar,361750
karnataka,2020,1,pincode,560068,334481
karnataka,2020,1,pincode,560078,234102
karnataka,2020,1,pincode,560076,225754
karnataka,2020,1,pincode,560037,203140
karnataka,2020,1,pincode,560100,202522
karnataka,2020,1,pincode,560043,192017
karnataka,2020,1,pincode,560058,187340
karnataka,2020,1,pincode,560091,185405
karnataka,2020,1,pincode,560064,170524
karnataka,2020,1,pincode,560079,168340
karnataka,2020,2,district,bengaluru urban,8028070
karnataka,2020,2,district,belagavi,849149
karnataka,2020,2,district,mysuru,837003
karnataka,2020,2,district,dharwad,554235
karnataka,2020,2,district,tumakuru,552123
karnataka,2020,2,district,dakshina kannada,543603
karnataka,2020,2,district,ballari,537204
karnataka,2020,2,district,bengaluru rural,496292
karnataka,2020,2,district,kalaburagi,455786
karnataka,2020,2,district,vijayapura,407483
karnataka,2020,2,pincode,560068,351484
karnataka,2020,2,pincode,560078,247869
karnataka,2020,2,pincode,560076,237431
karnataka,2020,2,pincode,560100,211500
karnataka,2020,2,pincode,560037,210439
karnataka,2020,2,pincode,560043,203567
karnataka,2020,2,pincode,560058,199801
karnataka,2020,2,pincode,560091,198570
karnataka,2020,2,pincode,560064,181350
karnataka,2020,2,pincode,560079,179770
karnataka,2020,3,district,bengaluru urban,8611452
karnataka,2020,3,district,belagavi,951629
karnataka,2020,3,district,mysuru,923296
karnataka,2020,3,district,tumakuru,618091
karnataka,2020,3,district,dakshina kannada,617552
karnataka,2020,3,district,dharwad,608659
karnataka,2020,3,district,ballari,595935
karnataka,2020,3,district,bengaluru rural,543893
karnataka,2020,3,district,kalaburagi,507894
karnataka,2020,3,district,vijayapura,458119
karnataka,2020,3,pincode,560068,373446
karnataka,2020,3,pincode,560078,265627
karnataka,2020,3,pincode,560076,252246
karnataka,2020,3,pincode,560100,223235
karnataka,2020,3,pincode,560037,220131
karnataka,2020,3,pincode,560043,218963
karnataka,2020,3,pincode,560058,215047
karnataka,2020,3,pincode,560091,214608
karnataka,2020,3,pincode,560064,195179
karnataka,2020,3,pincode,560079,193680
karnataka,2020,4,district,bengaluru urban,9286243
karnataka,2020,4,district,belagavi,1051934
karnataka,2020,4,district,mysuru,1015945
karnataka,2020,4,district,dakshina kannada,690826
karnataka,2020,4,district,tumakuru,682441
karnataka,2020,4,district,dharwad,663973
karnataka,2020,4,district,ballari,654751
karnataka,2020,4,district,bengaluru rural,593872
karnataka,2020,4,district,kalaburagi,559718
karnataka,2020,4,district,vijayapura,504403
karnataka,2020,4,pincode,560068,399638
karnataka,2020,4,pincode,560078,285544
karnataka,2020,4,pincode,560076,270449
karnataka,2020,4,pincode,560100,237850
karnataka,2020,4,pincode,560043,237440
karnataka,2020,4,pincode,560037,232436
karnataka,2020,4,pincode,560091,232398
karnataka,2020,4,pincode,560058,232252
karnataka,2020,4,pincode,560064,211036
karnataka,2020,4,pincode,560079,208938
karnataka,2018,1,district,bengaluru urban,1922368
karnataka,2018,1,district,mysuru,150799
karnataka,2018,1,district,belagavi,140320
karnataka,2018,1,district,dharwad,106877
karnataka,2018,1,district,ballari,103566
karnataka,2018,1,district,bengaluru rural,87955
karnataka,2018,1,district,dakshina kannada,87491
karnataka,2018,1,district,tumakuru,82955
karnataka,2018,1,district,kalaburagi,81933
karnataka,2018,1,district,vijayapura,68814
karnataka,2018,1,pincode,560068,98487
karnataka,2018,1,pincode,560037,75304
karnataka,2018,1,pincode,560076,65302
karnataka,2018,1,pincode,560100,61796
karnataka,2018,1,pincode,560078,61759
karnataka,2018,1,pincode,560043,48734
karnataka,2018,1,pincode,560066,46324
karnataka,2018,1,pincode,560064,42625
karnataka,2018,1,pincode,560058,42501
karnataka,2018,1,pincode,560103,42384
karnataka,2018,2,district,bengaluru urban,2553312
karnataka,2018,2,district,mysuru,205044
karnataka,2018,2,district,belagavi,194698
karnataka,2018,2,district,dharwad,144884
karnataka,2018,2,district,ballari,140995
karnataka,2018,2,district,bengaluru rural,121048
karnataka,2018,2,district,dakshina kannada,118271
karnataka,2018,2,district,tumakuru,116855
karnataka,2018,2,district,kalaburagi,113205
karnataka,2018,2,district,vijayapura,95448
karnataka,2018,2,pincode,560068,128921
karnataka,2018,2,pincode,560037,93771
karnataka,2018,2,pincode,560076,84767
karnataka,2018,2,pincode,560078,81415
karnataka,2018,2,pincode,560100,80283
karnataka,2018,2,pincode,560043,64104
karnataka,2018,2,pincode,560066,59501
karnataka,2018,2,pincode,560058,58732
karnataka,2018,2,pincode,560064,56605
karnataka,2018,2,pincode,560103,54689
karnataka,2018,3,district,bengaluru urban,3167597
karnataka,2018,3,district,mysuru,262075
karnataka,2018,3,district,belagavi,252307
karnataka,2018,3,district,dharwad,181324
karnataka,2018,3,district,ballari,177311
karnataka,2018,3,district,bengaluru rural,156268
karnataka,2018,3,district,tumakuru,154217
karnataka,2018,3,district,dakshina kannada,153231
karnataka,2018,3,district,kalaburagi,145495
karnataka,2018,3,district,vijayapura,124561
karnataka,2018,3,pincode,560068,158659
karnataka,2018,3,pincode,560037,112074
karnataka,2018,3,pincode,560076,103108
karnataka,2018,3,pincode,560078,100291
karnataka,2018,3,pincode,560100,98779
karnataka,2018,3,pincode,560043,78779
karnataka,2018,3,pincode,560058,74965
karnataka,2018,3,pincode,560066,72460
karnataka,2018,3,pincode,560064,70258
karnataka,2018,3,pincode,560091,69754
karnataka,2018,4,district,bengaluru urban,4126734
karnataka,2018,4,district,mysuru,341636
karnataka,2018,4,district,belagavi,328102
karnataka,2018,4,district,dharwad,230679
karnataka,2018,4,district,ballari,226336
karnataka,2018,4,district,bengaluru rural,209778
karnataka,2018,4,district,tumakuru,203805
karnataka,2018,4,district,dakshina kannada,202453
karnataka,2018,4,district,kalaburagi,186668
karnataka,2018,4,district,vijayapura,160346
karnataka,2018,4,pincode,560068,201605
karnataka,2018,4,pincode,560037,137280
karnataka,2018,4,pincode,560076,132105
karnataka,2018,4,pincode,560078,130681
karnataka,2018,4,pincode,560100,124803
karnataka,2018,4,pincode,560043,103571
karnataka,2018,4,pincode,560058,98214
karnataka,2018,4,pincode,560091,93071
karnataka,2018,4,pincode,560064,91185
karnataka,2018,4,pincode,560066,91000
jammu-&-kashmir,2022,1,district,jammu,401675
jammu-&-kashmir,2022,1,district,srinagar,138727
jammu-&-kashmir,2022,1,district,baramulla,119475
jammu-&-kashmir,2022,1,district,budgam,88994
jammu-&-kashmir,2022,1,district,kathua,83944
jammu-&-kashmir,2022,1,district,anantnag,80434
jammu-&-kashmir,2022,1,district,kupwara,78894
jammu-&-kashmir,2022,1,district,udhampur,78353
jammu-&-kashmir,2022,1,district,samba,70288
jammu-&-kashmir,2022,1,district,rajouri,63232
jammu-&-kashmir,2022,1,pincode,182101,41063
jammu-&-kashmir,2022,1,pincode,180001,31758
jammu-&-kashmir,2022,1,pincode,193201,28829
jammu-&-kashmir,2022,1,pincode,180020,24799
jammu-&-kashmir,2022,1,pincode,180005,24442
jammu-&-kashmir,2022,1,pincode,192231,23555
jammu-&-kashmir,2022,1,pincode,181133,23359
jammu-&-kashmir,2022,1,pincode,190001,22898
jammu-&-kashmir,2022,1,pincode,184121,21297
jammu-&-kashmir,2022,1,pincode,180012,20947
jammu-&-kashmir,2022,2,district,jammu,423398
jammu-&-kashmir,2022,2,district,srinagar,146169
jammu-&-kashmir,2022,2,district,baramulla,126067
jammu-&-kashmir,2022,2,district,budgam,93893
jammu-&-kashmir,2022,2,district,kathua,88764
jammu-&-kashmir,2022,2,district,anantnag,84898
jammu-&-kashmir,2022,2,district,kupwara,83470
jammu-&-kashmir,2022,2,district,udhampur,82705
jammu-&-kashmir,2022,2,district,samba,74186
jammu-&-kashmir,2022,2,district,rajouri,66893
jammu-&-kashmir,2022,2,pincode,182101,43312
jammu-&-kashmir,2022,2,pincode,180001,33417
jammu-&-kashmir,2022,2,pincode,193201,30410
jammu-&-kashmir,2022,2,pincode,180020,26109
jammu-&-kashmir,2022,2,pincode,180005,25723
jammu-&-kashmir,2022,2,pincode,192231,24821
jammu-&-kashmir,2022,2,pincode,181133,24618
jammu-&-kashmir,2022,2,pincode,190001,24126
jammu-&-kashmir,2022,2,pincode,184121,22450
jammu-&-kashmir,2022,2,pincode,180012,22048
jammu-&-kashmir,2022,3,district,jammu,445345
jammu-&-kashmir,2022,3,district,srinagar,153729
jammu-&-kashmir,2022,3,district,baramulla,132526
jammu-&-kashmir,2022,3,district,budgam,98698
jammu-&-kashmir,2022,3,district,kathua,93084
jammu-&-kashmir,2022,3,district,anantnag,89184
jammu-&-kashmir,2022,3,district,kupwara,87867
jammu-&-kashmir,2022,3,district,udhampur,86915
jammu-&-kashmir,2022,3,district,samba,78092
jammu-&-kashmir,2022,3,district,rajouri,70231
jammu-&-kashmir,2022,3,pincode,182101,45610
jammu-&-kashmir,2022,3,pincode,180001,35165
jammu-&-kashmir,2022,3,pincode,193201,31990
jammu-&-kashmir,2022,3,pincode,180020,27497
jammu-&-kashmir,2022,3,pincode,180005,27083
jammu-&-kashmir,2022,3,pincode,192231,26129
jammu-&-kashmir,2022,3,pincode,181133,25935
jammu-&-kashmir,2022,3,pincode,190001,25369
jammu-&-kashmir,2022,3,pincode,184121,23655
jammu-&-kashmir,2022,3,pincode,180012,23216
jammu-&-kashmir,2022,4,district,jammu,465635
jammu-&-kashmir,2022,4,district,srinagar,160924
jammu-&-kashmir,2022,4,district,baramulla,138215
jammu-&-kashmir,2022,4,district,budgam,103056
jammu-&-kashmir,2022,4,district,kathua,96688
jammu-&-kashmir,2022,4,district,anantnag,93107
jammu-&-kashmir,2022,4,district,kupwara,91691
jammu-&-kashmir,2022,4,district,udhampur,90677
jammu-&-kashmir,2022,4,district,samba,81447
jammu-&-kashmir,2022,4,district,rajouri,72921
jammu-&-kashmir,2022,4,pincode,182101,47853
jammu-&-kashmir,2022,4,pincode,180001,36869
jammu-&-kashmir,2022,4,pincode,193201,33394
jammu-&-kashmir,2022,4,pincode,180020,28871
jammu-&-kashmir,2022,4,pincode,180005,28384
jammu-&-kashmir,2022,4,pincode,192231,27354
jammu-&-kashmir,2022,4,pincode,181133,27194
jammu-&-kashmir,2022,4,pincode,190001,26613
jammu-&-kashmir,2022,4,pincode,184121,24660
jammu-&-kashmir,2022,4,pincode,180012,24303
jammu-&-kashmir,2024,1,district,jammu,563905
jammu-&-kashmir,2024,1,district,srinagar,194780
jammu-&-kashmir,2024,1,district,baramulla,169476
jammu-&-kashmir,2024,1,district,budgam,126146
jammu-&-kashmir,2024,1,district,kathua,119369
jammu-&-kashmir,2024,1,district,anantnag,114215
jammu-&-kashmir,2024,1,district,kupwara,112748
jammu-&-kashmir,2024,1,district,udhampur,111438
jammu-&-kashmir,2024,1,district,samba,99768
jammu-&-kashmir,2024,1,district,rajouri,90494
jammu-&-kashmir,2024,1,pincode,182101,58118
jammu-&-kashmir,2024,1,pincode,180001,44351
jammu-&-kashmir,2024,1,pincode,193201,40824
jammu-&-kashmir,2024,1,pincode,180020,34697
jammu-&-kashmir,2024,1,pincode,180005,34066
jammu-&-kashmir,2024,1,pincode,192231,33550
jammu-&-kashmir,2024,1,pincode,181133,33093
jammu-&-kashmir,2024,1,pincode,190001,32253
jammu-&-kashmir,2024,1,pincode,184121,30250
jammu-&-kashmir,2024,1,pincode,193224,29615
jammu-&-kashmir,2024,2,district,jammu,584892
jammu-&-kashmir,2024,2,district,srinagar,202116
jammu-&-kashmir,2024,2,district,baramulla,176182
jammu-&-kashmir,2024,2,district,budgam,131188
jammu-&-kashmir,2024,2,district,kathua,123907
jammu-&-kashmir,2024,2,district,anantnag,118778
jammu-&-kashmir,2024,2,district,kupwara,117021
jammu-&-kashmir,2024,2,district,udhampur,115581
jammu-&-kashmir,2024,2,district,samba,103572
jammu-&-kashmir,2024,2,district,rajouri,93888
jammu-&-kashmir,2024,2,pincode,182101,60244
jammu-&-kashmir,2024,2,pincode,180001,45987
jammu-&-kashmir,2024,2,pincode,193201,42443
jammu-&-kashmir,2024,2,pincode,180020,35933
jammu-&-kashmir,2024,2,pincode,180005,35403
jammu-&-kashmir,2024,2,pincode,192231,34970
jammu-&-kashmir,2024,2,pincode,181133,34335
jammu-&-kashmir,2024,2,pincode,190001,33477
jammu-&-kashmir,2024,2,pincode,184121,31352
jammu-&-kashmir,2024,2,pincode,193224,30711
jammu-&-kashmir,2024,3,district,jammu,837777
jammu-&-kashmir,2024,3,district,srinagar,457327
jammu-&-kashmir,2024,3,district,baramulla,333306
jammu-&-kashmir,2024,3,district,anantnag,274253
jammu-&-kashmir,2024,3,district,kupwara,234801
jammu-&-kashmir,2024,3,district,budgam,215654
jammu-&-kashmir,2024,3,district,kathua,197546
jammu-&-kashmir,2024,3,district,rajouri,179306
jammu-&-kashmir,2024,3,district,samba,178564
jammu-&-kashmir,2024,3,district,udhampur,177039
jammu-&-kashmir,2024,3,pincode,192231,100647
jammu-&-kashmir,2024,3,pincode,192303,99820
jammu-&-kashmir,2024,3,pincode,180001,90238
jammu-&-kashmir,2024,3,pincode,190001,85915
jammu-&-kashmir,2024,3,pincode,193201,84921
jammu-&-kashmir,2024,3,pincode,182101,82810
jammu-&-kashmir,2024,3,pincode,192301,71697
jammu-&-kashmir,2024,3,pincode,191111,69380
jammu-&-kashmir,2024,3,pincode,192101,67153
jammu-&-kashmir,2024,3,pincode,193224,63248
jammu-&-kashmir,2024,4,district,jammu,864118
jammu-&-kashmir,2024,4,district,srinagar,471195
jammu-&-kashmir,2024,4,district,baramulla,344407
jammu-&-kashmir,2024,4,district,anantnag,282299
jammu-&-kashmir,2024,4,district,kupwara,241441
jammu-&-kashmir,2024,4,district,budgam,222093
jammu-&-kashmir,2024,4,district,kathua,203174
jammu-&-kashmir,2024,4,district,rajouri,185469
jammu-&-kashmir,2024,4,district,samba,183505
jammu-&-kashmir,2024,4,district,udhampur,181933
jammu-&-kashmir,2024,4,pincode,192231,103871
jammu-&-kashmir,2024,4,pincode,192303,102535
jammu-&-kashmir,2024,4,pincode,180001,93128
jammu-&-kashmir,2024,4,pincode,190001,88574
jammu-&-kashmir,2024,4,pincode,193201,88146
jammu-&-kashmir,2024,4,pincode,182101,84759
jammu-&-kashmir,2024,4,pincode,192301,73907
jammu-&-kashmir,2024,4,pincode,191111,71004
jammu-&-kashmir,2024,4,pincode,192101,69279
jammu-&-kashmir,2024,4,pincode,193224,64894
jammu-&-kashmir,2023,1,district,jammu,485903
jammu-&-kashmir,2023,1,district,srinagar,167765
jammu-&-kashmir,2023,1,district,baramulla,144514
jammu-&-kashmir,2023,1,district,budgam,107555
jammu-&-kashmir,2023,1,district,kathua,100962
jammu-&-kashmir,2023,1,district,anantnag,97227
jammu-&-kashmir,2023,1,district,kupwara,95832
jammu-&-kashmir,2023,1,district,udhampur,94792
jammu-&-kashmir,2023,1,district,samba,85114
jammu-&-kashmir,2023,1,district,rajouri,76256
jammu-&-kashmir,2023,1,pincode,182101,50027
jammu-&-kashmir,2023,1,pincode,180001,38414
jammu-&-kashmir,2023,1,pincode,193201,34892
jammu-&-kashmir,2023,1,pincode,180020,30116
jammu-&-kashmir,2023,1,pincode,180005,29601
jammu-&-kashmir,2023,1,pincode,192231,28544
jammu-&-kashmir,2023,1,pincode,181133,28396
jammu-&-kashmir,2023,1,pincode,190001,27761
jammu-&-kashmir,2023,1,pincode,184121,25786
jammu-&-kashmir,2023,1,pincode,180012,25319
jammu-&-kashmir,2023,2,district,jammu,504935
jammu-&-kashmir,2023,2,district,srinagar,174167
jammu-&-kashmir,2023,2,district,baramulla,150753
jammu-&-kashmir,2023,2,district,budgam,112096
jammu-&-kashmir,2023,2,district,kathua,105650
jammu-&-kashmir,2023,2,district,anantnag,101512
jammu-&-kashmir,2023,2,district,kupwara,100220
jammu-&-kashmir,2023,2,district,udhampur,98918
jammu-&-kashmir,2023,2,district,samba,88654
jammu-&-kashmir,2023,2,district,rajouri,79836
jammu-&-kashmir,2023,2,pincode,182101,52007
jammu-&-kashmir,2023,2,pincode,180001,39841
jammu-&-kashmir,2023,2,pincode,193201,36376
jammu-&-kashmir,2023,2,pincode,180020,31180
jammu-&-kashmir,2023,2,pincode,180005,30668
jammu-&-kashmir,2023,2,pincode,192231,29798
jammu-&-kashmir,2023,2,pincode,181133,29560
jammu-&-kashmir,2023,2,pincode,190001,28819
jammu-&-kashmir,2023,2,pincode,184121,26884
jammu-&-kashmir,2023,2,pincode,193224,26332
jammu-&-kashmir,2023,3,district,jammu,524726
jammu-&-kashmir,2023,3,district,srinagar,180872
jammu-&-kashmir,2023,3,district,baramulla,156673
jammu-&-kashmir,2023,3,district,budgam,116523
jammu-&-kashmir,2023,3,district,kathua,110005
jammu-&-kashmir,2023,3,district,anantnag,105459
jammu-&-kashmir,2023,3,district,kupwara,104220
jammu-&-kashmir,2023,3,district,udhampur,103054
jammu-&-kashmir,2023,3,district,samba,92315
jammu-&-kashmir,2023,3,district,rajouri,83335
jammu-&-kashmir,2023,3,pincode,182101,54060
jammu-&-kashmir,2023,3,pincode,180001,41361
jammu-&-kashmir,2023,3,pincode,193201,37816
jammu-&-kashmir,2023,3,pincode,180020,32405
jammu-&-kashmir,2023,3,pincode,180005,31821
jammu-&-kashmir,2023,3,pincode,192231,30943
jammu-&-kashmir,2023,3,pincode,181133,30758
jammu-&-kashmir,2023,3,pincode,190001,29937
jammu-&-kashmir,2023,3,pincode,184121,27995
jammu-&-kashmir,2023,3,pincode,193224,27379
jammu-&-kashmir,2023,4,district,jammu,542942
jammu-&-kashmir,2023,4,district,srinagar,187378
jammu-&-kashmir,2023,4,district,baramulla,162749
jammu-&-kashmir,2023,4,district,budgam,121095
jammu-&-kashmir,2023,4,district,kathua,114338
jammu-&-kashmir,2023,4,district,anantnag,109642
jammu-&-kashmir,2023,4,district,kupwara,108196
jammu-&-kashmir,2023,4,district,udhampur,106838
jammu-&-kashmir,2023,4,district,samba,95819
jammu-&-kashmir,2023,4,district,rajouri,86618
jammu-&-kashmir,2023,4,pincode,182101,55933
jammu-&-kashmir,2023,4,pincode,180001,42774
jammu-&-kashmir,2023,4,pincode,193201,39238
jammu-&-kashmir,2023,4,pincode,180020,33426
jammu-&-kashmir,2023,4,pincode,180005,32856
jammu-&-kashmir,2023,4,pincode,192231,32204
jammu-&-kashmir,2023,4,pincode,181133,31854
jammu-&-kashmir,2023,4,pincode,190001,31016
jammu-&-kashmir,2023,4,pincode,184121,29019
jammu-&-kashmir,2023,4,pincode,193224,28441
jammu-&-kashmir,2019,1,district,jammu,134408
jammu-&-kashmir,2019,1,district,srinagar,52762
jammu-&-kashmir,2019,1,district,baramulla,45150
jammu-&-kashmir,2019,1,district,budgam,34255
jammu-&-kashmir,2019,1,district,anantnag,30103
jammu-&-kashmir,2019,1,district,kathua,25620
jammu-&-kashmir,2019,1,district,kupwara,25544
jammu-&-kashmir,2019,1,district,udhampur,25515
jammu-&-kashmir,2019,1,district,pulwama,23230
jammu-&-kashmir,2019,1,district,samba,21495
jammu-&-kashmir,2019,1,pincode,182101,14885
jammu-&-kashmir,2019,1,pincode,193201,12289
jammu-&-kashmir,2019,1,pincode,180001,11156
jammu-&-kashmir,2019,1,pincode,192231,9231
jammu-&-kashmir,2019,1,pincode,190001,8932
jammu-&-kashmir,2019,1,pincode,180005,8654
jammu-&-kashmir,2019,1,pincode,180020,8424
jammu-&-kashmir,2019,1,pincode,191111,8024
jammu-&-kashmir,2019,1,pincode,180012,7868
jammu-&-kashmir,2019,1,pincode,181133,7825
jammu-&-kashmir,2019,2,district,jammu,160241
jammu-&-kashmir,2019,2,district,srinagar,62190
jammu-&-kashmir,2019,2,district,baramulla,53196
jammu-&-kashmir,2019,2,district,budgam,39965
jammu-&-kashmir,2019,2,district,anantnag,35488
jammu-&-kashmir,2019,2,district,kupwara,30791
jammu-&-kashmir,2019,2,district,kathua,30602
jammu-&-kashmir,2019,2,district,udhampur,29856
jammu-&-kashmir,2019,2,district,pulwama,27167
jammu-&-kashmir,2019,2,district,samba,25990
jammu-&-kashmir,2019,2,pincode,182101,17029
jammu-&-kashmir,2019,2,pincode,193201,14189
jammu-&-kashmir,2019,2,pincode,180001,13015
jammu-&-kashmir,2019,2,pincode,192231,10950
jammu-&-kashmir,2019,2,pincode,190001,10288
jammu-&-kashmir,2019,2,pincode,180005,10139
jammu-&-kashmir,2019,2,pincode,180020,9908
jammu-&-kashmir,2019,2,pincode,191111,9583
jammu-&-kashmir,2019,2,pincode,180012,9196
jammu-&-kashmir,2019,2,pincode,181133,9169
jammu-&-kashmir,2019,3,district,jammu,169849
jammu-&-kashmir,2019,3,district,srinagar,64758
jammu-&-kashmir,2019,3,district,baramulla,54404
jammu-&-kashmir,2019,3,district,budgam,41004
jammu-&-kashmir,2019,3,district,anantnag,36371
jammu-&-kashmir,2019,3,district,kupwara,32431
jammu-&-kashmir,2019,3,district,kathua,32213
jammu-&-kashmir,2019,3,district,udhampur,31297
jammu-&-kashmir,2019,3,district,pulwama,27963
jammu-&-kashmir,2019,3,district,samba,27579
jammu-&-kashmir,2019,3,pincode,182101,17993
jammu-&-kashmir,2019,3,pincode,193201,14355
jammu-&-kashmir,2019,3,pincode,180001,13902
jammu-&-kashmir,2019,3,pincode,192231,11203
jammu-&-kashmir,2019,3,pincode,190001,10800
jammu-&-kashmir,2019,3,pincode,180005,10724
jammu-&-kashmir,2019,3,pincode,180020,10547
jammu-&-kashmir,2019,3,pincode,180012,9751
jammu-&-kashmir,2019,3,pincode,181133,9744
jammu-&-kashmir,2019,3,pincode,191111,9704
jammu-&-kashmir,2019,4,district,jammu,174858
jammu-&-kashmir,2019,4,district,srinagar,65611
jammu-&-kashmir,2019,4,district,baramulla,55042
jammu-&-kashmir,2019,4,district,budgam,41377
jammu-&-kashmir,2019,4,district,anantnag,36725
jammu-&-kashmir,2019,4,district,kathua,33481
jammu-&-kashmir,2019,4,district,kupwara,33279
jammu-&-kashmir,2019,4,district,udhampur,32252
jammu-&-kashmir,2019,4,district,pulwama,28336
jammu-&-kashmir,2019,4,district,samba,28333
jammu-&-kashmir,2019,4,pincode,182101,18455
jammu-&-kashmir,2019,4,pincode,193201,14382
jammu-&-kashmir,2019,4,pincode,180001,14240
jammu-&-kashmir,2019,4,pincode,192231,11233
jammu-&-kashmir,2019,4,pincode,190001,10986
jammu-&-kashmir,2019,4,pincode,180005,10954
jammu-&-kashmir,2019,4,pincode,180020,10919
jammu-&-kashmir,2019,4,pincode,180012,10065
jammu-&-kashmir,2019,4,pincode,181133,10023
jammu-&-kashmir,2019,4,pincode,191111,9753
jammu-&-kashmir,2021,1,district,jammu,307670
jammu-&-kashmir,2021,1,district,srinagar,107147
jammu-&-kashmir,2021,1,district,baramulla,90607
jammu-&-kashmir,2021,1,district,budgam,67920
jammu-&-kashmir,2021,1,district,kathua,62777
jammu-&-kashmir,2021,1,district,anantnag,61151
jammu-&-kashmir,2021,1,district,kupwara,59485
jammu-&-kashmir,2021,1,district,udhampur,58664
jammu-&-kashmir,2021,1,district,samba,53123
jammu-&-kashmir,2021,1,district,rajouri,47092
jammu-&-kashmir,2021,1,pincode,182101,31390
jammu-&-kashmir,2021,1,pincode,180001,24595
jammu-&-kashmir,2021,1,pincode,193201,22099
jammu-&-kashmir,2021,1,pincode,180020,19151
jammu-&-kashmir,2021,1,pincode,180005,18879
jammu-&-kashmir,2021,1,pincode,192231,17958
jammu-&-kashmir,2021,1,pincode,181133,17860
jammu-&-kashmir,2021,1,pincode,190001,17690
jammu-&-kashmir,2021,1,pincode,180012,16221
jammu-&-kashmir,2021,1,pincode,184121,16051
jammu-&-kashmir,2021,2,district,jammu,329625
jammu-&-kashmir,2021,2,district,srinagar,114498
jammu-&-kashmir,2021,2,district,baramulla,97258
jammu-&-kashmir,2021,2,district,budgam,72750
jammu-&-kashmir,2021,2,district,kathua,67569
jammu-&-kashmir,2021,2,district,anantnag,65592
jammu-&-kashmir,2021,2,district,kupwara,63957
jammu-&-kashmir,2021,2,district,udhampur,63296
jammu-&-kashmir,2021,2,district,samba,57066
jammu-&-kashmir,2021,2,district,rajouri,50772
jammu-&-kashmir,2021,2,pincode,182101,33659
jammu-&-kashmir,2021,2,pincode,180001,26276
jammu-&-kashmir,2021,2,pincode,193201,23642
jammu-&-kashmir,2021,2,pincode,180020,20467
jammu-&-kashmir,2021,2,pincode,180005,20198
jammu-&-kashmir,2021,2,pincode,192231,19265
jammu-&-kashmir,2021,2,pincode,181133,19148
jammu-&-kashmir,2021,2,pincode,190001,18895
jammu-&-kashmir,2021,2,pincode,180012,17346
jammu-&-kashmir,2021,2,pincode,184121,17237
jammu-&-kashmir,2021,3,district,jammu,354280
jammu-&-kashmir,2021,3,district,srinagar,122752
jammu-&-kashmir,2021,3,district,baramulla,104763
jammu-&-kashmir,2021,3,district,budgam,78298
jammu-&-kashmir,2021,3,district,kathua,73280
jammu-&-kashmir,2021,3,district,anantnag,70633
jammu-&-kashmir,2021,3,district,kupwara,69102
jammu-&-kashmir,2021,3,district,udhampur,68452
jammu-&-kashmir,2021,3,district,samba,61677
jammu-&-kashmir,2021,3,district,rajouri,55013
jammu-&-kashmir,2021,3,pincode,182101,36192
jammu-&-kashmir,2021,3,pincode,180001,28186
jammu-&-kashmir,2021,3,pincode,193201,25344
jammu-&-kashmir,2021,3,pincode,180020,21927
jammu-&-kashmir,2021,3,pincode,180005,21649
jammu-&-kashmir,2021,3,pincode,192231,20723
jammu-&-kashmir,2021,3,pincode,181133,20600
jammu-&-kashmir,2021,3,pincode,190001,20246
jammu-&-kashmir,2021,3,pincode,184121,18662
jammu-&-kashmir,2021,3,pincode,180012,18569
jammu-&-kashmir,2021,4,district,jammu,378618
jammu-&-kashmir,2021,4,district,srinagar,130968
jammu-&-kashmir,2021,4,district,baramulla,112175
jammu-&-kashmir,2021,4,district,budgam,83726
jammu-&-kashmir,2021,4,district,kathua,78693
jammu-&-kashmir,2021,4,district,anantnag,75622
jammu-&-kashmir,2021,4,district,kupwara,74136
jammu-&-kashmir,2021,4,district,udhampur,73525
jammu-&-kashmir,2021,4,district,samba,66057
jammu-&-kashmir,2021,4,district,rajouri,59304
jammu-&-kashmir,2021,4,pincode,182101,38671
jammu-&-kashmir,2021,4,pincode,180001,30020
jammu-&-kashmir,2021,4,pincode,193201,27105
jammu-&-kashmir,2021,4,pincode,180020,23401
jammu-&-kashmir,2021,4,pincode,180005,23128
jammu-&-kashmir,2021,4,pincode,192231,22118
jammu-&-kashmir,2021,4,pincode,181133,22005
jammu-&-kashmir,2021,4,pincode,190001,21611
jammu-&-kashmir,2021,4,pincode,184121,20002
jammu-&-kashmir,2021,4,pincode,180012,19767
jammu-&-kashmir,2020,1,district,jammu,191031
jammu-&-kashmir,2020,1,district,srinagar,70755
jammu-&-kashmir,2020,1,district,baramulla,59123
jammu-&-kashmir,2020,1,district,budgam,44636
jammu-&-kashmir,2020,1,district,anantnag,39513
jammu-&-kashmir,2020,1,district,kathua,37300
jammu-&-kashmir,2020,1,district,kupwara,36690
jammu-&-kashmir,2020,1,district,udhampur,35408
jammu-&-kashmir,2020,1,district,samba,31570
jammu-&-kashmir,2020,1,district,pulwama,30796
jammu-&-kashmir,2020,1,pincode,182101,20047
jammu-&-kashmir,2020,1,pincode,180001,15358
jammu-&-kashmir,2020,1,pincode,193201,15255
jammu-&-kashmir,2020,1,pincode,192231,12168
jammu-&-kashmir,2020,1,pincode,180020,11937
jammu-&-kashmir,2020,1,pincode,180005,11815
jammu-&-kashmir,2020,1,pincode,190001,11750
jammu-&-kashmir,2020,1,pincode,181133,11049
jammu-&-kashmir,2020,1,pincode,180012,10825
jammu-&-kashmir,2020,1,pincode,191111,10439
jammu-&-kashmir,2020,2,district,jammu,220805
jammu-&-kashmir,2020,2,district,srinagar,78458
jammu-&-kashmir,2020,2,district,baramulla,66095
jammu-&-kashmir,2020,2,district,budgam,49962
jammu-&-kashmir,2020,2,district,kathua,44719
jammu-&-kashmir,2020,2,district,anantnag,44423
jammu-&-kashmir,2020,2,district,kupwara,41855
jammu-&-kashmir,2020,2,district,udhampur,41813
jammu-&-kashmir,2020,2,district,samba,37600
jammu-&-kashmir,2020,2,district,pulwama,34565
jammu-&-kashmir,2020,2,pincode,182101,22972
jammu-&-kashmir,2020,2,pincode,180001,17564
jammu-&-kashmir,2020,2,pincode,193201,16682
jammu-&-kashmir,2020,2,pincode,180020,13753
jammu-&-kashmir,2020,2,pincode,192231,13474
jammu-&-kashmir,2020,2,pincode,180005,13447
jammu-&-kashmir,2020,2,pincode,190001,12915
jammu-&-kashmir,2020,2,pincode,181133,12861
jammu-&-kashmir,2020,2,pincode,180012,11985
jammu-&-kashmir,2020,2,pincode,191111,11722
jammu-&-kashmir,2020,3,district,jammu,248814
jammu-&-kashmir,2020,3,district,srinagar,87182
jammu-&-kashmir,2020,3,district,baramulla,73162
jammu-&-kashmir,2020,3,district,budgam,55153
jammu-&-kashmir,2020,3,district,kathua,50914
jammu-&-kashmir,2020,3,district,anantnag,49443
jammu-&-kashmir,2020,3,district,udhampur,47399
jammu-&-kashmir,2020,3,district,kupwara,47288
jammu-&-kashmir,2020,3,district,samba,42915
jammu-&-kashmir,2020,3,district,pulwama,38434
jammu-&-kashmir,2020,3,pincode,182101,25681
jammu-&-kashmir,2020,3,pincode,180001,19818
jammu-&-kashmir,2020,3,pincode,193201,18089
jammu-&-kashmir,2020,3,pincode,180020,15552
jammu-&-kashmir,2020,3,pincode,180005,15175
jammu-&-kashmir,2020,3,pincode,192231,14748
jammu-&-kashmir,2020,3,pincode,181133,14610
jammu-&-kashmir,2020,3,pincode,190001,14402
jammu-&-kashmir,2020,3,pincode,180012,13333
jammu-&-kashmir,2020,3,pincode,184121,13160
jammu-&-kashmir,2020,4,district,jammu,282463
jammu-&-kashmir,2020,4,district,srinagar,98923
jammu-&-kashmir,2020,4,district,baramulla,83119
jammu-&-kashmir,2020,4,district,budgam,62364
jammu-&-kashmir,2020,4,district,kathua,57651
jammu-&-kashmir,2020,4,district,anantnag,56211
jammu-&-kashmir,2020,4,district,kupwara,54447
jammu-&-kashmir,2020,4,district,udhampur,53803
jammu-&-kashmir,2020,4,district,samba,48775
jammu-&-kashmir,2020,4,district,rajouri,43240
jammu-&-kashmir,2020,4,pincode,182101,28888
jammu-&-kashmir,2020,4,pincode,180001,22613
jammu-&-kashmir,2020,4,pincode,193201,20269
jammu-&-kashmir,2020,4,pincode,180020,17601
jammu-&-kashmir,2020,4,pincode,180005,17328
jammu-&-kashmir,2020,4,pincode,192231,16498
jammu-&-kashmir,2020,4,pincode,181133,16439
jammu-&-kashmir,2020,4,pincode,190001,16265
jammu-&-kashmir,2020,4,pincode,180012,14882
jammu-&-kashmir,2020,4,pincode,184121,14784
jammu-&-kashmir,2018,1,district,jammu,45294
jammu-&-kashmir,2018,1,district,srinagar,18233
jammu-&-kashmir,2018,1,district,baramulla,16299
jammu-&-kashmir,2018,1,district,budgam,11594
jammu-&-kashmir,2018,1,district,anantnag,11556
jammu-&-kashmir,2018,1,district,udhampur,8457
jammu-&-kashmir,2018,1,district,pulwama,8441
jammu-&-kashmir,2018,1,district,kathua,8039
jammu-&-kashmir,2018,1,district,kupwara,7254
jammu-&-kashmir,2018,1,district,samba,6534
jammu-&-kashmir,2018,1,pincode,182101,5269
jammu-&-kashmir,2018,1,pincode,193201,5007
jammu-&-kashmir,2018,1,pincode,180001,4190
jammu-&-kashmir,2018,1,pincode,192231,3395
jammu-&-kashmir,2018,1,pincode,180005,3065
jammu-&-kashmir,2018,1,pincode,190001,2944
jammu-&-kashmir,2018,1,pincode,180020,2936
jammu-&-kashmir,2018,1,pincode,192301,2818
jammu-&-kashmir,2018,1,pincode,180012,2709
jammu-&-kashmir,2018,1,pincode,180004,2652
jammu-&-kashmir,2018,2,district,jammu,64681
jammu-&-kashmir,2018,2,district,srinagar,27035
jammu-&-kashmir,2018,2,district,baramulla,25870
jammu-&-kashmir,2018,2,district,budgam,17809
jammu-&-kashmir,2018,2,district,anantnag,16373
jammu-&-kashmir,2018,2,district,pulwama,12218
jammu-&-kashmir,2018,2,district,udhampur,12195
jammu-&-kashmir,2018,2,district,kathua,11778
jammu-&-kashmir,2018,2,district,kupwara,11482
jammu-&-kashmir,2018,2,district,samba,9601
jammu-&-kashmir,2018,2,pincode,193201,7986
jammu-&-kashmir,2018,2,pincode,182101,7438
jammu-&-kashmir,2018,2,pincode,180001,5723
jammu-&-kashmir,2018,2,pincode,192231,4802
jammu-&-kashmir,2018,2,pincode,180005,4422
jammu-&-kashmir,2018,2,pincode,190001,4375
jammu-&-kashmir,2018,2,pincode,193121,4365
jammu-&-kashmir,2018,2,pincode,191111,4273
jammu-&-kashmir,2018,2,pincode,180020,4135
jammu-&-kashmir,2018,2,pincode,192301,3898
jammu-&-kashmir,2018,3,district,jammu,86877
jammu-&-kashmir,2018,3,district,srinagar,35583
jammu-&-kashmir,2018,3,district,baramulla,31069
jammu-&-kashmir,2018,3,district,budgam,22301
jammu-&-kashmir,2018,3,district,anantnag,20234
jammu-&-kashmir,2018,3,district,udhampur,16058
jammu-&-kashmir,2018,3,district,kathua,15849
jammu-&-kashmir,2018,3,district,kupwara,15754
jammu-&-kashmir,2018,3,district,pulwama,15427
jammu-&-kashmir,2018,3,district,samba,13304
jammu-&-kashmir,2018,3,pincode,182101,9601
jammu-&-kashmir,2018,3,pincode,193201,9032
jammu-&-kashmir,2018,3,pincode,180001,7476
jammu-&-kashmir,2018,3,pincode,192231,5979
jammu-&-kashmir,2018,3,pincode,190001,5943
jammu-&-kashmir,2018,3,pincode,180005,5879
jammu-&-kashmir,2018,3,pincode,180020,5517
jammu-&-kashmir,2018,3,pincode,180012,5263
jammu-&-kashmir,2018,3,pincode,191111,5198
jammu-&-kashmir,2018,3,pincode,193121,5135
jammu-&-kashmir,2018,4,district,jammu,113005
jammu-&-kashmir,2018,4,district,srinagar,44328
jammu-&-kashmir,2018,4,district,baramulla,37661
jammu-&-kashmir,2018,4,district,budgam,27710
jammu-&-kashmir,2018,4,district,anantnag,24448
jammu-&-kashmir,2018,4,district,udhampur,21123
jammu-&-kashmir,2018,4,district,kathua,21030
jammu-&-kashmir,2018,4,district,kupwara,20492
jammu-&-kashmir,2018,4,district,pulwama,18846
jammu-&-kashmir,2018,4,district,samba,17595
jammu-&-kashmir,2018,4,pincode,182101,12478
jammu-&-kashmir,2018,4,pincode,193201,10528
jammu-&-kashmir,2018,4,pincode,180001,9527
jammu-&-kashmir,2018,4,pincode,190001,7532
jammu-&-kashmir,2018,4,pincode,180005,7450
jammu-&-kashmir,2018,4,pincode,192231,7241
jammu-&-kashmir,2018,4,pincode,180020,7223
jammu-&-kashmir,2018,4,pincode,180012,6736
jammu-&-kashmir,2018,4,pincode,180004,6478
jammu-&-kashmir,2018,4,pincode,181133,6469
maharashtra,2022,1,district,pune,8331582
maharashtra,2022,1,district,thane,5196050
maharashtra,2022,1,district,mumbai suburban,5017556
maharashtra,2022,1,district,nashik,2661739
maharashtra,2022,1,district,nagpur,2286011
maharashtra,2022,1,district,aurangabad,1894797
maharashtra,2022,1,district,mumbai,1873643
maharashtra,2022,1,district,ahmednagar,1749682
maharashtra,2022,1,district,palghar,1601518
maharashtra,2022,1,district,solapur,1565902
maharashtra,2022,1,pincode,421302,518716
maharashtra,2022,1,pincode,410501,383878
maharashtra,2022,1,pincode,410206,382909
maharashtra,2022,1,pincode,421201,359195
maharashtra,2022,1,pincode,411033,309834
maharashtra,2022,1,pincode,411014,304204
maharashtra,2022,1,pincode,411046,290395
maharashtra,2022,1,pincode,431003,285232
maharashtra,2022,1,pincode,421301,283274
maharashtra,2022,1,pincode,400612,280349
maharashtra,2022,2,district,pune,8757249
maharashtra,2022,2,district,thane,5471749
maharashtra,2022,2,district,mumbai suburban,5281053
maharashtra,2022,2,district,nashik,2803471
maharashtra,2022,2,district,nagpur,2407812
maharashtra,2022,2,district,aurangabad,1996927
maharashtra,2022,2,district,mumbai,1972178
maharashtra,2022,2,district,ahmednagar,1844168
maharashtra,2022,2,district,palghar,1689875
maharashtra,2022,2,district,solapur,1649511
maharashtra,2022,2,pincode,421302,547501
maharashtra,2022,2,pincode,410501,405030
maharashtra,2022,2,pincode,410206,402926
maharashtra,2022,2,pincode,421201,377989
maharashtra,2022,2,pincode,411033,325347
maharashtra,2022,2,pincode,411014,319102
maharashtra,2022,2,pincode,411046,304859
maharashtra,2022,2,pincode,431003,299893
maharashtra,2022,2,pincode,421301,298201
maharashtra,2022,2,pincode,400612,295518
maharashtra,2022,3,district,pune,9194074
maharashtra,2022,3,district,thane,5757165
maharashtra,2022,3,district,mumbai suburban,5555095
maharashtra,2022,3,district,nashik,2948824
maharashtra,2022,3,district,nagpur,2532986
maharashtra,2022,3,district,aurangabad,2101234
maharashtra,2022,3,district,mumbai,2074701
maharashtra,2022,3,district,ahmednagar,1940071
maharashtra,2022,3,district,palghar,1781265
maharashtra,2022,3,district,solapur,1733556
maharashtra,2022,3,pincode,421302,577754
maharashtra,2022,3,pincode,410501,426978
maharashtra,2022,3,pincode,410206,423682
maharashtra,2022,3,pincode,421201,397304
maharashtra,2022,3,pincode,411033,341226
maharashtra,2022,3,pincode,411014,334370
maharashtra,2022,3,pincode,411046,319916
maharashtra,2022,3,pincode,431003,315106
maharashtra,2022,3,pincode,421301,313660
maharashtra,2022,3,pincode,400612,311391
maharashtra,2022,4,district,pune,9622338
maharashtra,2022,4,district,thane,6042267
maharashtra,2022,4,district,mumbai suburban,5831539
maharashtra,2022,4,district,nashik,3086721
maharashtra,2022,4,district,nagpur,2655029
maharashtra,2022,4,district,aurangabad,2201353
maharashtra,2022,4,district,mumbai,2178155
maharashtra,2022,4,district,ahmednagar,2027819
maharashtra,2022,4,district,palghar,1870957
maharashtra,2022,4,district,solapur,1811044
maharashtra,2022,4,pincode,421302,608005
maharashtra,2022,4,pincode,410501,448917
maharashtra,2022,4,pincode,410206,443926
maharashtra,2022,4,pincode,421201,416996
maharashtra,2022,4,pincode,411033,357121
maharashtra,2022,4,pincode,411014,349702
maharashtra,2022,4,pincode,411046,335006
maharashtra,2022,4,pincode,431003,330549
maharashtra,2022,4,pincode,421301,329184
maharashtra,2022,4,pincode,400612,327401
maharashtra,2024,1,district,pune,11546171
maharashtra,2024,1,district,thane,7314981
maharashtra,2024,1,district,mumbai suburban,7055629
maharashtra,2024,1,district,nashik,3747440
maharashtra,2024,1,district,nagpur,3225345
maharashtra,2024,1,district,aurangabad,2679421
maharashtra,2024,1,district,mumbai,2634732
maharashtra,2024,1,district,ahmednagar,2477859
maharashtra,2024,1,district,palghar,2286819
maharashtra,2024,1,district,solapur,2209975
maharashtra,2024,1,pincode,421302,743686
maharashtra,2024,1,pincode,410501,546470
maharashtra,2024,1,pincode,410206,536197
maharashtra,2024,1,pincode,421201,503220
maharashtra,2024,1,pincode,411033,426008
maharashtra,2024,1,pincode,411014,416137
maharashtra,2024,1,pincode,411046,400085
maharashtra,2024,1,pincode,400612,398960
maharashtra,2024,1,pincode,431003,397653
maharashtra,2024,1,pincode,421301,397244
maharashtra,2024,2,district,pune,11964579
maharashtra,2024,2,district,thane,7591749
maharashtra,2024,2,district,mumbai suburban,7325715
maharashtra,2024,2,district,nashik,3889850
maharashtra,2024,2,district,nagpur,3346275
maharashtra,2024,2,district,aurangabad,2783002
maharashtra,2024,2,district,mumbai,2734724
maharashtra,2024,2,district,ahmednagar,2571674
maharashtra,2024,2,district,palghar,2375656
maharashtra,2024,2,district,solapur,2293916
maharashtra,2024,2,pincode,421302,772632
maharashtra,2024,2,pincode,410501,567438
maharashtra,2024,2,pincode,410206,556561
maharashtra,2024,2,pincode,421201,522124
maharashtra,2024,2,pincode,411033,441387
maharashtra,2024,2,pincode,411014,430681
maharashtra,2024,2,pincode,411046,414640
maharashtra,2024,2,pincode,400612,414238
maharashtra,2024,2,pincode,431003,412608
maharashtra,2024,2,pincode,401208,412414
maharashtra,2024,3,district,pune,12392676
maharashtra,2024,3,district,thane,7103828
maharashtra,2024,3,district,mumbai suburban,6688601
maharashtra,2024,3,district,nashik,3867938
maharashtra,2024,3,district,nagpur,3331958
maharashtra,2024,3,district,chhatrapati sambhaji nagar,2709328
maharashtra,2024,3,district,mumbai,2496314
maharashtra,2024,3,district,ahmednagar,2494005
maharashtra,2024,3,district,palghar,2277990
maharashtra,2024,3,district,solapur,2194106
maharashtra,2024,3,pincode,421302,844933
maharashtra,2024,3,pincode,410501,663976
maharashtra,2024,3,pincode,410206,566967
maharashtra,2024,3,pincode,411033,505976
maharashtra,2024,3,pincode,411057,501733
maharashtra,2024,3,pincode,401208,449430
maharashtra,2024,3,pincode,411014,436169
maharashtra,2024,3,pincode,400612,405823
maharashtra,2024,3,pincode,401209,369412
maharashtra,2024,3,pincode,411041,355795
maharashtra,2024,4,district,pune,12734314
maharashtra,2024,4,district,thane,7300941
maharashtra,2024,4,district,mumbai suburban,6875379
maharashtra,2024,4,district,nashik,3991070
maharashtra,2024,4,district,nagpur,3435039
maharashtra,2024,4,district,chhatrapati sambhaji nagar,2797934
maharashtra,2024,4,district,ahmednagar,2578315
maharashtra,2024,4,district,mumbai,2564652
maharashtra,2024,4,district,palghar,2341896
maharashtra,2024,4,district,solapur,2271533
maharashtra,2024,4,pincode,421302,871910
maharashtra,2024,4,pincode,410501,683451
maharashtra,2024,4,pincode,410206,582722
maharashtra,2024,4,pincode,411033,517502
maharashtra,2024,4,pincode,411057,517377
maharashtra,2024,4,pincode,401208,461440
maharashtra,2024,4,pincode,411014,450724
maharashtra,2024,4,pincode,400612,417373
maharashtra,2024,4,pincode,401209,378785
maharashtra,2024,4,pincode,411041,364919
maharashtra,2023,1,district,pune,10037022
maharashtra,2023,1,district,thane,6314618
maharashtra,2023,1,district,mumbai suburban,6095695
maharashtra,2023,1,district,nashik,3223873
maharashtra,2023,1,district,nagpur,2775157
maharashtra,2023,1,district,aurangabad,2300283
maharashtra,2023,1,district,mumbai,2276888
maharashtra,2023,1,district,ahmednagar,2119506
maharashtra,2023,1,district,palghar,1957628
maharashtra,2023,1,district,solapur,1892509
maharashtra,2023,1,pincode,421302,636458
maharashtra,2023,1,pincode,410501,469695
maharashtra,2023,1,pincode,410206,463523
maharashtra,2023,1,pincode,421201,435681
maharashtra,2023,1,pincode,411033,372363
maharashtra,2023,1,pincode,411014,364299
maharashtra,2023,1,pincode,411046,349377
maharashtra,2023,1,pincode,431003,345051
maharashtra,2023,1,pincode,421301,343824
maharashtra,2023,1,pincode,400612,342471
maharashtra,2023,2,district,pune,10396344
maharashtra,2023,2,district,thane,6552282
maharashtra,2023,2,district,mumbai suburban,6322778
maharashtra,2023,2,district,nashik,3350410
maharashtra,2023,2,district,nagpur,2882255
maharashtra,2023,2,district,aurangabad,2390854
maharashtra,2023,2,district,mumbai,2361852
maharashtra,2023,2,district,ahmednagar,2208055
maharashtra,2023,2,district,palghar,2037722
maharashtra,2023,2,district,solapur,1970077
maharashtra,2023,2,pincode,421302,662196
maharashtra,2023,2,pincode,410501,488059
maharashtra,2023,2,pincode,410206,480675
maharashtra,2023,2,pincode,421201,451655
maharashtra,2023,2,pincode,411033,384994
maharashtra,2023,2,pincode,411014,376210
maharashtra,2023,2,pincode,411046,361178
maharashtra,2023,2,pincode,431003,357173
maharashtra,2023,2,pincode,421301,356662
maharashtra,2023,2,pincode,400612,356058
maharashtra,2023,3,district,pune,10780092
maharashtra,2023,3,district,thane,6802106
maharashtra,2023,3,district,mumbai suburban,6560867
maharashtra,2023,3,district,nashik,3481028
maharashtra,2023,3,district,nagpur,2995471
maharashtra,2023,3,district,aurangabad,2485041
maharashtra,2023,3,district,mumbai,2450770
maharashtra,2023,3,district,ahmednagar,2297997
maharashtra,2023,3,district,palghar,2118552
maharashtra,2023,3,district,solapur,2050042
maharashtra,2023,3,pincode,421302,688520
maharashtra,2023,3,pincode,410501,507190
maharashtra,2023,3,pincode,410206,499001
maharashtra,2023,3,pincode,421201,468655
maharashtra,2023,3,pincode,411033,398622
maharashtra,2023,3,pincode,411014,389628
maharashtra,2023,3,pincode,411046,374188
maharashtra,2023,3,pincode,431003,370416
maharashtra,2023,3,pincode,400612,370074
maharashtra,2023,3,pincode,421301,370025
maharashtra,2023,4,district,pune,11135186
maharashtra,2023,4,district,thane,7044610
maharashtra,2023,4,district,mumbai suburban,6796218
maharashtra,2023,4,district,nashik,3606029
maharashtra,2023,4,district,nagpur,3102070
maharashtra,2023,4,district,aurangabad,2575931
maharashtra,2023,4,district,mumbai,2537871
maharashtra,2023,4,district,ahmednagar,2381246
maharashtra,2023,4,district,palghar,2198589
maharashtra,2023,4,district,solapur,2124162
maharashtra,2023,4,pincode,421302,714635
maharashtra,2023,4,pincode,410501,525446
maharashtra,2023,4,pincode,410206,516527
maharashtra,2023,4,pincode,421201,484995
maharashtra,2023,4,pincode,411033,411374
maharashtra,2023,4,pincode,411014,401712
maharashtra,2023,4,pincode,411046,386363
maharashtra,2023,4,pincode,400612,383749
maharashtra,2023,4,pincode,431003,383292
maharashtra,2023,4,pincode,421301,382867
maharashtra,2019,1,district,pune,3038402
maharashtra,2019,1,district,mumbai suburban,1901210
maharashtra,2019,1,district,thane,1834051
maharashtra,2019,1,district,nashik,853648
maharashtra,2019,1,district,nagpur,765612
maharashtra,2019,1,district,mumbai,670094
maharashtra,2019,1,district,aurangabad,644687
maharashtra,2019,1,district,ahmednagar,532651
maharashtra,2019,1,district,palghar,521918
maharashtra,2019,1,district,raigad,509108
maharashtra,2019,1,pincode,421302,164019
maharashtra,2019,1,pincode,410501,137359
maharashtra,2019,1,pincode,421201,133341
maharashtra,2019,1,pincode,410206,129314
maharashtra,2019,1,pincode,411014,126623
maharashtra,2019,1,pincode,411033,123678
maharashtra,2019,1,pincode,411057,120482
maharashtra,2019,1,pincode,431003,110778
maharashtra,2019,1,pincode,400072,105695
maharashtra,2019,1,pincode,411028,105603
maharashtra,2019,2,district,pune,3514081
maharashtra,2019,2,district,mumbai suburban,2151657
maharashtra,2019,2,district,thane,2118406
maharashtra,2019,2,district,nashik,995687
maharashtra,2019,2,district,nagpur,887042
maharashtra,2019,2,district,mumbai,785480
maharashtra,2019,2,district,aurangabad,736863
maharashtra,2019,2,district,ahmednagar,614812
maharashtra,2019,2,district,palghar,608184
maharashtra,2019,2,district,raigad,594675
maharashtra,2019,2,pincode,421302,190214
maharashtra,2019,2,pincode,410501,156028
maharashtra,2019,2,pincode,421201,153146
maharashtra,2019,2,pincode,410206,151268
maharashtra,2019,2,pincode,411014,143887
maharashtra,2019,2,pincode,411033,141507
maharashtra,2019,2,pincode,411057,134886
maharashtra,2019,2,pincode,431003,124330
maharashtra,2019,2,pincode,411046,122222
maharashtra,2019,2,pincode,411028,120199
maharashtra,2019,3,district,pune,4004991
maharashtra,2019,3,district,mumbai suburban,2407754
maharashtra,2019,3,district,thane,2396815
maharashtra,2019,3,district,nashik,1155897
maharashtra,2019,3,district,nagpur,1015333
maharashtra,2019,3,district,mumbai,889541
maharashtra,2019,3,district,aurangabad,841802
maharashtra,2019,3,district,ahmednagar,705492
maharashtra,2019,3,district,palghar,691229
maharashtra,2019,3,district,raigad,679155
maharashtra,2019,3,pincode,421302,217009
maharashtra,2019,3,pincode,410501,175465
maharashtra,2019,3,pincode,410206,172371
maharashtra,2019,3,pincode,421201,171833
maharashtra,2019,3,pincode,411014,160987
maharashtra,2019,3,pincode,411033,159530
maharashtra,2019,3,pincode,411057,149071
maharashtra,2019,3,pincode,411046,140288
maharashtra,2019,3,pincode,431003,139768
maharashtra,2019,3,pincode,411028,134946
maharashtra,2019,4,district,pune,4416899
maharashtra,2019,4,district,thane,2638051
maharashtra,2019,4,district,mumbai suburban,2630360
maharashtra,2019,4,district,nashik,1304611
maharashtra,2019,4,district,nagpur,1134480
maharashtra,2019,4,district,mumbai,973018
maharashtra,2019,4,district,aurangabad,947081
maharashtra,2019,4,district,ahmednagar,805271
maharashtra,2019,4,district,palghar,767925
maharashtra,2019,4,district,raigad,754910
maharashtra,2019,4,pincode,421302,243170
maharashtra,2019,4,pincode,410501,194467
maharashtra,2019,4,pincode,410206,190844
maharashtra,2019,4,pincode,421201,186756
maharashtra,2019,4,pincode,411014,174293
maharashtra,2019,4,pincode,411033,173559
maharashtra,2019,4,pincode,411057,159468
maharashtra,2019,4,pincode,411046,154739
maharashtra,2019,4,pincode,431003,154167
maharashtra,2019,4,pincode,411028,146715
maharashtra,2021,1,district,pune,6481971
maharashtra,2021,1,district,thane,4014464
maharashtra,2021,1,district,mumbai suburban,3886500
maharashtra,2021,1,district,nashik,2049293
maharashtra,2021,1,district,nagpur,1761562
maharashtra,2021,1,district,aurangabad,1456891
maharashtra,2021,1,district,mumbai,1450548
maharashtra,2021,1,district,ahmednagar,1333477
maharashtra,2021,1,district,palghar,1225423
maharashtra,2021,1,district,solapur,1199130
maharashtra,2021,1,pincode,421302,396179
maharashtra,2021,1,pincode,410206,296340
maharashtra,2021,1,pincode,410501,294563
maharashtra,2021,1,pincode,421201,278568
maharashtra,2021,1,pincode,411033,242613
maharashtra,2021,1,pincode,411014,239079
maharashtra,2021,1,pincode,411046,227047
maharashtra,2021,1,pincode,431003,222366
maharashtra,2021,1,pincode,421301,219310
maharashtra,2021,1,pincode,400612,215326
maharashtra,2021,2,district,pune,6915820
maharashtra,2021,2,district,thane,4290066
maharashtra,2021,2,district,mumbai suburban,4151227
maharashtra,2021,2,district,nashik,2191882
maharashtra,2021,2,district,nagpur,1883447
maharashtra,2021,2,district,aurangabad,1557693
maharashtra,2021,2,district,mumbai,1549784
maharashtra,2021,2,district,ahmednagar,1429562
maharashtra,2021,2,district,palghar,1312388
maharashtra,2021,2,district,solapur,1283601
maharashtra,2021,2,pincode,421302,424376
maharashtra,2021,2,pincode,410206,316643
maharashtra,2021,2,pincode,410501,314922
maharashtra,2021,2,pincode,421201,297460
maharashtra,2021,2,pincode,411033,258524
maharashtra,2021,2,pincode,411014,254412
maharashtra,2021,2,pincode,411046,241933
maharashtra,2021,2,pincode,431003,236990
maharashtra,2021,2,pincode,421301,234225
maharashtra,2021,2,pincode,400612,230486
maharashtra,2021,3,district,pune,7398336
maharashtra,2021,3,district,thane,4597394
maharashtra,2021,3,district,mumbai suburban,4444495
maharashtra,2021,3,district,nashik,2352259
maharashtra,2021,3,district,nagpur,2020264
maharashtra,2021,3,district,aurangabad,1671665
maharashtra,2021,3,district,mumbai,1659663
maharashtra,2021,3,district,ahmednagar,1539300
maharashtra,2021,3,district,palghar,1410321
maharashtra,2021,3,district,solapur,1380100
maharashtra,2021,3,pincode,421302,456284
maharashtra,2021,3,pincode,410206,339230
maharashtra,2021,3,pincode,410501,338109
maharashtra,2021,3,pincode,421201,318461
maharashtra,2021,3,pincode,411033,276031
maharashtra,2021,3,pincode,411014,271372
maharashtra,2021,3,pincode,411046,258494
maharashtra,2021,3,pincode,431003,253190
maharashtra,2021,3,pincode,421301,250903
maharashtra,2021,3,pincode,400612,247336
maharashtra,2021,4,district,pune,7880431
maharashtra,2021,4,district,thane,4906492
maharashtra,2021,4,district,mumbai suburban,4740546
maharashtra,2021,4,district,nashik,2510393
maharashtra,2021,4,district,nagpur,2157149
maharashtra,2021,4,district,aurangabad,1786190
maharashtra,2021,4,district,mumbai,1770325
maharashtra,2021,4,district,ahmednagar,1646991
maharashtra,2021,4,district,palghar,1508500
maharashtra,2021,4,district,solapur,1475291
maharashtra,2021,4,pincode,421302,488443
maharashtra,2021,4,pincode,410501,361651
maharashtra,2021,4,pincode,410206,361639
maharashtra,2021,4,pincode,421201,339622
maharashtra,2021,4,pincode,411033,293493
maharashtra,2021,4,pincode,411014,288386
maharashtra,2021,4,pincode,411046,275050
maharashtra,2021,4,pincode,431003,269570
maharashtra,2021,4,pincode,421301,267613
maharashtra,2021,4,pincode,400612,264454
maharashtra,2020,1,district,pune,4802397
maharashtra,2020,1,district,thane,2878073
maharashtra,2020,1,district,mumbai suburban,2843378
maharashtra,2020,1,district,nashik,1448324
maharashtra,2020,1,district,nagpur,1251510
maharashtra,2020,1,district,mumbai,1054509
maharashtra,2020,1,district,aurangabad,1046306
maharashtra,2020,1,district,ahmednagar,905962
maharashtra,2020,1,district,palghar,848560
maharashtra,2020,1,district,raigad,830643
maharashtra,2020,1,pincode,421302,270275
maharashtra,2020,1,pincode,410501,212525
maharashtra,2020,1,pincode,410206,208988
maharashtra,2020,1,pincode,421201,201500
maharashtra,2020,1,pincode,411014,186363
maharashtra,2020,1,pincode,411033,186165
maharashtra,2020,1,pincode,411046,168527
maharashtra,2020,1,pincode,411057,168309
maharashtra,2020,1,pincode,431003,166778
maharashtra,2020,1,pincode,411028,157439
maharashtra,2020,2,district,pune,5144688
maharashtra,2020,2,district,thane,3135101
maharashtra,2020,2,district,mumbai suburban,3060916
maharashtra,2020,2,district,nashik,1602650
maharashtra,2020,2,district,nagpur,1377642
maharashtra,2020,2,district,aurangabad,1142730
maharashtra,2020,2,district,mumbai,1141566
maharashtra,2020,2,district,ahmednagar,1014520
maharashtra,2020,2,district,palghar,947121
maharashtra,2020,2,district,solapur,918756
maharashtra,2020,2,pincode,421302,298762
maharashtra,2020,2,pincode,410206,228984
maharashtra,2020,2,pincode,410501,227567
maharashtra,2020,2,pincode,421201,219871
maharashtra,2020,2,pincode,411033,196984
maharashtra,2020,2,pincode,411014,195723
maharashtra,2020,2,pincode,411046,180438
maharashtra,2020,2,pincode,431003,179082
maharashtra,2020,2,pincode,411057,174526
maharashtra,2020,2,pincode,421301,171283
maharashtra,2020,3,district,pune,5546002
maharashtra,2020,3,district,thane,3401853
maharashtra,2020,3,district,mumbai suburban,3304696
maharashtra,2020,3,district,nashik,1752191
maharashtra,2020,3,district,nagpur,1502777
maharashtra,2020,3,district,aurangabad,1244879
maharashtra,2020,3,district,mumbai,1234355
maharashtra,2020,3,district,ahmednagar,1123648
maharashtra,2020,3,district,palghar,1034468
maharashtra,2020,3,district,solapur,1012518
maharashtra,2020,3,pincode,421302,328833
maharashtra,2020,3,pincode,410206,249631
maharashtra,2020,3,pincode,410501,246816
maharashtra,2020,3,pincode,421201,237605
maharashtra,2020,3,pincode,411033,210139
maharashtra,2020,3,pincode,411014,207577
maharashtra,2020,3,pincode,411046,194368
maharashtra,2020,3,pincode,431003,192623
maharashtra,2020,3,pincode,421301,186022
maharashtra,2020,3,pincode,411057,183054
maharashtra,2020,4,district,pune,6033615
maharashtra,2020,4,district,thane,3727358
maharashtra,2020,4,district,mumbai suburban,3609970
maharashtra,2020,4,district,nashik,1907318
maharashtra,2020,4,district,nagpur,1637270
maharashtra,2020,4,district,aurangabad,1355656
maharashtra,2020,4,district,mumbai,1347356
maharashtra,2020,4,district,ahmednagar,1237321
maharashtra,2020,4,district,palghar,1136061
maharashtra,2020,4,district,solapur,1113260
maharashtra,2020,4,pincode,421302,365506
maharashtra,2020,4,pincode,410206,275019
maharashtra,2020,4,pincode,410501,272167
maharashtra,2020,4,pincode,421201,259489
maharashtra,2020,4,pincode,411033,226460
maharashtra,2020,4,pincode,411014,223378
maharashtra,2020,4,pincode,411046,211381
maharashtra,2020,4,pincode,431003,207632
maharashtra,2020,4,pincode,421301,203721
maharashtra,2020,4,pincode,400612,198677
maharashtra,2018,1,district,pune,1211643
maharashtra,2018,1,district,mumbai suburban,719300
maharashtra,2018,1,district,thane,631864
maharashtra,2018,1,district,nashik,321402
maharashtra,2018,1,district,nagpur,280007
maharashtra,2018,1,district,aurangabad,266324
maharashtra,2018,1,district,mumbai,233538
maharashtra,2018,1,district,ahmednagar,197473
maharashtra,2018,1,district,solapur,190033
maharashtra,2018,1,district,raigad,173015
maharashtra,2018,1,pincode,410501,55174
maharashtra,2018,1,pincode,411057,54638
maharashtra,2018,1,pincode,411033,53647
maharashtra,2018,1,pincode,411014,52495
maharashtra,2018,1,pincode,431003,49627
maharashtra,2018,1,pincode,421302,48926
maharashtra,2018,1,pincode,421201,46211
maharashtra,2018,1,pincode,410206,44726
maharashtra,2018,1,pincode,411041,41663
maharashtra,2018,1,pincode,411046,41385
maharashtra,2018,2,district,pune,1592293
maharashtra,2018,2,district,mumbai suburban,957633
maharashtra,2018,2,district,thane,861292
maharashtra,2018,2,district,nashik,436668
maharashtra,2018,2,district,nagpur,380425
maharashtra,2018,2,district,aurangabad,347838
maharashtra,2018,2,district,mumbai,319588
maharashtra,2018,2,district,ahmednagar,268520
maharashtra,2018,2,district,solapur,259084
maharashtra,2018,2,district,palghar,239053
maharashtra,2018,2,pincode,410501,72841
maharashtra,2018,2,pincode,411057,69458
maharashtra,2018,2,pincode,411033,68851
maharashtra,2018,2,pincode,411014,68126
maharashtra,2018,2,pincode,421302,68039
maharashtra,2018,2,pincode,431003,64163
maharashtra,2018,2,pincode,421201,62765
maharashtra,2018,2,pincode,410206,61067
maharashtra,2018,2,pincode,411046,54537
maharashtra,2018,2,pincode,411041,53923
maharashtra,2018,3,district,pune,1974138
maharashtra,2018,3,district,mumbai suburban,1218632
maharashtra,2018,3,district,thane,1104206
maharashtra,2018,3,district,nashik,552556
maharashtra,2018,3,district,nagpur,487280
maharashtra,2018,3,district,aurangabad,428394
maharashtra,2018,3,district,mumbai,410878
maharashtra,2018,3,district,ahmednagar,344804
maharashtra,2018,3,district,solapur,331428
maharashtra,2018,3,district,palghar,312322
maharashtra,2018,3,pincode,410501,91512
maharashtra,2018,3,pincode,421302,88889
maharashtra,2018,3,pincode,411057,84490
maharashtra,2018,3,pincode,411014,84300
maharashtra,2018,3,pincode,411033,82739
maharashtra,2018,3,pincode,421201,80013
maharashtra,2018,3,pincode,410206,77756
maharashtra,2018,3,pincode,431003,76860
maharashtra,2018,3,pincode,400072,67915
maharashtra,2018,3,pincode,411046,67300
maharashtra,2018,4,district,pune,2498852
maharashtra,2018,4,district,mumbai suburban,1578487
maharashtra,2018,4,district,thane,1473811
maharashtra,2018,4,district,nashik,698343
maharashtra,2018,4,district,nagpur,627317
maharashtra,2018,4,district,mumbai,543353
maharashtra,2018,4,district,aurangabad,534477
maharashtra,2018,4,district,ahmednagar,439246
maharashtra,2018,4,district,solapur,419060
maharashtra,2018,4,district,palghar,414825
maharashtra,2018,4,pincode,421302,130390
maharashtra,2018,4,pincode,410501,113676
maharashtra,2018,4,pincode,421201,106288
maharashtra,2018,4,pincode,411014,106132
maharashtra,2018,4,pincode,411057,103325
maharashtra,2018,4,pincode,410206,102393
maharashtra,2018,4,pincode,411033,102306
maharashtra,2018,4,pincode,431003,93461
maharashtra,2018,4,pincode,411028,88343
maharashtra,2018,4,pincode,400072,87905
odisha,2022,1,district,khordha,1827307
odisha,2022,1,district,cuttack,1021526
odisha,2022,1,district,ganjam,946066
odisha,2022,1,district,baleshwar,728990
odisha,2022,1,district,jajapur,636291
odisha,2022,1,district,sundargarh,592346
odisha,2022,1,district,puri,564442
odisha,2022,1,district,bhadrak,481063
odisha,2022,1,district,kendujhar,469295
odisha,2022,1,district,mayurbhanj,426398
odisha,2022,1,pincode,751002,119601
odisha,2022,1,pincode,751024,111933
odisha,2022,1,pincode,751006,105312
odisha,2022,1,pincode,753001,99711
odisha,2022,1,pincode,760001,98015
odisha,2022,1,pincode,751012,90516
odisha,2022,1,pincode,756001,90352
odisha,2022,1,pincode,751003,85966
odisha,2022,1,pincode,752001,85664
odisha,2022,1,pincode,751019,84327
odisha,2022,2,district,khordha,1924289
odisha,2022,2,district,cuttack,1077286
odisha,2022,2,district,ganjam,999398
odisha,2022,2,district,baleshwar,769737
odisha,2022,2,district,jajapur,672209
odisha,2022,2,district,sundargarh,625606
odisha,2022,2,district,puri,595694
odisha,2022,2,district,bhadrak,507695
odisha,2022,2,district,kendujhar,496154
odisha,2022,2,district,mayurbhanj,451049
odisha,2022,2,pincode,751002,125902
odisha,2022,2,pincode,751024,117692
odisha,2022,2,pincode,751006,110806
odisha,2022,2,pincode,753001,105041
odisha,2022,2,pincode,760001,103200
odisha,2022,2,pincode,751012,95281
odisha,2022,2,pincode,756001,95184
odisha,2022,2,pincode,751003,90465
odisha,2022,2,pincode,752001,90234
odisha,2022,2,pincode,751019,88799
odisha,2022,3,district,khordha,2025108
odisha,2022,3,district,cuttack,1135881
odisha,2022,3,district,ganjam,1054407
odisha,2022,3,district,baleshwar,812109
odisha,2022,3,district,jajapur,709685
odisha,2022,3,district,sundargarh,658859
odisha,2022,3,district,puri,627710
odisha,2022,3,district,bhadrak,535581
odisha,2022,3,district,kendujhar,523219
odisha,2022,3,district,mayurbhanj,475312
odisha,2022,3,pincode,751002,132413
odisha,2022,3,pincode,751024,123769
odisha,2022,3,pincode,751006,116476
odisha,2022,3,pincode,753001,110631
odisha,2022,3,pincode,760001,108625
odisha,2022,3,pincode,756001,100305
odisha,2022,3,pincode,751012,100176
odisha,2022,3,pincode,751003,95083
odisha,2022,3,pincode,752001,94975
odisha,2022,3,pincode,751019,93433
odisha,2022,4,district,khordha,2124474
odisha,2022,4,district,cuttack,1190925
odisha,2022,4,district,ganjam,1105095
odisha,2022,4,district,baleshwar,850800
odisha,2022,4,district,jajapur,743948
odisha,2022,4,district,sundargarh,689753
odisha,2022,4,district,puri,657668
odisha,2022,4,district,bhadrak,560896
odisha,2022,4,district,kendujhar,547019
odisha,2022,4,district,mayurbhanj,495920
odisha,2022,4,pincode,751002,138929
odisha,2022,4,pincode,751024,129787
odisha,2022,4,pincode,751006,122327
odisha,2022,4,pincode,753001,116189
odisha,2022,4,pincode,760001,114159
odisha,2022,4,pincode,756001,105514
odisha,2022,4,pincode,751012,105097
odisha,2022,4,pincode,751003,99818
odisha,2022,4,pincode,752001,99796
odisha,2022,4,pincode,751019,98050
odisha,2024,1,district,khordha,2577853
odisha,2024,1,district,cuttack,1459368
odisha,2024,1,district,ganjam,1360516
odisha,2024,1,district,baleshwar,1047618
odisha,2024,1,district,jajapur,915677
odisha,2024,1,district,sundargarh,847722
odisha,2024,1,district,puri,807052
odisha,2024,1,district,bhadrak,690358
odisha,2024,1,district,kendujhar,678417
odisha,2024,1,district,mayurbhanj,617734
odisha,2024,1,pincode,751002,168059
odisha,2024,1,pincode,751024,156186
odisha,2024,1,pincode,751006,147406
odisha,2024,1,pincode,753001,141176
odisha,2024,1,pincode,760001,138393
odisha,2024,1,pincode,756001,128470
odisha,2024,1,pincode,751012,126926
odisha,2024,1,pincode,751003,120810
odisha,2024,1,pincode,752001,120768
odisha,2024,1,pincode,751019,118706
odisha,2024,2,district,khordha,2674960
odisha,2024,2,district,cuttack,1516911
odisha,2024,2,district,ganjam,1414642
odisha,2024,2,district,baleshwar,1089271
odisha,2024,2,district,jajapur,952257
odisha,2024,2,district,sundargarh,880693
odisha,2024,2,district,puri,838847
odisha,2024,2,district,bhadrak,717810
odisha,2024,2,district,kendujhar,705536
odisha,2024,2,district,mayurbhanj,642214
odisha,2024,2,pincode,751002,174323
odisha,2024,2,pincode,751024,161856
odisha,2024,2,pincode,751006,152860
odisha,2024,2,pincode,753001,146687
odisha,2024,2,pincode,760001,143583
odisha,2024,2,pincode,756001,133487
odisha,2024,2,pincode,751012,131681
odisha,2024,2,pincode,751003,125337
odisha,2024,2,pincode,752001,125327
odisha,2024,2,pincode,751019,123169
odisha,2024,3,district,khordha,2612529
odisha,2024,3,district,cuttack,1424353
odisha,2024,3,district,ganjam,1329930
odisha,2024,3,district,baleswar,969225
odisha,2024,3,district,sundargarh,939084
odisha,2024,3,district,jajpur,891524
odisha,2024,3,district,puri,768188
odisha,2024,3,district,kendujhar,680217
odisha,2024,3,district,mayurbhanj,670335
odisha,2024,3,district,angul,628702
odisha,2024,3,pincode,751002,201909
odisha,2024,3,pincode,751006,193160
odisha,2024,3,pincode,751024,159308
odisha,2024,3,pincode,768201,147146
odisha,2024,3,pincode,751019,141931
odisha,2024,3,pincode,753001,141496
odisha,2024,3,pincode,752002,131567
odisha,2024,3,pincode,760001,129724
odisha,2024,3,pincode,754141,118216
odisha,2024,3,pincode,752001,118207
odisha,2024,4,district,khordha,2701963
odisha,2024,4,district,cuttack,1473377
odisha,2024,4,district,ganjam,1380390
odisha,2024,4,district,baleswar,1001946
odisha,2024,4,district,sundargarh,971073
odisha,2024,4,district,jajpur,921650
odisha,2024,4,district,puri,793943
odisha,2024,4,district,kendujhar,704473
odisha,2024,4,district,mayurbhanj,696569
odisha,2024,4,district,angul,649449
odisha,2024,4,pincode,751002,207290
odisha,2024,4,pincode,751006,196916
odisha,2024,4,pincode,751024,166510
odisha,2024,4,pincode,768201,151222
odisha,2024,4,pincode,753001,146545
odisha,2024,4,pincode,751019,145388
odisha,2024,4,pincode,752002,135557
odisha,2024,4,pincode,760001,133440
odisha,2024,4,pincode,752001,122168
odisha,2024,4,pincode,754141,121526
odisha,2023,1,district,khordha,2220922
odisha,2023,1,district,cuttack,1246094
odisha,2023,1,district,ganjam,1156695
odisha,2023,1,district,baleshwar,890218
odisha,2023,1,district,jajapur,779435
odisha,2023,1,district,sundargarh,721849
odisha,2023,1,district,puri,687988
odisha,2023,1,district,bhadrak,587089
odisha,2023,1,district,kendujhar,573097
odisha,2023,1,district,mayurbhanj,519691
odisha,2023,1,pincode,751002,145133
odisha,2023,1,pincode,751024,135558
odisha,2023,1,pincode,751006,127849
odisha,2023,1,pincode,753001,121625
odisha,2023,1,pincode,760001,119421
odisha,2023,1,pincode,756001,110390
odisha,2023,1,pincode,751012,109853
odisha,2023,1,pincode,751003,104317
odisha,2023,1,pincode,752001,104254
odisha,2023,1,pincode,751019,102493
odisha,2023,2,district,khordha,2305026
odisha,2023,2,district,cuttack,1297120
odisha,2023,2,district,ganjam,1206180
odisha,2023,2,district,baleshwar,928537
odisha,2023,2,district,jajapur,812448
odisha,2023,2,district,sundargarh,752827
odisha,2023,2,district,puri,716985
odisha,2023,2,district,bhadrak,612055
odisha,2023,2,district,kendujhar,598879
odisha,2023,2,district,mayurbhanj,544278
odisha,2023,2,pincode,751002,150534
odisha,2023,2,pincode,751024,140397
odisha,2023,2,pincode,751006,132381
odisha,2023,2,pincode,753001,126222
odisha,2023,2,pincode,760001,123846
odisha,2023,2,pincode,756001,114649
odisha,2023,2,pincode,751012,113854
odisha,2023,2,pincode,752001,108183
odisha,2023,2,pincode,751003,108112
odisha,2023,2,pincode,751019,106326
odisha,2023,3,district,khordha,2395932
odisha,2023,3,district,cuttack,1349987
odisha,2023,3,district,ganjam,1256950
odisha,2023,3,district,baleshwar,967259
odisha,2023,3,district,jajapur,845882
odisha,2023,3,district,sundargarh,783750
odisha,2023,3,district,puri,746565
odisha,2023,3,district,bhadrak,637667
odisha,2023,3,district,kendujhar,624670
odisha,2023,3,district,mayurbhanj,568108
odisha,2023,3,pincode,751002,156377
odisha,2023,3,pincode,751024,145759
odisha,2023,3,pincode,751006,137343
odisha,2023,3,pincode,753001,131139
odisha,2023,3,pincode,760001,128693
odisha,2023,3,pincode,756001,119168
odisha,2023,3,pincode,751012,118260
odisha,2023,3,pincode,752001,112434
odisha,2023,3,pincode,751003,112354
odisha,2023,3,pincode,751019,110506
odisha,2023,4,district,khordha,2480213
odisha,2023,4,district,cuttack,1401267
odisha,2023,4,district,ganjam,1305472
odisha,2023,4,district,baleshwar,1004861
odisha,2023,4,district,jajapur,878546
odisha,2023,4,district,sundargarh,813266
odisha,2023,4,district,puri,775121
odisha,2023,4,district,bhadrak,662206
odisha,2023,4,district,kendujhar,649376
odisha,2023,4,district,mayurbhanj,591163
odisha,2023,4,pincode,751002,161687
odisha,2023,4,pincode,751024,150570
odisha,2023,4,pincode,751006,142017
odisha,2023,4,pincode,753001,135884
odisha,2023,4,pincode,760001,133168
odisha,2023,4,pincode,756001,123517
odisha,2023,4,pincode,751012,122259
odisha,2023,4,pincode,752001,116344
odisha,2023,4,pincode,751003,116255
odisha,2023,4,pincode,751019,114331
odisha,2019,1,district,khordha,745457
odisha,2019,1,district,cuttack,372513
odisha,2019,1,district,ganjam,332190
odisha,2019,1,district,baleshwar,271095
odisha,2019,1,district,jajapur,236643
odisha,2019,1,district,sundargarh,198716
odisha,2019,1,district,puri,195690
odisha,2019,1,district,kendujhar,167750
odisha,2019,1,district,bhadrak,166600
odisha,2019,1,district,anugul,150627
odisha,2019,1,pincode,751024,48946
odisha,2019,1,pincode,751002,46998
odisha,2019,1,pincode,751006,42410
odisha,2019,1,pincode,751012,42254
odisha,2019,1,pincode,756001,40355
odisha,2019,1,pincode,760001,40210
odisha,2019,1,pincode,751003,37236
odisha,2019,1,pincode,753001,36288
odisha,2019,1,pincode,751019,34425
odisha,2019,1,pincode,751007,33240
odisha,2019,2,district,khordha,826007
odisha,2019,2,district,cuttack,417809
odisha,2019,2,district,ganjam,373530
odisha,2019,2,district,baleshwar,299757
odisha,2019,2,district,jajapur,260311
odisha,2019,2,district,sundargarh,226776
odisha,2019,2,district,puri,217206
odisha,2019,2,district,kendujhar,188657
odisha,2019,2,district,bhadrak,187084
odisha,2019,2,district,anugul,169261
odisha,2019,2,pincode,751024,53902
odisha,2019,2,pincode,751002,52563
odisha,2019,2,pincode,751006,48544
odisha,2019,2,pincode,751012,45757
odisha,2019,2,pincode,760001,44521
odisha,2019,2,pincode,756001,43951
odisha,2019,2,pincode,753001,41108
odisha,2019,2,pincode,751003,40810
odisha,2019,2,pincode,751019,38191
odisha,2019,2,pincode,751007,36395
odisha,2019,3,district,khordha,916565
odisha,2019,3,district,cuttack,472851
odisha,2019,3,district,ganjam,414068
odisha,2019,3,district,baleshwar,329289
odisha,2019,3,district,jajapur,290776
odisha,2019,3,district,sundargarh,253356
odisha,2019,3,district,puri,247141
odisha,2019,3,district,bhadrak,208757
odisha,2019,3,district,kendujhar,208218
odisha,2019,3,district,anugul,187022
odisha,2019,3,pincode,751024,59402
odisha,2019,3,pincode,751002,58757
odisha,2019,3,pincode,751006,54910
odisha,2019,3,pincode,751012,49576
odisha,2019,3,pincode,760001,49413
odisha,2019,3,pincode,756001,47705
odisha,2019,3,pincode,753001,46630
odisha,2019,3,pincode,751003,44895
odisha,2019,3,pincode,751019,42361
odisha,2019,3,pincode,751007,39900
odisha,2019,4,district,khordha,1014134
odisha,2019,4,district,cuttack,534970
odisha,2019,4,district,ganjam,469522
odisha,2019,4,district,baleshwar,377976
odisha,2019,4,district,jajapur,332074
odisha,2019,4,district,puri,285955
odisha,2019,4,district,sundargarh,284913
odisha,2019,4,district,bhadrak,243586
odisha,2019,4,district,kendujhar,234041
odisha,2019,4,district,anugul,211167
odisha,2019,4,pincode,751002,65273
odisha,2019,4,pincode,751024,64962
odisha,2019,4,pincode,751006,60335
odisha,2019,4,pincode,760001,54397
odisha,2019,4,pincode,751012,53435
odisha,2019,4,pincode,756001,52618
odisha,2019,4,pincode,753001,52023
odisha,2019,4,pincode,751003,48967
odisha,2019,4,pincode,751019,46593
odisha,2019,4,pincode,752001,44147
odisha,2021,1,district,khordha,1415897
odisha,2021,1,district,cuttack,784846
odisha,2021,1,district,ganjam,721311
odisha,2021,1,district,baleshwar,557273
odisha,2021,1,district,jajapur,484003
odisha,2021,1,district,sundargarh,450776
odisha,2021,1,district,puri,431553
odisha,2021,1,district,bhadrak,366825
odisha,2021,1,district,kendujhar,352967
odisha,2021,1,district,mayurbhanj,318465
odisha,2021,1,pincode,751002,92941
odisha,2021,1,pincode,751024,87271
odisha,2021,1,pincode,751006,82195
odisha,2021,1,pincode,753001,77095
odisha,2021,1,pincode,760001,76245
odisha,2021,1,pincode,751012,70547
odisha,2021,1,pincode,756001,70160
odisha,2021,1,pincode,751003,66879
odisha,2021,1,pincode,752001,66244
odisha,2021,1,pincode,751019,65393
odisha,2021,2,district,khordha,1511068
odisha,2021,2,district,cuttack,838924
odisha,2021,2,district,ganjam,772409
odisha,2021,2,district,baleshwar,596366
odisha,2021,2,district,jajapur,518570
odisha,2021,2,district,sundargarh,482937
odisha,2021,2,district,puri,462146
odisha,2021,2,district,bhadrak,392928
odisha,2021,2,district,kendujhar,379263
odisha,2021,2,district,mayurbhanj,342898
odisha,2021,2,pincode,751002,99150
odisha,2021,2,pincode,751024,93000
odisha,2021,2,pincode,751006,87528
odisha,2021,2,pincode,753001,82375
odisha,2021,2,pincode,760001,81360
odisha,2021,2,pincode,751012,75248
odisha,2021,2,pincode,756001,74777
odisha,2021,2,pincode,751003,71314
odisha,2021,2,pincode,752001,70847
odisha,2021,2,pincode,751019,69825
odisha,2021,3,district,khordha,1618171
odisha,2021,3,district,cuttack,900706
odisha,2021,3,district,ganjam,831869
odisha,2021,3,district,baleshwar,641826
odisha,2021,3,district,jajapur,558822
odisha,2021,3,district,sundargarh,520155
odisha,2021,3,district,puri,497069
odisha,2021,3,district,bhadrak,423068
odisha,2021,3,district,kendujhar,410049
odisha,2021,3,district,mayurbhanj,371425
odisha,2021,3,pincode,751002,106076
odisha,2021,3,pincode,751024,99369
odisha,2021,3,pincode,751006,93529
odisha,2021,3,pincode,753001,88199
odisha,2021,3,pincode,760001,86980
odisha,2021,3,pincode,751012,80366
odisha,2021,3,pincode,756001,80060
odisha,2021,3,pincode,751003,76274
odisha,2021,3,pincode,752001,75916
odisha,2021,3,pincode,751019,74760
odisha,2021,4,district,khordha,1725313
odisha,2021,4,district,cuttack,962341
odisha,2021,4,district,ganjam,889686
odisha,2021,4,district,baleshwar,685881
odisha,2021,4,district,jajapur,598043
odisha,2021,4,district,sundargarh,556973
odisha,2021,4,district,puri,531127
odisha,2021,4,district,bhadrak,452384
odisha,2021,4,district,kendujhar,440078
odisha,2021,4,district,mayurbhanj,399076
odisha,2021,4,pincode,751002,113032
odisha,2021,4,pincode,751024,105857
odisha,2021,4,pincode,751006,99613
odisha,2021,4,pincode,753001,94137
odisha,2021,4,pincode,760001,92651
odisha,2021,4,pincode,751012,85593
odisha,2021,4,pincode,756001,85311
odisha,2021,4,pincode,751003,81290
odisha,2021,4,pincode,752001,80864
odisha,2021,4,pincode,751019,79669
odisha,2020,1,district,khordha,1083466
odisha,2020,1,district,cuttack,578471
odisha,2020,1,district,ganjam,512643
odisha,2020,1,district,baleshwar,410789
odisha,2020,1,district,jajapur,359087
odisha,2020,1,district,sundargarh,313040
odisha,2020,1,district,puri,311477
odisha,2020,1,district,bhadrak,265259
odisha,2020,1,district,kendujhar,253988
odisha,2020,1,district,anugul,228339
odisha,2020,1,pincode,751002,69941
odisha,2020,1,pincode,751024,68963
odisha,2020,1,pincode,751006,64369
odisha,2020,1,pincode,760001,58342
odisha,2020,1,pincode,753001,56586
odisha,2020,1,pincode,751012,56216
odisha,2020,1,pincode,756001,55534
odisha,2020,1,pincode,751003,51901
odisha,2020,1,pincode,751019,49836
odisha,2020,1,pincode,752001,47907
odisha,2020,2,district,khordha,1152010
odisha,2020,2,district,cuttack,624922
odisha,2020,2,district,ganjam,560047
odisha,2020,2,district,baleshwar,445299
odisha,2020,2,district,jajapur,387797
odisha,2020,2,district,sundargarh,346937
odisha,2020,2,district,puri,338770
odisha,2020,2,district,bhadrak,289015
odisha,2020,2,district,kendujhar,277734
odisha,2020,2,district,anugul,248700
odisha,2020,2,pincode,751002,74717
odisha,2020,2,pincode,751024,72471
odisha,2020,2,pincode,751006,68053
odisha,2020,2,pincode,760001,61814
odisha,2020,2,pincode,753001,61214
odisha,2020,2,pincode,751012,58940
odisha,2020,2,pincode,756001,58410
odisha,2020,2,pincode,751003,54791
odisha,2020,2,pincode,751019,52960
odisha,2020,2,pincode,752001,51897
odisha,2020,3,district,khordha,1232760
odisha,2020,3,district,cuttack,676102
odisha,2020,3,district,ganjam,611699
odisha,2020,3,district,baleshwar,481741
odisha,2020,3,district,jajapur,417525
odisha,2020,3,district,sundargarh,381666
odisha,2020,3,district,puri,369877
odisha,2020,3,district,bhadrak,314312
odisha,2020,3,district,kendujhar,302384
odisha,2020,3,district,mayurbhanj,270844
odisha,2020,3,pincode,751002,80656
odisha,2020,3,pincode,751024,76546
odisha,2020,3,pincode,751006,72267
odisha,2020,3,pincode,753001,66361
odisha,2020,3,pincode,760001,66144
odisha,2020,3,pincode,751012,62197
odisha,2020,3,pincode,756001,61760
odisha,2020,3,pincode,751003,58414
odisha,2020,3,pincode,752001,56690
odisha,2020,3,pincode,751019,56655
odisha,2020,4,district,khordha,1323794
odisha,2020,4,district,cuttack,732786
odisha,2020,4,district,ganjam,669973
odisha,2020,4,district,baleshwar,520429
odisha,2020,4,district,jajapur,451339
odisha,2020,4,district,sundargarh,418311
odisha,2020,4,district,puri,402457
odisha,2020,4,district,bhadrak,342034
odisha,2020,4,district,kendujhar,328498
odisha,2020,4,district,mayurbhanj,295929
odisha,2020,4,pincode,751002,86879
odisha,2020,4,pincode,751024,81692
odisha,2020,4,pincode,751006,76968
odisha,2020,4,pincode,753001,71912
odisha,2020,4,pincode,760001,71216
odisha,2020,4,pincode,751012,66220
odisha,2020,4,pincode,756001,65695
odisha,2020,4,pincode,751003,62543
odisha,2020,4,pincode,752001,61596
odisha,2020,4,pincode,751019,61109
odisha,2018,1,district,khordha,308390
odisha,2018,1,district,cuttack,135972
odisha,2018,1,district,ganjam,126158
odisha,2018,1,district,baleshwar,100919
odisha,2018,1,district,jajapur,81133
odisha,2018,1,district,sundargarh,75201
odisha,2018,1,district,puri,69923
odisha,2018,1,district,kendujhar,58968
odisha,2018,1,district,bhadrak,58050
odisha,2018,1,district,anugul,56617
odisha,2018,1,pincode,751024,20624
odisha,2018,1,pincode,751012,19414
odisha,2018,1,pincode,751002,19137
odisha,2018,1,pincode,760001,18195
odisha,2018,1,pincode,751006,17601
odisha,2018,1,pincode,756001,17451
odisha,2018,1,pincode,751003,16391
odisha,2018,1,pincode,751019,14672
odisha,2018,1,pincode,751013,14292
odisha,2018,1,pincode,751007,14267
odisha,2018,2,district,khordha,406689
odisha,2018,2,district,cuttack,187723
odisha,2018,2,district,ganjam,169386
odisha,2018,2,district,baleshwar,139968
odisha,2018,2,district,jajapur,114580
odisha,2018,2,district,sundargarh,102838
odisha,2018,2,district,puri,97920
odisha,2018,2,district,kendujhar,83050
odisha,2018,2,district,bhadrak,81249
odisha,2018,2,district,anugul,76885
odisha,2018,2,pincode,751024,27037
odisha,2018,2,pincode,751002,25379
odisha,2018,2,pincode,751012,24805
odisha,2018,2,pincode,760001,23382
odisha,2018,2,pincode,751006,23371
odisha,2018,2,pincode,756001,23237
odisha,2018,2,pincode,751003,21019
odisha,2018,2,pincode,751019,19055
odisha,2018,2,pincode,753001,18920
odisha,2018,2,pincode,751007,18456
odisha,2018,3,district,khordha,499472
odisha,2018,3,district,cuttack,239067
odisha,2018,3,district,ganjam,217114
odisha,2018,3,district,baleshwar,180370
odisha,2018,3,district,jajapur,149049
odisha,2018,3,district,sundargarh,130288
odisha,2018,3,district,puri,124859
odisha,2018,3,district,kendujhar,108387
odisha,2018,3,district,bhadrak,105030
odisha,2018,3,district,anugul,97856
odisha,2018,3,pincode,751024,32884
odisha,2018,3,pincode,751002,31103
odisha,2018,3,pincode,751012,29858
odisha,2018,3,pincode,756001,29096
odisha,2018,3,pincode,760001,28489
odisha,2018,3,pincode,751006,28340
odisha,2018,3,pincode,751003,25477
odisha,2018,3,pincode,753001,23504
odisha,2018,3,pincode,751019,23269
odisha,2018,3,pincode,751007,22631
odisha,2018,4,district,khordha,626645
odisha,2018,4,district,cuttack,310337
odisha,2018,4,district,ganjam,279943
odisha,2018,4,district,baleshwar,231913
odisha,2018,4,district,jajapur,201210
odisha,2018,4,district,sundargarh,166328
odisha,2018,4,district,puri,163528
odisha,2018,4,district,kendujhar,142222
odisha,2018,4,district,bhadrak,141565
odisha,2018,4,district,anugul,124644
odisha,2018,4,pincode,751024,41412
odisha,2018,4,pincode,751002,38919
odisha,2018,4,pincode,751012,36501
odisha,2018,4,pincode,756001,35417
odisha,2018,4,pincode,751006,35365
odisha,2018,4,pincode,760001,34895
odisha,2018,4,pincode,751003,31663
odisha,2018,4,pincode,753001,29776
odisha,2018,4,pincode,751019,28694
odisha,2018,4,pincode,751007,28305
madhya-pradesh,2022,1,district,indore,2291709
madhya-pradesh,2022,1,district,bhopal,1729248
madhya-pradesh,2022,1,district,gwalior,919789
madhya-pradesh,2022,1,district,jabalpur,844191
madhya-pradesh,2022,1,district,ujjain,680599
madhya-pradesh,2022,1,district,sagar,573791
madhya-pradesh,2022,1,district,dhar,554545
madhya-pradesh,2022,1,district,rewa,533627
madhya-pradesh,2022,1,district,chhindwara,528140
madhya-pradesh,2022,1,district,satna,488378
madhya-pradesh,2022,1,pincode,482002,261115
madhya-pradesh,2022,1,pincode,452001,238296
madhya-pradesh,2022,1,pincode,455001,235768
madhya-pradesh,2022,1,pincode,452010,220888
madhya-pradesh,2022,1,pincode,462001,192336
madhya-pradesh,2022,1,pincode,457001,190837
madhya-pradesh,2022,1,pincode,482001,177586
madhya-pradesh,2022,1,pincode,480001,174161
madhya-pradesh,2022,1,pincode,474001,164039
madhya-pradesh,2022,1,pincode,485001,163020
madhya-pradesh,2022,2,district,indore,2412576
madhya-pradesh,2022,2,district,bhopal,1820625
madhya-pradesh,2022,2,district,gwalior,970340
madhya-pradesh,2022,2,district,jabalpur,889518
madhya-pradesh,2022,2,district,ujjain,719339
madhya-pradesh,2022,2,district,sagar,605733
madhya-pradesh,2022,2,district,dhar,586670
madhya-pradesh,2022,2,district,rewa,564327
madhya-pradesh,2022,2,district,chhindwara,557958
madhya-pradesh,2022,2,district,satna,516107
madhya-pradesh,2022,2,pincode,482002,274815
madhya-pradesh,2022,2,pincode,452001,250461
madhya-pradesh,2022,2,pincode,455001,248656
madhya-pradesh,2022,2,pincode,452010,232223
madhya-pradesh,2022,2,pincode,462001,202395
madhya-pradesh,2022,2,pincode,457001,201497
madhya-pradesh,2022,2,pincode,482001,186815
madhya-pradesh,2022,2,pincode,480001,183624
madhya-pradesh,2022,2,pincode,474001,173002
madhya-pradesh,2022,2,pincode,485001,172044
madhya-pradesh,2022,3,district,indore,2537328
madhya-pradesh,2022,3,district,bhopal,1915532
madhya-pradesh,2022,3,district,gwalior,1022539
madhya-pradesh,2022,3,district,jabalpur,935649
madhya-pradesh,2022,3,district,ujjain,758373
madhya-pradesh,2022,3,district,sagar,638100
madhya-pradesh,2022,3,district,dhar,618777
madhya-pradesh,2022,3,district,rewa,594588
madhya-pradesh,2022,3,district,chhindwara,587412
madhya-pradesh,2022,3,district,satna,544011
madhya-pradesh,2022,3,pincode,482002,288913
madhya-pradesh,2022,3,pincode,452001,263235
madhya-pradesh,2022,3,pincode,455001,262081
madhya-pradesh,2022,3,pincode,452010,243950
madhya-pradesh,2022,3,pincode,462001,212978
madhya-pradesh,2022,3,pincode,457001,212433
madhya-pradesh,2022,3,pincode,482001,196282
madhya-pradesh,2022,3,pincode,480001,193259
madhya-pradesh,2022,3,pincode,474001,182361
madhya-pradesh,2022,3,pincode,485001,181296
madhya-pradesh,2022,4,district,indore,2660518
madhya-pradesh,2022,4,district,bhopal,2009655
madhya-pradesh,2022,4,district,gwalior,1073648
madhya-pradesh,2022,4,district,jabalpur,980428
madhya-pradesh,2022,4,district,ujjain,794711
madhya-pradesh,2022,4,district,sagar,667526
madhya-pradesh,2022,4,district,dhar,648535
madhya-pradesh,2022,4,district,rewa,622122
madhya-pradesh,2022,4,district,chhindwara,613456
madhya-pradesh,2022,4,district,satna,569320
madhya-pradesh,2022,4,pincode,482002,303133
madhya-pradesh,2022,4,pincode,452001,276072
madhya-pradesh,2022,4,pincode,455001,274876
madhya-pradesh,2022,4,pincode,452010,255626
madhya-pradesh,2022,4,pincode,462001,223606
madhya-pradesh,2022,4,pincode,457001,223077
madhya-pradesh,2022,4,pincode,482001,205810
madhya-pradesh,2022,4,pincode,480001,202602
madhya-pradesh,2022,4,pincode,474001,191690
madhya-pradesh,2022,4,pincode,485001,190477
madhya-pradesh,2024,1,district,indore,3217251
madhya-pradesh,2024,1,district,bhopal,2436143
madhya-pradesh,2024,1,district,gwalior,1307564
madhya-pradesh,2024,1,district,jabalpur,1193636
madhya-pradesh,2024,1,district,ujjain,978177
madhya-pradesh,2024,1,district,sagar,824727
madhya-pradesh,2024,1,district,dhar,802038
madhya-pradesh,2024,1,district,rewa,764984
madhya-pradesh,2024,1,district,chhindwara,756689
madhya-pradesh,2024,1,district,satna,703168
madhya-pradesh,2024,1,pincode,482002,366740
madhya-pradesh,2024,1,pincode,455001,336282
madhya-pradesh,2024,1,pincode,452001,331435
madhya-pradesh,2024,1,pincode,452010,307506
madhya-pradesh,2024,1,pincode,457001,273527
madhya-pradesh,2024,1,pincode,462001,271089
madhya-pradesh,2024,1,pincode,482001,248021
madhya-pradesh,2024,1,pincode,480001,246574
madhya-pradesh,2024,1,pincode,474001,233063
madhya-pradesh,2024,1,pincode,485001,232622
madhya-pradesh,2024,2,district,indore,3336262
madhya-pradesh,2024,2,district,bhopal,2528021
madhya-pradesh,2024,2,district,gwalior,1355896
madhya-pradesh,2024,2,district,jabalpur,1239008
madhya-pradesh,2024,2,district,ujjain,1015587
madhya-pradesh,2024,2,district,sagar,856655
madhya-pradesh,2024,2,district,dhar,833099
madhya-pradesh,2024,2,district,rewa,794199
madhya-pradesh,2024,2,district,chhindwara,785786
madhya-pradesh,2024,2,district,satna,730055
madhya-pradesh,2024,2,pincode,482002,380585
madhya-pradesh,2024,2,pincode,455001,349278
madhya-pradesh,2024,2,pincode,452001,343271
madhya-pradesh,2024,2,pincode,452010,318679
madhya-pradesh,2024,2,pincode,457001,284425
madhya-pradesh,2024,2,pincode,462001,281535
madhya-pradesh,2024,2,pincode,482001,257031
madhya-pradesh,2024,2,pincode,480001,255887
madhya-pradesh,2024,2,pincode,474001,241767
madhya-pradesh,2024,2,pincode,485001,241380
madhya-pradesh,2024,3,district,indore,3457022
madhya-pradesh,2024,3,district,bhopal,2456267
madhya-pradesh,2024,3,district,gwalior,1370838
madhya-pradesh,2024,3,district,jabalpur,1280233
madhya-pradesh,2024,3,district,ujjain,1086484
madhya-pradesh,2024,3,district,dhar,937167
madhya-pradesh,2024,3,district,sagar,912167
madhya-pradesh,2024,3,district,dewas,710884
madhya-pradesh,2024,3,district,chhindwara,702158
madhya-pradesh,2024,3,district,ratlam,683793
madhya-pradesh,2024,3,pincode,452001,686231
madhya-pradesh,2024,3,pincode,482002,377496
madhya-pradesh,2024,3,pincode,455001,343451
madhya-pradesh,2024,3,pincode,452016,327901
madhya-pradesh,2024,3,pincode,474001,317564
madhya-pradesh,2024,3,pincode,457001,313387
madhya-pradesh,2024,3,pincode,452010,307754
madhya-pradesh,2024,3,pincode,462001,299292
madhya-pradesh,2024,3,pincode,456006,287310
madhya-pradesh,2024,3,pincode,480001,268275
madhya-pradesh,2024,4,district,indore,3561408
madhya-pradesh,2024,4,district,bhopal,2532916
madhya-pradesh,2024,4,district,gwalior,1415249
madhya-pradesh,2024,4,district,jabalpur,1322938
madhya-pradesh,2024,4,district,ujjain,1122016
madhya-pradesh,2024,4,district,dhar,967815
madhya-pradesh,2024,4,district,sagar,944144
madhya-pradesh,2024,4,district,dewas,732757
madhya-pradesh,2024,4,district,chhindwara,728140
madhya-pradesh,2024,4,district,ratlam,706494
madhya-pradesh,2024,4,pincode,452001,709324
madhya-pradesh,2024,4,pincode,482002,390557
madhya-pradesh,2024,4,pincode,455001,353539
madhya-pradesh,2024,4,pincode,452016,336239
madhya-pradesh,2024,4,pincode,474001,327803
madhya-pradesh,2024,4,pincode,457001,323988
madhya-pradesh,2024,4,pincode,452010,319204
madhya-pradesh,2024,4,pincode,462001,310974
madhya-pradesh,2024,4,pincode,456006,297236
madhya-pradesh,2024,4,pincode,480001,276681
madhya-pradesh,2023,1,district,indore,2780295
madhya-pradesh,2023,1,district,bhopal,2101098
madhya-pradesh,2023,1,district,gwalior,1123707
madhya-pradesh,2023,1,district,jabalpur,1025803
madhya-pradesh,2023,1,district,ujjain,832451
madhya-pradesh,2023,1,district,sagar,699722
madhya-pradesh,2023,1,district,dhar,679569
madhya-pradesh,2023,1,district,rewa,651354
madhya-pradesh,2023,1,district,chhindwara,642022
madhya-pradesh,2023,1,district,satna,596769
madhya-pradesh,2023,1,pincode,482002,317133
madhya-pradesh,2023,1,pincode,452001,288286
madhya-pradesh,2023,1,pincode,455001,287746
madhya-pradesh,2023,1,pincode,452010,266938
madhya-pradesh,2023,1,pincode,462001,233726
madhya-pradesh,2023,1,pincode,457001,233495
madhya-pradesh,2023,1,pincode,482001,215070
madhya-pradesh,2023,1,pincode,480001,211859
madhya-pradesh,2023,1,pincode,474001,200550
madhya-pradesh,2023,1,pincode,485001,199604
madhya-pradesh,2023,2,district,indore,2883610
madhya-pradesh,2023,2,district,bhopal,2179557
madhya-pradesh,2023,2,district,gwalior,1168513
madhya-pradesh,2023,2,district,jabalpur,1065846
madhya-pradesh,2023,2,district,ujjain,868546
madhya-pradesh,2023,2,district,sagar,730094
madhya-pradesh,2023,2,district,dhar,710181
madhya-pradesh,2023,2,district,rewa,680100
madhya-pradesh,2023,2,district,chhindwara,670155
madhya-pradesh,2023,2,district,satna,623076
madhya-pradesh,2023,2,pincode,482002,328764
madhya-pradesh,2023,2,pincode,455001,299405
madhya-pradesh,2023,2,pincode,452001,298290
madhya-pradesh,2023,2,pincode,452010,276442
madhya-pradesh,2023,2,pincode,457001,243148
madhya-pradesh,2023,2,pincode,462001,242442
madhya-pradesh,2023,2,pincode,482001,222664
madhya-pradesh,2023,2,pincode,480001,220177
madhya-pradesh,2023,2,pincode,474001,208417
madhya-pradesh,2023,2,pincode,485001,207361
madhya-pradesh,2023,3,district,indore,2996261
madhya-pradesh,2023,3,district,bhopal,2265685
madhya-pradesh,2023,3,district,gwalior,1215484
madhya-pradesh,2023,3,district,jabalpur,1108465
madhya-pradesh,2023,3,district,ujjain,905474
madhya-pradesh,2023,3,district,sagar,761623
madhya-pradesh,2023,3,district,dhar,740878
madhya-pradesh,2023,3,district,rewa,708385
madhya-pradesh,2023,3,district,chhindwara,698604
madhya-pradesh,2023,3,district,satna,649398
madhya-pradesh,2023,3,pincode,482002,341355
madhya-pradesh,2023,3,pincode,455001,311925
madhya-pradesh,2023,3,pincode,452001,309315
madhya-pradesh,2023,3,pincode,452010,286991
madhya-pradesh,2023,3,pincode,457001,253258
madhya-pradesh,2023,3,pincode,462001,252027
madhya-pradesh,2023,3,pincode,482001,231205
madhya-pradesh,2023,3,pincode,480001,228883
madhya-pradesh,2023,3,pincode,474001,216725
madhya-pradesh,2023,3,pincode,485001,215698
madhya-pradesh,2023,4,district,indore,3098089
madhya-pradesh,2023,4,district,bhopal,2344171
madhya-pradesh,2023,4,district,gwalior,1257720
madhya-pradesh,2023,4,district,jabalpur,1147811
madhya-pradesh,2023,4,district,ujjain,938748
madhya-pradesh,2023,4,district,sagar,790240
madhya-pradesh,2023,4,district,dhar,768839
madhya-pradesh,2023,4,district,rewa,734299
madhya-pradesh,2023,4,district,chhindwara,724870
madhya-pradesh,2023,4,district,satna,673980
madhya-pradesh,2023,4,pincode,482002,353272
madhya-pradesh,2023,4,pincode,455001,323082
madhya-pradesh,2023,4,pincode,452001,319497
madhya-pradesh,2023,4,pincode,452010,296338
madhya-pradesh,2023,4,pincode,457001,262675
madhya-pradesh,2023,4,pincode,462001,260836
madhya-pradesh,2023,4,pincode,482001,238911
madhya-pradesh,2023,4,pincode,480001,237094
madhya-pradesh,2023,4,pincode,474001,224169
madhya-pradesh,2023,4,pincode,485001,223650
madhya-pradesh,2019,1,district,indore,844465
madhya-pradesh,2019,1,district,bhopal,670417
madhya-pradesh,2019,1,district,gwalior,331504
madhya-pradesh,2019,1,district,jabalpur,295042
madhya-pradesh,2019,1,district,ujjain,214818
madhya-pradesh,2019,1,district,sagar,194467
madhya-pradesh,2019,1,district,rewa,188803
madhya-pradesh,2019,1,district,chhindwara,168633
madhya-pradesh,2019,1,district,dhar,166663
madhya-pradesh,2019,1,district,satna,160954
madhya-pradesh,2019,1,pincode,452001,94894
madhya-pradesh,2019,1,pincode,482002,92148
madhya-pradesh,2019,1,pincode,452010,89541
madhya-pradesh,2019,1,pincode,455001,87837
madhya-pradesh,2019,1,pincode,462001,65450
madhya-pradesh,2019,1,pincode,482001,64389
madhya-pradesh,2019,1,pincode,457001,61687
madhya-pradesh,2019,1,pincode,480001,60744
madhya-pradesh,2019,1,pincode,485001,59332
madhya-pradesh,2019,1,pincode,452016,57554
madhya-pradesh,2019,2,district,indore,955207
madhya-pradesh,2019,2,district,bhopal,756839
madhya-pradesh,2019,2,district,gwalior,373367
madhya-pradesh,2019,2,district,jabalpur,336963
madhya-pradesh,2019,2,district,ujjain,247033
madhya-pradesh,2019,2,district,sagar,219328
madhya-pradesh,2019,2,district,rewa,211420
madhya-pradesh,2019,2,district,chhindwara,192226
madhya-pradesh,2019,2,district,dhar,190659
madhya-pradesh,2019,2,district,satna,182176
madhya-pradesh,2019,2,pincode,452001,108587
madhya-pradesh,2019,2,pincode,482002,104846
madhya-pradesh,2019,2,pincode,452010,99616
madhya-pradesh,2019,2,pincode,455001,98265
madhya-pradesh,2019,2,pincode,462001,75250
madhya-pradesh,2019,2,pincode,482001,74711
madhya-pradesh,2019,2,pincode,457001,70728
madhya-pradesh,2019,2,pincode,480001,69139
madhya-pradesh,2019,2,pincode,485001,66578
madhya-pradesh,2019,2,pincode,452016,65634
madhya-pradesh,2019,3,district,indore,1071598
madhya-pradesh,2019,3,district,bhopal,846170
madhya-pradesh,2019,3,district,gwalior,417846
madhya-pradesh,2019,3,district,jabalpur,380209
madhya-pradesh,2019,3,district,ujjain,280589
madhya-pradesh,2019,3,district,sagar,243729
madhya-pradesh,2019,3,district,rewa,232367
madhya-pradesh,2019,3,district,chhindwara,214945
madhya-pradesh,2019,3,district,dhar,214712
madhya-pradesh,2019,3,district,satna,203019
madhya-pradesh,2019,3,pincode,452001,122796
madhya-pradesh,2019,3,pincode,482002,119882
madhya-pradesh,2019,3,pincode,452010,110196
madhya-pradesh,2019,3,pincode,455001,109090
madhya-pradesh,2019,3,pincode,462001,85889
madhya-pradesh,2019,3,pincode,482001,85035
madhya-pradesh,2019,3,pincode,457001,80045
madhya-pradesh,2019,3,pincode,480001,77495
madhya-pradesh,2019,3,pincode,485001,74626
madhya-pradesh,2019,3,pincode,452016,73956
madhya-pradesh,2019,4,district,indore,1181500
madhya-pradesh,2019,4,district,bhopal,926576
madhya-pradesh,2019,4,district,gwalior,461960
madhya-pradesh,2019,4,district,jabalpur,422786
madhya-pradesh,2019,4,district,ujjain,314250
madhya-pradesh,2019,4,district,sagar,272650
madhya-pradesh,2019,4,district,rewa,260351
madhya-pradesh,2019,4,district,dhar,242108
madhya-pradesh,2019,4,district,chhindwara,240962
madhya-pradesh,2019,4,district,satna,228680
madhya-pradesh,2019,4,pincode,452001,134323
madhya-pradesh,2019,4,pincode,482002,134193
madhya-pradesh,2019,4,pincode,452010,120352
madhya-pradesh,2019,4,pincode,455001,120057
madhya-pradesh,2019,4,pincode,462001,96155
madhya-pradesh,2019,4,pincode,482001,93550
madhya-pradesh,2019,4,pincode,457001,89121
madhya-pradesh,2019,4,pincode,480001,85991
madhya-pradesh,2019,4,pincode,485001,82766
madhya-pradesh,2019,4,pincode,452016,81668
madhya-pradesh,2021,1,district,indore,1769869
madhya-pradesh,2021,1,district,bhopal,1340741
madhya-pradesh,2021,1,district,gwalior,703232
madhya-pradesh,2021,1,district,jabalpur,650087
madhya-pradesh,2021,1,district,ujjain,513868
madhya-pradesh,2021,1,district,sagar,432938
madhya-pradesh,2021,1,district,dhar,415117
madhya-pradesh,2021,1,district,rewa,403013
madhya-pradesh,2021,1,district,chhindwara,399276
madhya-pradesh,2021,1,district,satna,368299
madhya-pradesh,2021,1,pincode,482002,202915
madhya-pradesh,2021,1,pincode,452001,185582
madhya-pradesh,2021,1,pincode,455001,180488
madhya-pradesh,2021,1,pincode,452010,171754
madhya-pradesh,2021,1,pincode,462001,149137
madhya-pradesh,2021,1,pincode,457001,145248
madhya-pradesh,2021,1,pincode,482001,138100
madhya-pradesh,2021,1,pincode,480001,134163
madhya-pradesh,2021,1,pincode,474001,125599
madhya-pradesh,2021,1,pincode,485001,125104
madhya-pradesh,2021,2,district,indore,1892259
madhya-pradesh,2021,2,district,bhopal,1431127
madhya-pradesh,2021,2,district,gwalior,753172
madhya-pradesh,2021,2,district,jabalpur,695130
madhya-pradesh,2021,2,district,ujjain,552204
madhya-pradesh,2021,2,district,sagar,464791
madhya-pradesh,2021,2,district,dhar,447074
madhya-pradesh,2021,2,district,rewa,432682
madhya-pradesh,2021,2,district,chhindwara,428800
madhya-pradesh,2021,2,district,satna,395440
madhya-pradesh,2021,2,pincode,482002,216522
madhya-pradesh,2021,2,pincode,452001,198059
madhya-pradesh,2021,2,pincode,455001,193208
madhya-pradesh,2021,2,pincode,452010,183345
madhya-pradesh,2021,2,pincode,462001,159236
madhya-pradesh,2021,2,pincode,457001,155865
madhya-pradesh,2021,2,pincode,482001,147363
madhya-pradesh,2021,2,pincode,480001,143414
madhya-pradesh,2021,2,pincode,474001,134469
madhya-pradesh,2021,2,pincode,485001,133879
madhya-pradesh,2021,3,district,indore,2028266
madhya-pradesh,2021,3,district,bhopal,1531544
madhya-pradesh,2021,3,district,gwalior,809887
madhya-pradesh,2021,3,district,jabalpur,745631
madhya-pradesh,2021,3,district,ujjain,596195
madhya-pradesh,2021,3,district,sagar,501819
madhya-pradesh,2021,3,district,dhar,483901
madhya-pradesh,2021,3,district,rewa,466895
madhya-pradesh,2021,3,district,chhindwara,462834
madhya-pradesh,2021,3,district,satna,426929
madhya-pradesh,2021,3,pincode,482002,231582
madhya-pradesh,2021,3,pincode,452001,211664
madhya-pradesh,2021,3,pincode,455001,207599
madhya-pradesh,2021,3,pincode,452010,196173
madhya-pradesh,2021,3,pincode,462001,170393
madhya-pradesh,2021,3,pincode,457001,167859
madhya-pradesh,2021,3,pincode,482001,157536
madhya-pradesh,2021,3,pincode,480001,153878
madhya-pradesh,2021,3,pincode,474001,144518
madhya-pradesh,2021,3,pincode,485001,143700
madhya-pradesh,2021,4,district,indore,2164101
madhya-pradesh,2021,4,district,bhopal,1633266
madhya-pradesh,2021,4,district,gwalior,866561
madhya-pradesh,2021,4,district,jabalpur,796148
madhya-pradesh,2021,4,district,ujjain,639197
madhya-pradesh,2021,4,district,sagar,538447
madhya-pradesh,2021,4,district,dhar,519970
madhya-pradesh,2021,4,district,rewa,500513
madhya-pradesh,2021,4,district,chhindwara,495990
madhya-pradesh,2021,4,district,satna,457858
madhya-pradesh,2021,4,pincode,482002,246911
madhya-pradesh,2021,4,pincode,452001,225433
madhya-pradesh,2021,4,pincode,455001,222066
madhya-pradesh,2021,4,pincode,452010,208931
madhya-pradesh,2021,4,pincode,462001,181784
madhya-pradesh,2021,4,pincode,457001,179603
madhya-pradesh,2021,4,pincode,482001,167796
madhya-pradesh,2021,4,pincode,480001,164329
madhya-pradesh,2021,4,pincode,474001,154609
madhya-pradesh,2021,4,pincode,485001,153628
madhya-pradesh,2020,1,district,indore,1287857
madhya-pradesh,2020,1,district,bhopal,1003288
madhya-pradesh,2020,1,district,gwalior,506221
madhya-pradesh,2020,1,district,jabalpur,462069
madhya-pradesh,2020,1,district,ujjain,349476
madhya-pradesh,2020,1,district,sagar,299753
madhya-pradesh,2020,1,district,rewa,285832
madhya-pradesh,2020,1,district,dhar,270891
madhya-pradesh,2020,1,district,chhindwara,268008
madhya-pradesh,2020,1,district,satna,253988
madhya-pradesh,2020,1,pincode,482002,146207
madhya-pradesh,2020,1,pincode,452001,144699
madhya-pradesh,2020,1,pincode,455001,130830
madhya-pradesh,2020,1,pincode,452010,129645
madhya-pradesh,2020,1,pincode,462001,106091
madhya-pradesh,2020,1,pincode,482001,101513
madhya-pradesh,2020,1,pincode,457001,98886
madhya-pradesh,2020,1,pincode,480001,94636
madhya-pradesh,2020,1,pincode,485001,90615
madhya-pradesh,2020,1,pincode,452016,89460
madhya-pradesh,2020,2,district,indore,1410157
madhya-pradesh,2020,2,district,bhopal,1080094
madhya-pradesh,2020,2,district,gwalior,554377
madhya-pradesh,2020,2,district,jabalpur,507707
madhya-pradesh,2020,2,district,ujjain,395028
madhya-pradesh,2020,2,district,sagar,333878
madhya-pradesh,2020,2,district,rewa,313486
madhya-pradesh,2020,2,district,dhar,310389
madhya-pradesh,2020,2,district,chhindwara,302791
madhya-pradesh,2020,2,district,satna,281414
madhya-pradesh,2020,2,pincode,482002,158954
madhya-pradesh,2020,2,pincode,452001,153695
madhya-pradesh,2020,2,pincode,455001,144023
madhya-pradesh,2020,2,pincode,452010,139367
madhya-pradesh,2020,2,pincode,462001,116167
madhya-pradesh,2020,2,pincode,457001,111581
madhya-pradesh,2020,2,pincode,482001,110268
madhya-pradesh,2020,2,pincode,480001,104519
madhya-pradesh,2020,2,pincode,452016,98532
madhya-pradesh,2020,2,pincode,485001,98080
madhya-pradesh,2020,3,district,indore,1524036
madhya-pradesh,2020,3,district,bhopal,1162000
madhya-pradesh,2020,3,district,gwalior,603096
madhya-pradesh,2020,3,district,jabalpur,555235
madhya-pradesh,2020,3,district,ujjain,436068
madhya-pradesh,2020,3,district,sagar,368745
madhya-pradesh,2020,3,district,dhar,346394
madhya-pradesh,2020,3,district,rewa,343897
madhya-pradesh,2020,3,district,chhindwara,336306
madhya-pradesh,2020,3,district,satna,311884
madhya-pradesh,2020,3,pincode,482002,173274
madhya-pradesh,2020,3,pincode,452001,162767
madhya-pradesh,2020,3,pincode,455001,155823
madhya-pradesh,2020,3,pincode,452010,149318
madhya-pradesh,2020,3,pincode,462001,127166
madhya-pradesh,2020,3,pincode,457001,122974
madhya-pradesh,2020,3,pincode,482001,119294
madhya-pradesh,2020,3,pincode,480001,114237
madhya-pradesh,2020,3,pincode,485001,107317
madhya-pradesh,2020,3,pincode,452016,107084
madhya-pradesh,2020,4,district,indore,1645564
madhya-pradesh,2020,4,district,bhopal,1249343
madhya-pradesh,2020,4,district,gwalior,652985
madhya-pradesh,2020,4,district,jabalpur,604034
madhya-pradesh,2020,4,district,ujjain,475637
madhya-pradesh,2020,4,district,sagar,402006
madhya-pradesh,2020,4,district,dhar,382523
madhya-pradesh,2020,4,district,rewa,374099
madhya-pradesh,2020,4,district,chhindwara,370027
madhya-pradesh,2020,4,district,satna,340632
madhya-pradesh,2020,4,pincode,482002,188460
madhya-pradesh,2020,4,pincode,452001,173333
madhya-pradesh,2020,4,pincode,455001,167885
madhya-pradesh,2020,4,pincode,452010,160146
madhya-pradesh,2020,4,pincode,462001,138574
madhya-pradesh,2020,4,pincode,457001,134427
madhya-pradesh,2020,4,pincode,482001,128730
madhya-pradesh,2020,4,pincode,480001,124525
madhya-pradesh,2020,4,pincode,474001,116379
madhya-pradesh,2020,4,pincode,452016,116281
madhya-pradesh,2018,1,district,indore,366977
madhya-pradesh,2018,1,district,bhopal,307312
madhya-pradesh,2018,1,district,gwalior,142453
madhya-pradesh,2018,1,district,jabalpur,115953
madhya-pradesh,2018,1,district,ujjain,84441
madhya-pradesh,2018,1,district,rewa,73336
madhya-pradesh,2018,1,district,sagar,72857
madhya-pradesh,2018,1,district,chhindwara,65005
madhya-pradesh,2018,1,district,dhar,63440
madhya-pradesh,2018,1,district,dewas,62902
madhya-pradesh,2018,1,pincode,452001,42977
madhya-pradesh,2018,1,pincode,452010,40850
madhya-pradesh,2018,1,pincode,455001,37899
madhya-pradesh,2018,1,pincode,482002,37645
madhya-pradesh,2018,1,pincode,462001,27351
madhya-pradesh,2018,1,pincode,482001,26665
madhya-pradesh,2018,1,pincode,452016,25256
madhya-pradesh,2018,1,pincode,457001,24909
madhya-pradesh,2018,1,pincode,485001,24806
madhya-pradesh,2018,1,pincode,462022,24661
madhya-pradesh,2018,2,district,indore,479904
madhya-pradesh,2018,2,district,bhopal,398498
madhya-pradesh,2018,2,district,gwalior,193605
madhya-pradesh,2018,2,district,jabalpur,155624
madhya-pradesh,2018,2,district,ujjain,113216
madhya-pradesh,2018,2,district,rewa,100661
madhya-pradesh,2018,2,district,sagar,100623
madhya-pradesh,2018,2,district,chhindwara,87704
madhya-pradesh,2018,2,district,dhar,86280
madhya-pradesh,2018,2,district,dewas,84342
madhya-pradesh,2018,2,pincode,452001,55837
madhya-pradesh,2018,2,pincode,452010,52677
madhya-pradesh,2018,2,pincode,455001,50091
madhya-pradesh,2018,2,pincode,482002,49877
madhya-pradesh,2018,2,pincode,462001,36311
madhya-pradesh,2018,2,pincode,482001,35303
madhya-pradesh,2018,2,pincode,457001,33608
madhya-pradesh,2018,2,pincode,452016,32883
madhya-pradesh,2018,2,pincode,480001,32800
madhya-pradesh,2018,2,pincode,485001,32316
madhya-pradesh,2018,3,district,indore,585621
madhya-pradesh,2018,3,district,bhopal,474192
madhya-pradesh,2018,3,district,gwalior,236305
madhya-pradesh,2018,3,district,jabalpur,193535
madhya-pradesh,2018,3,district,ujjain,143770
madhya-pradesh,2018,3,district,sagar,128283
madhya-pradesh,2018,3,district,rewa,125803
madhya-pradesh,2018,3,district,dhar,110726
madhya-pradesh,2018,3,district,chhindwara,109266
madhya-pradesh,2018,3,district,dewas,105774
madhya-pradesh,2018,3,pincode,452001,67243
madhya-pradesh,2018,3,pincode,452010,63537
madhya-pradesh,2018,3,pincode,455001,61117
madhya-pradesh,2018,3,pincode,482002,60999
madhya-pradesh,2018,3,pincode,462001,43609
madhya-pradesh,2018,3,pincode,482001,43593
madhya-pradesh,2018,3,pincode,457001,41975
madhya-pradesh,2018,3,pincode,480001,40061
madhya-pradesh,2018,3,pincode,452016,39967
madhya-pradesh,2018,3,pincode,485001,39351
madhya-pradesh,2018,4,district,indore,712479
madhya-pradesh,2018,4,district,bhopal,571518
madhya-pradesh,2018,4,district,gwalior,284894
madhya-pradesh,2018,4,district,jabalpur,248495
madhya-pradesh,2018,4,district,ujjain,177894
madhya-pradesh,2018,4,district,sagar,162788
madhya-pradesh,2018,4,district,rewa,160024
madhya-pradesh,2018,4,district,chhindwara,139301
madhya-pradesh,2018,4,district,dhar,137501
madhya-pradesh,2018,4,district,satna,133865
madhya-pradesh,2018,4,pincode,452001,81206
madhya-pradesh,2018,4,pincode,482002,77791
madhya-pradesh,2018,4,pincode,452010,76811
madhya-pradesh,2018,4,pincode,455001,73952
madhya-pradesh,2018,4,pincode,462001,54496
madhya-pradesh,2018,4,pincode,482001,54390
madhya-pradesh,2018,4,pincode,457001,51238
madhya-pradesh,2018,4,pincode,480001,50803
madhya-pradesh,2018,4,pincode,485001,50329
madhya-pradesh,2018,4,pincode,452016,48626
rajasthan,2022,1,district,jaipur,5133527
rajasthan,2022,1,district,alwar,1570711
rajasthan,2022,1,district,jodhpur,1370206
rajasthan,2022,1,district,sikar,1017503
rajasthan,2022,1,district,ajmer,947827
rajasthan,2022,1,district,nagaur,901819
rajasthan,2022,1,district,kota,882916
rajasthan,2022,1,district,bhilwara,871188
rajasthan,2022,1,district,udaipur,816476
rajasthan,2022,1,district,jhunjhunu,752608
rajasthan,2022,1,pincode,302012,379201
rajasthan,2022,1,pincode,311001,276732
rajasthan,2022,1,pincode,302029,271894
rajasthan,2022,1,pincode,302020,246589
rajasthan,2022,1,pincode,301001,231537
rajasthan,2022,1,pincode,302001,231535
rajasthan,2022,1,pincode,334001,231262
rajasthan,2022,1,pincode,313001,228203
rajasthan,2022,1,pincode,302015,213355
rajasthan,2022,1,pincode,302017,210495
rajasthan,2022,2,district,jaipur,5409763
rajasthan,2022,2,district,alwar,1661785
rajasthan,2022,2,district,jodhpur,1444490
rajasthan,2022,2,district,sikar,1074986
rajasthan,2022,2,district,ajmer,998746
rajasthan,2022,2,district,nagaur,952752
rajasthan,2022,2,district,kota,931689
rajasthan,2022,2,district,bhilwara,921021
rajasthan,2022,2,district,udaipur,862053
rajasthan,2022,2,district,jhunjhunu,795815
rajasthan,2022,2,pincode,302012,399537
rajasthan,2022,2,pincode,311001,291700
rajasthan,2022,2,pincode,302029,286572
rajasthan,2022,2,pincode,302020,259218
rajasthan,2022,2,pincode,301001,244138
rajasthan,2022,2,pincode,334001,243611
rajasthan,2022,2,pincode,302001,243317
rajasthan,2022,2,pincode,313001,240292
rajasthan,2022,2,pincode,302015,224395
rajasthan,2022,2,pincode,302017,221344
rajasthan,2022,3,district,jaipur,5696726
rajasthan,2022,3,district,alwar,1755844
rajasthan,2022,3,district,jodhpur,1517702
rajasthan,2022,3,district,sikar,1133443
rajasthan,2022,3,district,ajmer,1050146
rajasthan,2022,3,district,nagaur,1001401
rajasthan,2022,3,district,kota,982248
rajasthan,2022,3,district,bhilwara,971352
rajasthan,2022,3,district,udaipur,908034
rajasthan,2022,3,district,jhunjhunu,839052
rajasthan,2022,3,pincode,302012,420931
rajasthan,2022,3,pincode,311001,307471
rajasthan,2022,3,pincode,302029,301977
rajasthan,2022,3,pincode,302020,272359
rajasthan,2022,3,pincode,301001,257331
rajasthan,2022,3,pincode,334001,256340
rajasthan,2022,3,pincode,302001,255437
rajasthan,2022,3,pincode,313001,252805
rajasthan,2022,3,pincode,302015,235747
rajasthan,2022,3,pincode,302017,232516
rajasthan,2022,4,district,jaipur,5975863
rajasthan,2022,4,district,alwar,1843138
rajasthan,2022,4,district,jodhpur,1583620
rajasthan,2022,4,district,sikar,1185927
rajasthan,2022,4,district,ajmer,1097266
rajasthan,2022,4,district,nagaur,1043562
rajasthan,2022,4,district,kota,1031196
rajasthan,2022,4,district,bhilwara,1017032
rajasthan,2022,4,district,udaipur,949767
rajasthan,2022,4,district,jhunjhunu,876787
rajasthan,2022,4,pincode,302012,442071
rajasthan,2022,4,pincode,311001,323050
rajasthan,2022,4,pincode,302029,317257
rajasthan,2022,4,pincode,302020,285618
rajasthan,2022,4,pincode,301001,270375
rajasthan,2022,4,pincode,334001,268334
rajasthan,2022,4,pincode,302001,267759
rajasthan,2022,4,pincode,313001,265014
rajasthan,2022,4,pincode,302015,247217
rajasthan,2022,4,pincode,302017,243904
rajasthan,2024,1,district,jaipur,7253881
rajasthan,2024,1,district,alwar,2270393
rajasthan,2024,1,district,jodhpur,1933181
rajasthan,2024,1,district,sikar,1461236
rajasthan,2024,1,district,ajmer,1334929
rajasthan,2024,1,district,nagaur,1290786
rajasthan,2024,1,district,kota,1264105
rajasthan,2024,1,district,bhilwara,1256777
rajasthan,2024,1,district,udaipur,1161696
rajasthan,2024,1,district,jhunjhunu,1080420
rajasthan,2024,1,pincode,302012,534636
rajasthan,2024,1,pincode,311001,393041
rajasthan,2024,1,pincode,302029,384732
rajasthan,2024,1,pincode,302020,343084
rajasthan,2024,1,pincode,301001,329131
rajasthan,2024,1,pincode,334001,324796
rajasthan,2024,1,pincode,302001,320984
rajasthan,2024,1,pincode,313001,319637
rajasthan,2024,1,pincode,302015,296303
rajasthan,2024,1,pincode,302017,292669
rajasthan,2024,2,district,jaipur,7522194
rajasthan,2024,2,district,alwar,2357624
rajasthan,2024,2,district,jodhpur,2004056
rajasthan,2024,2,district,sikar,1517703
rajasthan,2024,2,district,ajmer,1384040
rajasthan,2024,2,district,nagaur,1340651
rajasthan,2024,2,district,kota,1312699
rajasthan,2024,2,district,bhilwara,1304282
rajasthan,2024,2,district,udaipur,1205522
rajasthan,2024,2,district,jhunjhunu,1122057
rajasthan,2024,2,pincode,302012,554198
rajasthan,2024,2,pincode,311001,407743
rajasthan,2024,2,pincode,302029,399051
rajasthan,2024,2,pincode,302020,355254
rajasthan,2024,2,pincode,301001,341602
rajasthan,2024,2,pincode,334001,336357
rajasthan,2024,2,pincode,302001,332348
rajasthan,2024,2,pincode,313001,331295
rajasthan,2024,2,pincode,302015,306967
rajasthan,2024,2,pincode,302017,303242
rajasthan,2024,3,district,jaipur,5219354
rajasthan,2024,3,district,jaipur rural,1430124
rajasthan,2024,3,district,kota,1348463
rajasthan,2024,3,district,sikar,1185364
rajasthan,2024,3,district,jodhpur,1154160
rajasthan,2024,3,district,udaipur,1145180
rajasthan,2024,3,district,bikaner,1138132
rajasthan,2024,3,district,alwar,1057687
rajasthan,2024,3,district,ajmer,1011766
rajasthan,2024,3,district,bhilwara,934621
rajasthan,2024,3,pincode,302012,590885
rajasthan,2024,3,pincode,302029,429792
rajasthan,2024,3,pincode,313001,407874
rajasthan,2024,3,pincode,301001,395851
rajasthan,2024,3,pincode,334001,382863
rajasthan,2024,3,pincode,302020,373776
rajasthan,2024,3,pincode,311001,357727
rajasthan,2024,3,pincode,324005,317684
rajasthan,2024,3,pincode,302017,309145
rajasthan,2024,3,pincode,332001,306609
rajasthan,2024,4,district,jaipur,5371681
rajasthan,2024,4,district,jaipur rural,1471885
rajasthan,2024,4,district,kota,1393621
rajasthan,2024,4,district,sikar,1233678
rajasthan,2024,4,district,jodhpur,1196146
rajasthan,2024,4,district,udaipur,1185490
rajasthan,2024,4,district,bikaner,1180630
rajasthan,2024,4,district,alwar,1093734
rajasthan,2024,4,district,ajmer,1046582
rajasthan,2024,4,district,bhilwara,972156
rajasthan,2024,4,pincode,302012,605113
rajasthan,2024,4,pincode,302029,439427
rajasthan,2024,4,pincode,313001,421551
rajasthan,2024,4,pincode,301001,408299
rajasthan,2024,4,pincode,334001,397226
rajasthan,2024,4,pincode,302020,383775
rajasthan,2024,4,pincode,311001,373875
rajasthan,2024,4,pincode,324005,328907
rajasthan,2024,4,pincode,332001,320037
rajasthan,2024,4,pincode,302017,317847
rajasthan,2023,1,district,jaipur,6247095
rajasthan,2023,1,district,alwar,1931404
rajasthan,2023,1,district,jodhpur,1654436
rajasthan,2023,1,district,sikar,1241633
rajasthan,2023,1,district,ajmer,1146113
rajasthan,2023,1,district,nagaur,1091225
rajasthan,2023,1,district,kota,1079455
rajasthan,2023,1,district,bhilwara,1065499
rajasthan,2023,1,district,udaipur,992940
rajasthan,2023,1,district,jhunjhunu,917983
rajasthan,2023,1,pincode,302012,461897
rajasthan,2023,1,pincode,311001,337956
rajasthan,2023,1,pincode,302029,331769
rajasthan,2023,1,pincode,302020,298297
rajasthan,2023,1,pincode,301001,282869
rajasthan,2023,1,pincode,334001,280477
rajasthan,2023,1,pincode,302001,279611
rajasthan,2023,1,pincode,313001,276547
rajasthan,2023,1,pincode,302015,258169
rajasthan,2023,1,pincode,302017,254674
rajasthan,2023,2,district,jaipur,6490210
rajasthan,2023,2,district,alwar,2015122
rajasthan,2023,2,district,jodhpur,1723274
rajasthan,2023,2,district,sikar,1295705
rajasthan,2023,2,district,ajmer,1191890
rajasthan,2023,2,district,nagaur,1140617
rajasthan,2023,2,district,kota,1123468
rajasthan,2023,2,district,bhilwara,1112475
rajasthan,2023,2,district,udaipur,1034200
rajasthan,2023,2,district,jhunjhunu,957879
rajasthan,2023,2,pincode,302012,479744
rajasthan,2023,2,pincode,311001,351000
rajasthan,2023,2,pincode,302029,344591
rajasthan,2023,2,pincode,302020,308962
rajasthan,2023,2,pincode,301001,293892
rajasthan,2023,2,pincode,334001,291407
rajasthan,2023,2,pincode,302001,289431
rajasthan,2023,2,pincode,313001,287049
rajasthan,2023,2,pincode,302015,267121
rajasthan,2023,2,pincode,302017,263717
rajasthan,2023,3,district,jaipur,6745507
rajasthan,2023,3,district,alwar,2100632
rajasthan,2023,3,district,jodhpur,1793526
rajasthan,2023,3,district,sikar,1350861
rajasthan,2023,3,district,ajmer,1240780
rajasthan,2023,3,district,nagaur,1190241
rajasthan,2023,3,district,kota,1170118
rajasthan,2023,3,district,bhilwara,1161222
rajasthan,2023,3,district,udaipur,1075658
rajasthan,2023,3,district,jhunjhunu,998478
rajasthan,2023,3,pincode,302012,498043
rajasthan,2023,3,pincode,311001,365520
rajasthan,2023,3,pincode,302029,357851
rajasthan,2023,3,pincode,302020,320466
rajasthan,2023,3,pincode,301001,305791
rajasthan,2023,3,pincode,334001,302841
rajasthan,2023,3,pincode,302001,299989
rajasthan,2023,3,pincode,313001,297717
rajasthan,2023,3,pincode,302015,276962
rajasthan,2023,3,pincode,302017,273466
rajasthan,2023,4,district,jaipur,6983265
rajasthan,2023,4,district,alwar,2179932
rajasthan,2023,4,district,jodhpur,1857340
rajasthan,2023,4,district,sikar,1402231
rajasthan,2023,4,district,ajmer,1284233
rajasthan,2023,4,district,nagaur,1236331
rajasthan,2023,4,district,kota,1214016
rajasthan,2023,4,district,bhilwara,1205003
rajasthan,2023,4,district,udaipur,1115611
rajasthan,2023,4,district,jhunjhunu,1036803
rajasthan,2023,4,pincode,302012,515213
rajasthan,2023,4,pincode,311001,378300
rajasthan,2023,4,pincode,302029,370502
rajasthan,2023,4,pincode,302020,330864
rajasthan,2023,4,pincode,301001,316700
rajasthan,2023,4,pincode,334001,313023
rajasthan,2023,4,pincode,302001,309686
rajasthan,2023,4,pincode,313001,308034
rajasthan,2023,4,pincode,302015,285803
rajasthan,2023,4,pincode,302017,282421
rajasthan,2019,1,district,jaipur,2060175
rajasthan,2019,1,district,alwar,517681
rajasthan,2019,1,district,jodhpur,434178
rajasthan,2019,1,district,sikar,318166
rajasthan,2019,1,district,kota,318085
rajasthan,2019,1,district,ajmer,290433
rajasthan,2019,1,district,bhilwara,276384
rajasthan,2019,1,district,nagaur,259361
rajasthan,2019,1,district,udaipur,258915
rajasthan,2019,1,district,jhunjhunu,238956
rajasthan,2019,1,pincode,302012,152051
rajasthan,2019,1,pincode,302029,110968
rajasthan,2019,1,pincode,302020,109680
rajasthan,2019,1,pincode,311001,105316
rajasthan,2019,1,pincode,302015,100778
rajasthan,2019,1,pincode,302017,97262
rajasthan,2019,1,pincode,301001,89896
rajasthan,2019,1,pincode,302001,89061
rajasthan,2019,1,pincode,335001,82868
rajasthan,2019,1,pincode,302013,79661
rajasthan,2019,2,district,jaipur,2290462
rajasthan,2019,2,district,alwar,593855
rajasthan,2019,2,district,jodhpur,499967
rajasthan,2019,2,district,sikar,366729
rajasthan,2019,2,district,kota,359152
rajasthan,2019,2,district,ajmer,335167
rajasthan,2019,2,district,bhilwara,314517
rajasthan,2019,2,district,nagaur,301083
rajasthan,2019,2,district,udaipur,296062
rajasthan,2019,2,district,jhunjhunu,275603
rajasthan,2019,2,pincode,302012,168578
rajasthan,2019,2,pincode,302029,122421
rajasthan,2019,2,pincode,302020,120003
rajasthan,2019,2,pincode,311001,118290
rajasthan,2019,2,pincode,302015,109679
rajasthan,2019,2,pincode,302017,105403
rajasthan,2019,2,pincode,302001,104285
rajasthan,2019,2,pincode,301001,101785
rajasthan,2019,2,pincode,335001,92230
rajasthan,2019,2,pincode,313001,90885
rajasthan,2019,3,district,jaipur,2520933
rajasthan,2019,3,district,alwar,666462
rajasthan,2019,3,district,jodhpur,557784
rajasthan,2019,3,district,sikar,412367
rajasthan,2019,3,district,kota,399776
rajasthan,2019,3,district,ajmer,378921
rajasthan,2019,3,district,bhilwara,352747
rajasthan,2019,3,district,nagaur,337197
rajasthan,2019,3,district,udaipur,336408
rajasthan,2019,3,district,jhunjhunu,307034
rajasthan,2019,3,pincode,302012,185991
rajasthan,2019,3,pincode,302029,134500
rajasthan,2019,3,pincode,311001,131583
rajasthan,2019,3,pincode,302020,130651
rajasthan,2019,3,pincode,302015,118374
rajasthan,2019,3,pincode,302001,117686
rajasthan,2019,3,pincode,302017,114314
rajasthan,2019,3,pincode,301001,112490
rajasthan,2019,3,pincode,313001,103927
rajasthan,2019,3,pincode,335001,101510
rajasthan,2019,4,district,jaipur,2746860
rajasthan,2019,4,district,alwar,742956
rajasthan,2019,4,district,jodhpur,622601
rajasthan,2019,4,district,sikar,464940
rajasthan,2019,4,district,kota,441496
rajasthan,2019,4,district,ajmer,426926
rajasthan,2019,4,district,bhilwara,394803
rajasthan,2019,4,district,nagaur,383582
rajasthan,2019,4,district,udaipur,378564
rajasthan,2019,4,district,jhunjhunu,344011
rajasthan,2019,4,pincode,302012,201766
rajasthan,2019,4,pincode,302029,146384
rajasthan,2019,4,pincode,311001,143656
rajasthan,2019,4,pincode,302020,140229
rajasthan,2019,4,pincode,302001,128922
rajasthan,2019,4,pincode,302015,126802
rajasthan,2019,4,pincode,301001,122776
rajasthan,2019,4,pincode,302017,122407
rajasthan,2019,4,pincode,313001,115454
rajasthan,2019,4,pincode,334001,112040
rajasthan,2021,1,district,jaipur,3951866
rajasthan,2021,1,district,alwar,1185599
rajasthan,2021,1,district,jodhpur,1036855
rajasthan,2021,1,district,sikar,770103
rajasthan,2021,1,district,ajmer,723852
rajasthan,2021,1,district,kota,674683
rajasthan,2021,1,district,nagaur,674465
rajasthan,2021,1,district,bhilwara,651400
rajasthan,2021,1,district,udaipur,619264
rajasthan,2021,1,district,jhunjhunu,569602
rajasthan,2021,1,pincode,302012,292147
rajasthan,2021,1,pincode,311001,212281
rajasthan,2021,1,pincode,302029,209507
rajasthan,2021,1,pincode,302020,191909
rajasthan,2021,1,pincode,302001,180996
rajasthan,2021,1,pincode,301001,178156
rajasthan,2021,1,pincode,334001,177076
rajasthan,2021,1,pincode,313001,176646
rajasthan,2021,1,pincode,302015,166517
rajasthan,2021,1,pincode,302017,164063
rajasthan,2021,2,district,jaipur,4226231
rajasthan,2021,2,district,alwar,1273307
rajasthan,2021,2,district,jodhpur,1114131
rajasthan,2021,2,district,sikar,826855
rajasthan,2021,2,district,ajmer,776294
rajasthan,2021,2,district,nagaur,726871
rajasthan,2021,2,district,kota,722793
rajasthan,2021,2,district,bhilwara,701929
rajasthan,2021,2,district,udaipur,664816
rajasthan,2021,2,district,jhunjhunu,611825
rajasthan,2021,2,pincode,302012,312285
rajasthan,2021,2,pincode,311001,227209
rajasthan,2021,2,pincode,302029,223910
rajasthan,2021,2,pincode,302020,204686
rajasthan,2021,2,pincode,302001,192943
rajasthan,2021,2,pincode,301001,190560
rajasthan,2021,2,pincode,334001,189777
rajasthan,2021,2,pincode,313001,188708
rajasthan,2021,2,pincode,302015,177498
rajasthan,2021,2,pincode,302017,174826
rajasthan,2021,3,district,jaipur,4534297
rajasthan,2021,3,district,alwar,1374586
rajasthan,2021,3,district,jodhpur,1202937
rajasthan,2021,3,district,sikar,892015
rajasthan,2021,3,district,ajmer,835375
rajasthan,2021,3,district,nagaur,787565
rajasthan,2021,3,district,kota,777099
rajasthan,2021,3,district,bhilwara,760232
rajasthan,2021,3,district,udaipur,716657
rajasthan,2021,3,district,jhunjhunu,660246
rajasthan,2021,3,pincode,302012,335006
rajasthan,2021,3,pincode,311001,244096
rajasthan,2021,3,pincode,302029,240131
rajasthan,2021,3,pincode,302020,218927
rajasthan,2021,3,pincode,302001,206038
rajasthan,2021,3,pincode,301001,204447
rajasthan,2021,3,pincode,334001,204021
rajasthan,2021,3,pincode,313001,202038
rajasthan,2021,3,pincode,302015,189635
rajasthan,2021,3,pincode,302017,186862
rajasthan,2021,4,district,jaipur,4841883
rajasthan,2021,4,district,alwar,1474129
rajasthan,2021,4,district,jodhpur,1288773
rajasthan,2021,4,district,sikar,955025
rajasthan,2021,4,district,ajmer,892912
rajasthan,2021,4,district,nagaur,845508
rajasthan,2021,4,district,kota,831250
rajasthan,2021,4,district,bhilwara,816969
rajasthan,2021,4,district,udaipur,767224
rajasthan,2021,4,district,jhunjhunu,706897
rajasthan,2021,4,pincode,302012,357814
rajasthan,2021,4,pincode,311001,261008
rajasthan,2021,4,pincode,302029,256592
rajasthan,2021,4,pincode,302020,233202
rajasthan,2021,4,pincode,302001,219208
rajasthan,2021,4,pincode,301001,218321
rajasthan,2021,4,pincode,334001,218086
rajasthan,2021,4,pincode,313001,215569
rajasthan,2021,4,pincode,302015,201866
rajasthan,2021,4,pincode,302017,199101
rajasthan,2020,1,district,jaipur,2966508
rajasthan,2020,1,district,alwar,825297
rajasthan,2020,1,district,jodhpur,695569
rajasthan,2020,1,district,sikar,522371
rajasthan,2020,1,district,kota,483202
rajasthan,2020,1,district,ajmer,482545
rajasthan,2020,1,district,bhilwara,442746
rajasthan,2020,1,district,nagaur,437492
rajasthan,2020,1,district,udaipur,422167
rajasthan,2020,1,district,jhunjhunu,386643
rajasthan,2020,1,pincode,302012,217583
rajasthan,2020,1,pincode,302029,158044
rajasthan,2020,1,pincode,311001,157136
rajasthan,2020,1,pincode,302020,149472
rajasthan,2020,1,pincode,302001,139859
rajasthan,2020,1,pincode,302015,133707
rajasthan,2020,1,pincode,301001,133372
rajasthan,2020,1,pincode,302017,129853
rajasthan,2020,1,pincode,313001,127121
rajasthan,2020,1,pincode,334001,123837
rajasthan,2020,2,district,jaipur,3182014
rajasthan,2020,2,district,alwar,915475
rajasthan,2020,2,district,jodhpur,786584
rajasthan,2020,2,district,sikar,589850
rajasthan,2020,2,district,ajmer,543273
rajasthan,2020,2,district,kota,529843
rajasthan,2020,2,district,nagaur,507139
rajasthan,2020,2,district,bhilwara,494563
rajasthan,2020,2,district,udaipur,470976
rajasthan,2020,2,district,jhunjhunu,438673
rajasthan,2020,2,pincode,302012,233663
rajasthan,2020,2,pincode,311001,169810
rajasthan,2020,2,pincode,302029,168150
rajasthan,2020,2,pincode,302020,157169
rajasthan,2020,2,pincode,302001,149077
rajasthan,2020,2,pincode,301001,143723
rajasthan,2020,2,pincode,302015,139198
rajasthan,2020,2,pincode,313001,138209
rajasthan,2020,2,pincode,334001,136562
rajasthan,2020,2,pincode,302017,136122
rajasthan,2020,3,district,jaipur,3433167
rajasthan,2020,3,district,alwar,1008033
rajasthan,2020,3,district,jodhpur,870849
rajasthan,2020,3,district,sikar,652190
rajasthan,2020,3,district,ajmer,605298
rajasthan,2020,3,district,kota,577117
rajasthan,2020,3,district,nagaur,564788
rajasthan,2020,3,district,bhilwara,548564
rajasthan,2020,3,district,udaipur,522695
rajasthan,2020,3,district,jhunjhunu,484411
rajasthan,2020,3,pincode,302012,253003
rajasthan,2020,3,pincode,311001,183544
rajasthan,2020,3,pincode,302029,181754
rajasthan,2020,3,pincode,302020,168113
rajasthan,2020,3,pincode,302001,159231
rajasthan,2020,3,pincode,301001,154881
rajasthan,2020,3,pincode,313001,151034
rajasthan,2020,3,pincode,334001,149863
rajasthan,2020,3,pincode,302015,147454
rajasthan,2020,3,pincode,302017,144656
rajasthan,2020,4,district,jaipur,3679874
rajasthan,2020,4,district,alwar,1096436
rajasthan,2020,4,district,jodhpur,956422
rajasthan,2020,4,district,sikar,712668
rajasthan,2020,4,district,ajmer,667786
rajasthan,2020,4,district,kota,625674
rajasthan,2020,4,district,nagaur,621602
rajasthan,2020,4,district,bhilwara,600492
rajasthan,2020,4,district,udaipur,572833
rajasthan,2020,4,district,jhunjhunu,527749
rajasthan,2020,4,pincode,302012,271971
rajasthan,2020,4,pincode,311001,197187
rajasthan,2020,4,pincode,302029,194929
rajasthan,2020,4,pincode,302020,179165
rajasthan,2020,4,pincode,302001,169285
rajasthan,2020,4,pincode,301001,165747
rajasthan,2020,4,pincode,313001,164021
rajasthan,2020,4,pincode,334001,163859
rajasthan,2020,4,pincode,302015,155888
rajasthan,2020,4,pincode,302017,153346
rajasthan,2018,1,district,jaipur,900773
rajasthan,2018,1,district,alwar,203096
rajasthan,2018,1,district,jodhpur,172648
rajasthan,2018,1,district,kota,141411
rajasthan,2018,1,district,sikar,133983
rajasthan,2018,1,district,ajmer,118458
rajasthan,2018,1,district,udaipur,111919
rajasthan,2018,1,district,bhilwara,111753
rajasthan,2018,1,district,nagaur,101581
rajasthan,2018,1,district,jhunjhunu,98912
rajasthan,2018,1,pincode,302012,68098
rajasthan,2018,1,pincode,302020,50344
rajasthan,2018,1,pincode,302029,49859
rajasthan,2018,1,pincode,302015,47908
rajasthan,2018,1,pincode,311001,46853
rajasthan,2018,1,pincode,302017,45661
rajasthan,2018,1,pincode,301001,39681
rajasthan,2018,1,pincode,302001,39025
rajasthan,2018,1,pincode,335001,36679
rajasthan,2018,1,pincode,313001,36182
rajasthan,2018,2,district,jaipur,1182983
rajasthan,2018,2,district,alwar,275869
rajasthan,2018,2,district,jodhpur,229215
rajasthan,2018,2,district,kota,184759
rajasthan,2018,2,district,sikar,178308
rajasthan,2018,2,district,ajmer,157947
rajasthan,2018,2,district,bhilwara,149055
rajasthan,2018,2,district,udaipur,146348
rajasthan,2018,2,district,nagaur,138240
rajasthan,2018,2,district,jhunjhunu,134221
rajasthan,2018,2,pincode,302012,89071
rajasthan,2018,2,pincode,302020,65233
rajasthan,2018,2,pincode,302029,64493
rajasthan,2018,2,pincode,311001,61741
rajasthan,2018,2,pincode,302015,61369
rajasthan,2018,2,pincode,302017,58627
rajasthan,2018,2,pincode,301001,52321
rajasthan,2018,2,pincode,302001,51641
rajasthan,2018,2,pincode,335001,48196
rajasthan,2018,2,pincode,313001,46898
rajasthan,2018,3,district,jaipur,1438305
rajasthan,2018,3,district,alwar,345018
rajasthan,2018,3,district,jodhpur,278965
rajasthan,2018,3,district,kota,218406
rajasthan,2018,3,district,sikar,216465
rajasthan,2018,3,district,ajmer,193489
rajasthan,2018,3,district,bhilwara,184376
rajasthan,2018,3,district,udaipur,176698
rajasthan,2018,3,district,nagaur,170749
rajasthan,2018,3,district,jhunjhunu,162942
rajasthan,2018,3,pincode,302012,107088
rajasthan,2018,3,pincode,302020,79083
rajasthan,2018,3,pincode,302029,77899
rajasthan,2018,3,pincode,302015,73697
rajasthan,2018,3,pincode,311001,73337
rajasthan,2018,3,pincode,302017,70843
rajasthan,2018,3,pincode,301001,62988
rajasthan,2018,3,pincode,302001,62534
rajasthan,2018,3,pincode,335001,57250
rajasthan,2018,3,pincode,302013,55784
rajasthan,2018,4,district,jaipur,1733893
rajasthan,2018,4,district,alwar,426052
rajasthan,2018,4,district,jodhpur,352924
rajasthan,2018,4,district,kota,263264
rajasthan,2018,4,district,sikar,262310
rajasthan,2018,4,district,ajmer,237037
rajasthan,2018,4,district,bhilwara,225409
rajasthan,2018,4,district,udaipur,216089
rajasthan,2018,4,district,nagaur,210067
rajasthan,2018,4,district,jhunjhunu,196607
rajasthan,2018,4,pincode,302012,128747
rajasthan,2018,4,pincode,302020,94293
rajasthan,2018,4,pincode,302029,93316
rajasthan,2018,4,pincode,302015,87634
rajasthan,2018,4,pincode,311001,87612
rajasthan,2018,4,pincode,302017,84185
rajasthan,2018,4,pincode,301001,75902
rajasthan,2018,4,pincode,302001,75261
rajasthan,2018,4,pincode,335001,70925
rajasthan,2018,4,pincode,302013,67335
andhra-pradesh,2022,1,district,visakhapatnam,3061324
andhra-pradesh,2022,1,district,east godavari,2432305
andhra-pradesh,2022,1,district,krishna,2423373
andhra-pradesh,2022,1,district,guntur,2387051
andhra-pradesh,2022,1,district,chittoor,2270705
andhra-pradesh,2022,1,district,anantapur,1827094
andhra-pradesh,2022,1,district,kurnool,1729513
andhra-pradesh,2022,1,district,west godavari,1626039
andhra-pradesh,2022,1,district,spsr nellore,1431664
andhra-pradesh,2022,1,district,prakasam,1408929
andhra-pradesh,2022,1,pincode,517501,243791
andhra-pradesh,2022,1,pincode,517507,218905
andhra-pradesh,2022,1,pincode,515001,190203
andhra-pradesh,2022,1,pincode,530016,185094
andhra-pradesh,2022,1,pincode,518002,180102
andhra-pradesh,2022,1,pincode,516001,179007
andhra-pradesh,2022,1,pincode,516360,162263
andhra-pradesh,2022,1,pincode,524002,151939
andhra-pradesh,2022,1,pincode,530026,145842
andhra-pradesh,2022,1,pincode,520010,143308
andhra-pradesh,2022,2,district,visakhapatnam,3226029
andhra-pradesh,2022,2,district,east godavari,2564165
andhra-pradesh,2022,2,district,krishna,2552107
andhra-pradesh,2022,2,district,guntur,2514794
andhra-pradesh,2022,2,district,chittoor,2392549
andhra-pradesh,2022,2,district,anantapur,1928213
andhra-pradesh,2022,2,district,kurnool,1825280
andhra-pradesh,2022,2,district,west godavari,1714357
andhra-pradesh,2022,2,district,spsr nellore,1509927
andhra-pradesh,2022,2,district,prakasam,1487589
andhra-pradesh,2022,2,pincode,517501,256290
andhra-pradesh,2022,2,pincode,517507,229983
andhra-pradesh,2022,2,pincode,515001,200266
andhra-pradesh,2022,2,pincode,530016,194513
andhra-pradesh,2022,2,pincode,518002,189505
andhra-pradesh,2022,2,pincode,516001,188295
andhra-pradesh,2022,2,pincode,516360,170855
andhra-pradesh,2022,2,pincode,524002,159834
andhra-pradesh,2022,2,pincode,530026,153586
andhra-pradesh,2022,2,pincode,520010,150546
andhra-pradesh,2022,3,district,visakhapatnam,3397514
andhra-pradesh,2022,3,district,east godavari,2702234
andhra-pradesh,2022,3,district,krishna,2685215
andhra-pradesh,2022,3,district,guntur,2647100
andhra-pradesh,2022,3,district,chittoor,2517657
andhra-pradesh,2022,3,district,anantapur,2030824
andhra-pradesh,2022,3,district,kurnool,1924127
andhra-pradesh,2022,3,district,west godavari,1805967
andhra-pradesh,2022,3,district,spsr nellore,1588875
andhra-pradesh,2022,3,district,prakasam,1567520
andhra-pradesh,2022,3,pincode,517501,269370
andhra-pradesh,2022,3,pincode,517507,241720
andhra-pradesh,2022,3,pincode,515001,210661
andhra-pradesh,2022,3,pincode,530016,204230
andhra-pradesh,2022,3,pincode,518002,199354
andhra-pradesh,2022,3,pincode,516001,197910
andhra-pradesh,2022,3,pincode,516360,179806
andhra-pradesh,2022,3,pincode,524002,168015
andhra-pradesh,2022,3,pincode,530026,161715
andhra-pradesh,2022,3,pincode,520010,158071
andhra-pradesh,2022,4,district,visakhapatnam,3566854
andhra-pradesh,2022,4,district,east godavari,2835087
andhra-pradesh,2022,4,district,krishna,2813645
andhra-pradesh,2022,4,district,guntur,2774365
andhra-pradesh,2022,4,district,chittoor,2636036
andhra-pradesh,2022,4,district,anantapur,2128066
andhra-pradesh,2022,4,district,kurnool,2018290
andhra-pradesh,2022,4,district,west godavari,1893310
andhra-pradesh,2022,4,district,spsr nellore,1663684
andhra-pradesh,2022,4,district,prakasam,1642503
andhra-pradesh,2022,4,pincode,517501,282766
andhra-pradesh,2022,4,pincode,517507,253314
andhra-pradesh,2022,4,pincode,515001,221328
andhra-pradesh,2022,4,pincode,530016,214155
andhra-pradesh,2022,4,pincode,518002,209376
andhra-pradesh,2022,4,pincode,516001,207725
andhra-pradesh,2022,4,pincode,516360,188768
andhra-pradesh,2022,4,pincode,524002,176415
andhra-pradesh,2022,4,pincode,530026,169957
andhra-pradesh,2022,4,pincode,520010,165734
andhra-pradesh,2024,1,district,visakhapatnam,4349723
andhra-pradesh,2024,1,district,east godavari,3465605
andhra-pradesh,2024,1,district,krishna,3423998
andhra-pradesh,2024,1,district,guntur,3382454
andhra-pradesh,2024,1,district,chittoor,3214678
andhra-pradesh,2024,1,district,anantapur,2619335
andhra-pradesh,2024,1,district,kurnool,2484451
andhra-pradesh,2024,1,district,west godavari,2319971
andhra-pradesh,2024,1,district,spsr nellore,2037823
andhra-pradesh,2024,1,district,prakasam,2022873
andhra-pradesh,2024,1,pincode,517501,341202
andhra-pradesh,2024,1,pincode,517507,305041
andhra-pradesh,2024,1,pincode,515001,268309
andhra-pradesh,2024,1,pincode,530016,257668
andhra-pradesh,2024,1,pincode,518002,253903
andhra-pradesh,2024,1,pincode,516001,251394
andhra-pradesh,2024,1,pincode,516360,229802
andhra-pradesh,2024,1,pincode,524002,213525
andhra-pradesh,2024,1,pincode,530026,206906
andhra-pradesh,2024,1,pincode,520001,200608
andhra-pradesh,2024,2,district,visakhapatnam,4515738
andhra-pradesh,2024,2,district,east godavari,3597667
andhra-pradesh,2024,2,district,krishna,3552494
andhra-pradesh,2024,2,district,guntur,3508719
andhra-pradesh,2024,2,district,chittoor,3335024
andhra-pradesh,2024,2,district,anantapur,2720387
andhra-pradesh,2024,2,district,kurnool,2580812
andhra-pradesh,2024,2,district,west godavari,2409237
andhra-pradesh,2024,2,district,spsr nellore,2114324
andhra-pradesh,2024,2,district,prakasam,2099814
andhra-pradesh,2024,2,pincode,517501,353573
andhra-pradesh,2024,2,pincode,517507,316010
andhra-pradesh,2024,2,pincode,515001,278162
andhra-pradesh,2024,2,pincode,530016,266985
andhra-pradesh,2024,2,pincode,518002,263336
andhra-pradesh,2024,2,pincode,516001,260257
andhra-pradesh,2024,2,pincode,516360,238191
andhra-pradesh,2024,2,pincode,524002,221215
andhra-pradesh,2024,2,pincode,530026,214840
andhra-pradesh,2024,2,pincode,520001,207237
andhra-pradesh,2024,3,district,visakhapatnam,2487971
andhra-pradesh,2024,3,district,ntr,1953695
andhra-pradesh,2024,3,district,tirupati,1870882
andhra-pradesh,2024,3,district,guntur,1695537
andhra-pradesh,2024,3,district,sri potti sriramulu nellore,1446214
andhra-pradesh,2024,3,district,ananthapuramu,1320379
andhra-pradesh,2024,3,district,kakinada,1293864
andhra-pradesh,2024,3,district,ysr,1209820
andhra-pradesh,2024,3,district,kurnool,1209238
andhra-pradesh,2024,3,district,east godavari,1167720
andhra-pradesh,2024,3,pincode,517501,402860
andhra-pradesh,2024,3,pincode,516001,230123
andhra-pradesh,2024,3,pincode,518002,216907
andhra-pradesh,2024,3,pincode,515001,200693
andhra-pradesh,2024,3,pincode,520003,195988
andhra-pradesh,2024,3,pincode,524002,193508
andhra-pradesh,2024,3,pincode,516360,190164
andhra-pradesh,2024,3,pincode,520007,190077
andhra-pradesh,2024,3,pincode,530016,188363
andhra-pradesh,2024,3,pincode,520010,187871
andhra-pradesh,2024,4,district,visakhapatnam,2566650
andhra-pradesh,2024,4,district,ntr,2010922
andhra-pradesh,2024,4,district,tirupati,1927263
andhra-pradesh,2024,4,district,guntur,1749346
andhra-pradesh,2024,4,district,sri potti sriramulu nellore,1485904
andhra-pradesh,2024,4,district,ananthapuramu,1358486
andhra-pradesh,2024,4,district,kakinada,1333623
andhra-pradesh,2024,4,district,kurnool,1243710
andhra-pradesh,2024,4,district,ysr,1242179
andhra-pradesh,2024,4,district,east godavari,1202680
andhra-pradesh,2024,4,pincode,517501,418271
andhra-pradesh,2024,4,pincode,516001,237781
andhra-pradesh,2024,4,pincode,518002,224333
andhra-pradesh,2024,4,pincode,515001,207830
andhra-pradesh,2024,4,pincode,520003,202231
andhra-pradesh,2024,4,pincode,524002,198741
andhra-pradesh,2024,4,pincode,520007,196902
andhra-pradesh,2024,4,pincode,530016,195477
andhra-pradesh,2024,4,pincode,516360,194634
andhra-pradesh,2024,4,pincode,520010,194233
andhra-pradesh,2023,1,district,visakhapatnam,3732544
andhra-pradesh,2023,1,district,east godavari,2965296
andhra-pradesh,2023,1,district,krishna,2941585
andhra-pradesh,2023,1,district,guntur,2900895
andhra-pradesh,2023,1,district,chittoor,2755784
andhra-pradesh,2023,1,district,anantapur,2228505
andhra-pradesh,2023,1,district,kurnool,2114023
andhra-pradesh,2023,1,district,west godavari,1980446
andhra-pradesh,2023,1,district,spsr nellore,1740294
andhra-pradesh,2023,1,district,prakasam,1719910
andhra-pradesh,2023,1,pincode,517501,295420
andhra-pradesh,2023,1,pincode,517507,264456
andhra-pradesh,2023,1,pincode,515001,231542
andhra-pradesh,2023,1,pincode,530016,223726
andhra-pradesh,2023,1,pincode,518002,219100
andhra-pradesh,2023,1,pincode,516001,217104
andhra-pradesh,2023,1,pincode,516360,197437
andhra-pradesh,2023,1,pincode,524002,184419
andhra-pradesh,2023,1,pincode,530026,177985
andhra-pradesh,2023,1,pincode,520010,173156
andhra-pradesh,2023,2,district,visakhapatnam,3877504
andhra-pradesh,2023,2,district,east godavari,3082893
andhra-pradesh,2023,2,district,krishna,3054956
andhra-pradesh,2023,2,district,guntur,3014655
andhra-pradesh,2023,2,district,chittoor,2865250
andhra-pradesh,2023,2,district,anantapur,2323796
andhra-pradesh,2023,2,district,kurnool,2202517
andhra-pradesh,2023,2,district,west godavari,2059880
andhra-pradesh,2023,2,district,spsr nellore,1811781
andhra-pradesh,2023,2,district,prakasam,1792637
andhra-pradesh,2023,2,pincode,517501,306201
andhra-pradesh,2023,2,pincode,517507,273955
andhra-pradesh,2023,2,pincode,515001,240176
andhra-pradesh,2023,2,pincode,530016,231775
andhra-pradesh,2023,2,pincode,518002,227292
andhra-pradesh,2023,2,pincode,516001,225126
andhra-pradesh,2023,2,pincode,516360,204900
andhra-pradesh,2023,2,pincode,524002,191332
andhra-pradesh,2023,2,pincode,530026,184561
andhra-pradesh,2023,2,pincode,520001,179439
andhra-pradesh,2023,3,district,visakhapatnam,4035323
andhra-pradesh,2023,3,district,east godavari,3211557
andhra-pradesh,2023,3,district,krishna,3177643
andhra-pradesh,2023,3,district,guntur,3137289
andhra-pradesh,2023,3,district,chittoor,2981337
andhra-pradesh,2023,3,district,anantapur,2421293
andhra-pradesh,2023,3,district,kurnool,2295754
andhra-pradesh,2023,3,district,west godavari,2146530
andhra-pradesh,2023,3,district,spsr nellore,1887005
andhra-pradesh,2023,3,district,prakasam,1868997
andhra-pradesh,2023,3,pincode,517501,317981
andhra-pradesh,2023,3,pincode,517507,284487
andhra-pradesh,2023,3,pincode,515001,249655
andhra-pradesh,2023,3,pincode,530016,240480
andhra-pradesh,2023,3,pincode,518002,236199
andhra-pradesh,2023,3,pincode,516001,233874
andhra-pradesh,2023,3,pincode,516360,213165
andhra-pradesh,2023,3,pincode,524002,198528
andhra-pradesh,2023,3,pincode,530026,192066
andhra-pradesh,2023,3,pincode,520001,186511
andhra-pradesh,2023,4,district,visakhapatnam,4180797
andhra-pradesh,2023,4,district,east godavari,3329036
andhra-pradesh,2023,4,district,krishna,3291814
andhra-pradesh,2023,4,district,guntur,3251121
andhra-pradesh,2023,4,district,chittoor,3089391
andhra-pradesh,2023,4,district,anantapur,2512744
andhra-pradesh,2023,4,district,kurnool,2383042
andhra-pradesh,2023,4,district,west godavari,2227243
andhra-pradesh,2023,4,district,spsr nellore,1956706
andhra-pradesh,2023,4,district,prakasam,1939979
andhra-pradesh,2023,4,pincode,517501,328762
andhra-pradesh,2023,4,pincode,517507,293894
andhra-pradesh,2023,4,pincode,515001,258235
andhra-pradesh,2023,4,pincode,530016,248401
andhra-pradesh,2023,4,pincode,518002,244371
andhra-pradesh,2023,4,pincode,516001,242054
andhra-pradesh,2023,4,pincode,516360,220919
andhra-pradesh,2023,4,pincode,524002,205559
andhra-pradesh,2023,4,pincode,530026,198977
andhra-pradesh,2023,4,pincode,520001,192934
andhra-pradesh,2019,1,district,visakhapatnam,1174517
andhra-pradesh,2019,1,district,east godavari,839277
andhra-pradesh,2019,1,district,krishna,833694
andhra-pradesh,2019,1,district,chittoor,812314
andhra-pradesh,2019,1,district,guntur,802394
andhra-pradesh,2019,1,district,anantapur,612162
andhra-pradesh,2019,1,district,kurnool,599422
andhra-pradesh,2019,1,district,west godavari,523372
andhra-pradesh,2019,1,district,spsr nellore,491908
andhra-pradesh,2019,1,district,prakasam,474260
andhra-pradesh,2019,1,pincode,517501,100561
andhra-pradesh,2019,1,pincode,517507,85980
andhra-pradesh,2019,1,pincode,530016,77790
andhra-pradesh,2019,1,pincode,515001,75171
andhra-pradesh,2019,1,pincode,516001,68514
andhra-pradesh,2019,1,pincode,518002,66689
andhra-pradesh,2019,1,pincode,530026,61623
andhra-pradesh,2019,1,pincode,516360,60798
andhra-pradesh,2019,1,pincode,520010,59055
andhra-pradesh,2019,1,pincode,524002,55931
andhra-pradesh,2019,2,district,visakhapatnam,1318740
andhra-pradesh,2019,2,district,krishna,952300
andhra-pradesh,2019,2,district,east godavari,945181
andhra-pradesh,2019,2,district,chittoor,925491
andhra-pradesh,2019,2,district,guntur,915256
andhra-pradesh,2019,2,district,anantapur,695114
andhra-pradesh,2019,2,district,kurnool,680118
andhra-pradesh,2019,2,district,west godavari,592185
andhra-pradesh,2019,2,district,spsr nellore,558303
andhra-pradesh,2019,2,district,prakasam,539462
andhra-pradesh,2019,2,pincode,517501,113033
andhra-pradesh,2019,2,pincode,517507,97534
andhra-pradesh,2019,2,pincode,530016,87556
andhra-pradesh,2019,2,pincode,515001,84157
andhra-pradesh,2019,2,pincode,516001,76617
andhra-pradesh,2019,2,pincode,518002,75952
andhra-pradesh,2019,2,pincode,530026,68283
andhra-pradesh,2019,2,pincode,516360,66885
andhra-pradesh,2019,2,pincode,520010,66082
andhra-pradesh,2019,2,pincode,524002,62933
andhra-pradesh,2019,3,district,visakhapatnam,1460464
andhra-pradesh,2019,3,district,krishna,1066546
andhra-pradesh,2019,3,district,east godavari,1057167
andhra-pradesh,2019,3,district,chittoor,1032733
andhra-pradesh,2019,3,district,guntur,1026418
andhra-pradesh,2019,3,district,anantapur,773656
andhra-pradesh,2019,3,district,kurnool,755024
andhra-pradesh,2019,3,district,west godavari,662102
andhra-pradesh,2019,3,district,spsr nellore,619592
andhra-pradesh,2019,3,district,prakasam,598568
andhra-pradesh,2019,3,pincode,517501,124727
andhra-pradesh,2019,3,pincode,517507,108199
andhra-pradesh,2019,3,pincode,530016,97323
andhra-pradesh,2019,3,pincode,515001,93191
andhra-pradesh,2019,3,pincode,518002,84918
andhra-pradesh,2019,3,pincode,516001,84693
andhra-pradesh,2019,3,pincode,530026,74501
andhra-pradesh,2019,3,pincode,516360,73267
andhra-pradesh,2019,3,pincode,520010,72722
andhra-pradesh,2019,3,pincode,524002,69783
andhra-pradesh,2019,4,district,visakhapatnam,1620235
andhra-pradesh,2019,4,district,krishna,1199971
andhra-pradesh,2019,4,district,east godavari,1195228
andhra-pradesh,2019,4,district,guntur,1158708
andhra-pradesh,2019,4,district,chittoor,1156351
andhra-pradesh,2019,4,district,anantapur,873033
andhra-pradesh,2019,4,district,kurnool,846885
andhra-pradesh,2019,4,district,west godavari,750078
andhra-pradesh,2019,4,district,spsr nellore,697154
andhra-pradesh,2019,4,district,prakasam,673522
andhra-pradesh,2019,4,pincode,517501,136436
andhra-pradesh,2019,4,pincode,517507,119146
andhra-pradesh,2019,4,pincode,530016,106404
andhra-pradesh,2019,4,pincode,515001,102848
andhra-pradesh,2019,4,pincode,516001,94209
andhra-pradesh,2019,4,pincode,518002,94193
andhra-pradesh,2019,4,pincode,516360,81619
andhra-pradesh,2019,4,pincode,530026,81191
andhra-pradesh,2019,4,pincode,520010,79453
andhra-pradesh,2019,4,pincode,524002,77681
andhra-pradesh,2021,1,district,visakhapatnam,2368081
andhra-pradesh,2021,1,district,east godavari,1878769
andhra-pradesh,2021,1,district,krishna,1876458
andhra-pradesh,2021,1,district,guntur,1843237
andhra-pradesh,2021,1,district,chittoor,1751420
andhra-pradesh,2021,1,district,anantapur,1394849
andhra-pradesh,2021,1,district,kurnool,1323411
andhra-pradesh,2021,1,district,west godavari,1254117
andhra-pradesh,2021,1,district,spsr nellore,1100541
andhra-pradesh,2021,1,district,prakasam,1075936
andhra-pradesh,2021,1,pincode,517501,190712
andhra-pradesh,2021,1,pincode,517507,171417
andhra-pradesh,2021,1,pincode,515001,147941
andhra-pradesh,2021,1,pincode,530016,145206
andhra-pradesh,2021,1,pincode,518002,140153
andhra-pradesh,2021,1,pincode,516001,139840
andhra-pradesh,2021,1,pincode,516360,126260
andhra-pradesh,2021,1,pincode,524002,118730
andhra-pradesh,2021,1,pincode,530026,113581
andhra-pradesh,2021,1,pincode,520010,112324
andhra-pradesh,2021,2,district,visakhapatnam,2526830
andhra-pradesh,2021,2,district,east godavari,2006272
andhra-pradesh,2021,2,district,krishna,2002662
andhra-pradesh,2021,2,district,guntur,1968681
andhra-pradesh,2021,2,district,chittoor,1870723
andhra-pradesh,2021,2,district,anantapur,1492738
andhra-pradesh,2021,2,district,kurnool,1415585
andhra-pradesh,2021,2,district,west godavari,1339377
andhra-pradesh,2021,2,district,spsr nellore,1176334
andhra-pradesh,2021,2,district,prakasam,1151232
andhra-pradesh,2021,2,pincode,517501,203005
andhra-pradesh,2021,2,pincode,517507,182425
andhra-pradesh,2021,2,pincode,515001,157649
andhra-pradesh,2021,2,pincode,530016,154509
andhra-pradesh,2021,2,pincode,518002,149368
andhra-pradesh,2021,2,pincode,516001,148851
andhra-pradesh,2021,2,pincode,516360,134622
andhra-pradesh,2021,2,pincode,524002,126459
andhra-pradesh,2021,2,pincode,530026,120973
andhra-pradesh,2021,2,pincode,520010,119561
andhra-pradesh,2021,3,district,visakhapatnam,2707931
andhra-pradesh,2021,3,district,east godavari,2150622
andhra-pradesh,2021,3,district,krishna,2145423
andhra-pradesh,2021,3,district,guntur,2110878
andhra-pradesh,2021,3,district,chittoor,2007011
andhra-pradesh,2021,3,district,anantapur,1606735
andhra-pradesh,2021,3,district,kurnool,1522196
andhra-pradesh,2021,3,district,west godavari,1436576
andhra-pradesh,2021,3,district,spsr nellore,1263550
andhra-pradesh,2021,3,district,prakasam,1239147
andhra-pradesh,2021,3,pincode,517501,216777
andhra-pradesh,2021,3,pincode,517507,194860
andhra-pradesh,2021,3,pincode,515001,168654
andhra-pradesh,2021,3,pincode,530016,164812
andhra-pradesh,2021,3,pincode,518002,159802
andhra-pradesh,2021,3,pincode,516001,158891
andhra-pradesh,2021,3,pincode,516360,144068
andhra-pradesh,2021,3,pincode,524002,135136
andhra-pradesh,2021,3,pincode,530026,129270
andhra-pradesh,2021,3,pincode,520010,127618
andhra-pradesh,2021,4,district,visakhapatnam,2888774
andhra-pradesh,2021,4,district,east godavari,2294347
andhra-pradesh,2021,4,district,krishna,2288148
andhra-pradesh,2021,4,district,guntur,2252443
andhra-pradesh,2021,4,district,chittoor,2141818
andhra-pradesh,2021,4,district,anantapur,1719437
andhra-pradesh,2021,4,district,kurnool,1628242
andhra-pradesh,2021,4,district,west godavari,1532898
andhra-pradesh,2021,4,district,spsr nellore,1349290
andhra-pradesh,2021,4,district,prakasam,1325728
andhra-pradesh,2021,4,pincode,517501,230688
andhra-pradesh,2021,4,pincode,517507,207174
andhra-pradesh,2021,4,pincode,515001,179763
andhra-pradesh,2021,4,pincode,530016,175300
andhra-pradesh,2021,4,pincode,518002,170267
andhra-pradesh,2021,4,pincode,516001,169158
andhra-pradesh,2021,4,pincode,516360,153381
andhra-pradesh,2021,4,pincode,524002,143764
andhra-pradesh,2021,4,pincode,530026,137812
andhra-pradesh,2021,4,pincode,520010,135719
andhra-pradesh,2020,1,district,visakhapatnam,1763581
andhra-pradesh,2020,1,district,krishna,1331602
andhra-pradesh,2020,1,district,east godavari,1329664
andhra-pradesh,2020,1,district,guntur,1289678
andhra-pradesh,2020,1,district,chittoor,1270907
andhra-pradesh,2020,1,district,anantapur,971850
andhra-pradesh,2020,1,district,kurnool,936293
andhra-pradesh,2020,1,district,west godavari,843835
andhra-pradesh,2020,1,district,spsr nellore,775440
andhra-pradesh,2020,1,district,prakasam,748655
andhra-pradesh,2020,1,pincode,517501,146823
andhra-pradesh,2020,1,pincode,517507,129214
andhra-pradesh,2020,1,pincode,530016,114042
andhra-pradesh,2020,1,pincode,515001,111359
andhra-pradesh,2020,1,pincode,518002,102905
andhra-pradesh,2020,1,pincode,516001,102893
andhra-pradesh,2020,1,pincode,516360,89774
andhra-pradesh,2020,1,pincode,530026,87449
andhra-pradesh,2020,1,pincode,524002,85878
andhra-pradesh,2020,1,pincode,520010,85779
andhra-pradesh,2020,2,district,visakhapatnam,1904719
andhra-pradesh,2020,2,district,east godavari,1459116
andhra-pradesh,2020,2,district,krishna,1459041
andhra-pradesh,2020,2,district,guntur,1426271
andhra-pradesh,2020,2,district,chittoor,1385916
andhra-pradesh,2020,2,district,anantapur,1076953
andhra-pradesh,2020,2,district,kurnool,1035093
andhra-pradesh,2020,2,district,west godavari,944829
andhra-pradesh,2020,2,district,spsr nellore,854459
andhra-pradesh,2020,2,district,prakasam,830709
andhra-pradesh,2020,2,pincode,517501,156221
andhra-pradesh,2020,2,pincode,517507,138735
andhra-pradesh,2020,2,pincode,530016,120621
andhra-pradesh,2020,2,pincode,515001,119223
andhra-pradesh,2020,2,pincode,518002,112673
andhra-pradesh,2020,2,pincode,516001,111898
andhra-pradesh,2020,2,pincode,516360,98803
andhra-pradesh,2020,2,pincode,524002,93834
andhra-pradesh,2020,2,pincode,530026,93224
andhra-pradesh,2020,2,pincode,520010,91299
andhra-pradesh,2020,3,district,visakhapatnam,2058346
andhra-pradesh,2020,3,district,east godavari,1601940
andhra-pradesh,2020,3,district,krishna,1599289
andhra-pradesh,2020,3,district,guntur,1567595
andhra-pradesh,2020,3,district,chittoor,1506503
andhra-pradesh,2020,3,district,anantapur,1186851
andhra-pradesh,2020,3,district,kurnool,1132240
andhra-pradesh,2020,3,district,west godavari,1053674
andhra-pradesh,2020,3,district,spsr nellore,937176
andhra-pradesh,2020,3,district,prakasam,915240
andhra-pradesh,2020,3,pincode,517501,166768
andhra-pradesh,2020,3,pincode,517507,149001
andhra-pradesh,2020,3,pincode,515001,128227
andhra-pradesh,2020,3,pincode,530016,128059
andhra-pradesh,2020,3,pincode,518002,121529
andhra-pradesh,2020,3,pincode,516001,120997
andhra-pradesh,2020,3,pincode,516360,108073
andhra-pradesh,2020,3,pincode,524002,102103
andhra-pradesh,2020,3,pincode,530026,99754
andhra-pradesh,2020,3,pincode,520010,97752
andhra-pradesh,2020,4,district,visakhapatnam,2209658
andhra-pradesh,2020,4,district,east godavari,1746280
andhra-pradesh,2020,4,district,krishna,1744028
andhra-pradesh,2020,4,district,guntur,1712940
andhra-pradesh,2020,4,district,chittoor,1631331
andhra-pradesh,2020,4,district,anantapur,1295872
andhra-pradesh,2020,4,district,kurnool,1230466
andhra-pradesh,2020,4,district,west godavari,1163179
andhra-pradesh,2020,4,district,spsr nellore,1022944
andhra-pradesh,2020,4,district,prakasam,999462
andhra-pradesh,2020,4,pincode,517501,178328
andhra-pradesh,2020,4,pincode,517507,160062
andhra-pradesh,2020,4,pincode,515001,137945
andhra-pradesh,2020,4,pincode,530016,136049
andhra-pradesh,2020,4,pincode,518002,130871
andhra-pradesh,2020,4,pincode,516001,130500
andhra-pradesh,2020,4,pincode,516360,117397
andhra-pradesh,2020,4,pincode,524002,110746
andhra-pradesh,2020,4,pincode,530026,106320
andhra-pradesh,2020,4,pincode,520010,104956
andhra-pradesh,2018,1,district,visakhapatnam,497187
andhra-pradesh,2018,1,district,east godavari,350356
andhra-pradesh,2018,1,district,krishna,323673
andhra-pradesh,2018,1,district,guntur,317065
andhra-pradesh,2018,1,district,chittoor,309541
andhra-pradesh,2018,1,district,anantapur,241192
andhra-pradesh,2018,1,district,kurnool,240133
andhra-pradesh,2018,1,district,west godavari,213335
andhra-pradesh,2018,1,district,spsr nellore,194475
andhra-pradesh,2018,1,district,prakasam,189949
andhra-pradesh,2018,1,pincode,517501,39884
andhra-pradesh,2018,1,pincode,530016,34201
andhra-pradesh,2018,1,pincode,517507,34111
andhra-pradesh,2018,1,pincode,515001,31964
andhra-pradesh,2018,1,pincode,516001,29078
andhra-pradesh,2018,1,pincode,518002,29043
andhra-pradesh,2018,1,pincode,530026,26889
andhra-pradesh,2018,1,pincode,516360,26187
andhra-pradesh,2018,1,pincode,520010,24397
andhra-pradesh,2018,1,pincode,524002,23439
andhra-pradesh,2018,2,district,visakhapatnam,636052
andhra-pradesh,2018,2,district,east godavari,454398
andhra-pradesh,2018,2,district,krishna,431965
andhra-pradesh,2018,2,district,guntur,420326
andhra-pradesh,2018,2,district,chittoor,414306
andhra-pradesh,2018,2,district,anantapur,326383
andhra-pradesh,2018,2,district,kurnool,319313
andhra-pradesh,2018,2,district,west godavari,282393
andhra-pradesh,2018,2,district,spsr nellore,261049
andhra-pradesh,2018,2,district,prakasam,253458
andhra-pradesh,2018,2,pincode,517501,53468
andhra-pradesh,2018,2,pincode,517507,45241
andhra-pradesh,2018,2,pincode,530016,43386
andhra-pradesh,2018,2,pincode,515001,42466
andhra-pradesh,2018,2,pincode,516001,38402
andhra-pradesh,2018,2,pincode,518002,37593
andhra-pradesh,2018,2,pincode,516360,34544
andhra-pradesh,2018,2,pincode,530026,34126
andhra-pradesh,2018,2,pincode,520010,31871
andhra-pradesh,2018,2,pincode,524002,31134
andhra-pradesh,2018,3,district,visakhapatnam,769096
andhra-pradesh,2018,3,district,east godavari,558982
andhra-pradesh,2018,3,district,krishna,537086
andhra-pradesh,2018,3,district,guntur,518931
andhra-pradesh,2018,3,district,chittoor,515727
andhra-pradesh,2018,3,district,anantapur,405855
andhra-pradesh,2018,3,district,kurnool,394311
andhra-pradesh,2018,3,district,west godavari,349782
andhra-pradesh,2018,3,district,spsr nellore,322446
andhra-pradesh,2018,3,district,prakasam,314899
andhra-pradesh,2018,3,pincode,517501,65157
andhra-pradesh,2018,3,pincode,517507,54849
andhra-pradesh,2018,3,pincode,530016,52259
andhra-pradesh,2018,3,pincode,515001,51449
andhra-pradesh,2018,3,pincode,516001,46691
andhra-pradesh,2018,3,pincode,518002,45145
andhra-pradesh,2018,3,pincode,516360,41963
andhra-pradesh,2018,3,pincode,530026,40580
andhra-pradesh,2018,3,pincode,520010,38918
andhra-pradesh,2018,3,pincode,524002,37559
andhra-pradesh,2018,4,district,visakhapatnam,978288
andhra-pradesh,2018,4,district,east godavari,694455
andhra-pradesh,2018,4,district,krishna,682479
andhra-pradesh,2018,4,district,chittoor,665280
andhra-pradesh,2018,4,district,guntur,659552
andhra-pradesh,2018,4,district,anantapur,510892
andhra-pradesh,2018,4,district,kurnool,498582
andhra-pradesh,2018,4,district,west godavari,435668
andhra-pradesh,2018,4,district,spsr nellore,407495
andhra-pradesh,2018,4,district,prakasam,394962
andhra-pradesh,2018,4,pincode,517501,82873
andhra-pradesh,2018,4,pincode,517507,70421
andhra-pradesh,2018,4,pincode,530016,65549
andhra-pradesh,2018,4,pincode,515001,63576
andhra-pradesh,2018,4,pincode,516001,58028
andhra-pradesh,2018,4,pincode,518002,55735
andhra-pradesh,2018,4,pincode,516360,52058
andhra-pradesh,2018,4,pincode,530026,51900
andhra-pradesh,2018,4,pincode,520010,48991
andhra-pradesh,2018,4,pincode,524002,46616
chandigarh,2022,1,district,chandigarh,541549
chandigarh,2022,1,pincode,160101,76960
chandigarh,2022,1,pincode,160002,66680
chandigarh,2022,1,pincode,160036,57265
chandigarh,2022,1,pincode,160047,54598
chandigarh,2022,1,pincode,160022,41445
chandigarh,2022,1,pincode,160014,39045
chandigarh,2022,1,pincode,160015,19940
chandigarh,2022,1,pincode,160030,19799
chandigarh,2022,1,pincode,160011,19085
chandigarh,2022,1,pincode,160019,18943
chandigarh,2022,2,district,chandigarh,569582
chandigarh,2022,2,pincode,160101,81030
chandigarh,2022,2,pincode,160002,70202
chandigarh,2022,2,pincode,160036,60207
chandigarh,2022,2,pincode,160047,57439
chandigarh,2022,2,pincode,160022,43479
chandigarh,2022,2,pincode,160014,41121
chandigarh,2022,2,pincode,160015,20944
chandigarh,2022,2,pincode,160030,20822
chandigarh,2022,2,pincode,160011,20043
chandigarh,2022,2,pincode,160019,19907
chandigarh,2022,3,district,chandigarh,598698
chandigarh,2022,3,pincode,160101,85368
chandigarh,2022,3,pincode,160002,73870
chandigarh,2022,3,pincode,160036,63231
chandigarh,2022,3,pincode,160047,60295
chandigarh,2022,3,pincode,160022,45609
chandigarh,2022,3,pincode,160014,43314
chandigarh,2022,3,pincode,160015,21953
chandigarh,2022,3,pincode,160030,21889
chandigarh,2022,3,pincode,160011,21003
chandigarh,2022,3,pincode,160019,20886
chandigarh,2022,4,district,chandigarh,627563
chandigarh,2022,4,pincode,160101,89650
chandigarh,2022,4,pincode,160002,77592
chandigarh,2022,4,pincode,160036,66174
chandigarh,2022,4,pincode,160047,63191
chandigarh,2022,4,pincode,160022,47654
chandigarh,2022,4,pincode,160014,45488
chandigarh,2022,4,pincode,160015,22959
chandigarh,2022,4,pincode,160030,22922
chandigarh,2022,4,pincode,160011,22005
chandigarh,2022,4,pincode,160019,21875
chandigarh,2024,1,district,chandigarh,754849
chandigarh,2024,1,pincode,160101,108400
chandigarh,2024,1,pincode,160002,93969
chandigarh,2024,1,pincode,160036,79333
chandigarh,2024,1,pincode,160047,75839
chandigarh,2024,1,pincode,160022,56817
chandigarh,2024,1,pincode,160014,55250
chandigarh,2024,1,pincode,160030,27601
chandigarh,2024,1,pincode,160015,27324
chandigarh,2024,1,pincode,160025,26283
chandigarh,2024,1,pincode,160011,26252
chandigarh,2024,2,district,chandigarh,782791
chandigarh,2024,2,pincode,160101,112604
chandigarh,2024,2,pincode,160002,97548
chandigarh,2024,2,pincode,160036,82254
chandigarh,2024,2,pincode,160047,78596
chandigarh,2024,2,pincode,160022,58814
chandigarh,2024,2,pincode,160014,57409
chandigarh,2024,2,pincode,160030,28626
chandigarh,2024,2,pincode,160015,28274
chandigarh,2024,2,pincode,160025,27261
chandigarh,2024,2,pincode,160011,27168
chandigarh,2024,3,district,chandigarh,700398
chandigarh,2024,3,pincode,160101,113514
chandigarh,2024,3,pincode,160002,87935
chandigarh,2024,3,pincode,160047,76832
chandigarh,2024,3,pincode,160036,72088
chandigarh,2024,3,pincode,160022,51760
chandigarh,2024,3,pincode,160014,50428
chandigarh,2024,3,pincode,160019,29678
chandigarh,2024,3,pincode,160025,29175
chandigarh,2024,3,pincode,160015,25261
chandigarh,2024,3,pincode,160020,20594
chandigarh,2024,4,district,chandigarh,721216
chandigarh,2024,4,pincode,160101,117061
chandigarh,2024,4,pincode,160002,90211
chandigarh,2024,4,pincode,160047,79086
chandigarh,2024,4,pincode,160036,73988
chandigarh,2024,4,pincode,160022,53201
chandigarh,2024,4,pincode,160014,51928
chandigarh,2024,4,pincode,160019,30557
chandigarh,2024,4,pincode,160025,30057
chandigarh,2024,4,pincode,160015,26300
chandigarh,2024,4,pincode,160020,21240
chandigarh,2023,1,district,chandigarh,654522
chandigarh,2023,1,pincode,160101,93655
chandigarh,2023,1,pincode,160002,81021
chandigarh,2023,1,pincode,160036,68977
chandigarh,2023,1,pincode,160047,65836
chandigarh,2023,1,pincode,160022,49605
chandigarh,2023,1,pincode,160014,47548
chandigarh,2023,1,pincode,160030,23910
chandigarh,2023,1,pincode,160015,23885
chandigarh,2023,1,pincode,160011,22909
chandigarh,2023,1,pincode,160019,22767
chandigarh,2023,2,district,chandigarh,678662
chandigarh,2023,2,pincode,160101,97213
chandigarh,2023,2,pincode,160002,84151
chandigarh,2023,2,pincode,160036,71473
chandigarh,2023,2,pincode,160047,68217
chandigarh,2023,2,pincode,160022,51332
chandigarh,2023,2,pincode,160014,49435
chandigarh,2023,2,pincode,160030,24769
chandigarh,2023,2,pincode,160015,24711
chandigarh,2023,2,pincode,160011,23730
chandigarh,2023,2,pincode,160019,23569
chandigarh,2023,3,district,chandigarh,704144
chandigarh,2023,3,pincode,160101,100857
chandigarh,2023,3,pincode,160002,87417
chandigarh,2023,3,pincode,160036,74155
chandigarh,2023,3,pincode,160047,70803
chandigarh,2023,3,pincode,160022,53191
chandigarh,2023,3,pincode,160014,51386
chandigarh,2023,3,pincode,160030,25743
chandigarh,2023,3,pincode,160015,25596
chandigarh,2023,3,pincode,160011,24560
chandigarh,2023,3,pincode,160025,24439
chandigarh,2023,4,district,chandigarh,727594
chandigarh,2023,4,pincode,160101,104350
chandigarh,2023,4,pincode,160002,90463
chandigarh,2023,4,pincode,160036,76529
chandigarh,2023,4,pincode,160047,73128
chandigarh,2023,4,pincode,160022,54824
chandigarh,2023,4,pincode,160014,53225
chandigarh,2023,4,pincode,160030,26584
chandigarh,2023,4,pincode,160015,26399
chandigarh,2023,4,pincode,160011,25331
chandigarh,2023,4,pincode,160025,25291
chandigarh,2019,1,district,chandigarh,209175
chandigarh,2019,1,pincode,160101,29177
chandigarh,2019,1,pincode,160002,25286
chandigarh,2019,1,pincode,160036,22093
chandigarh,2019,1,pincode,160047,20696
chandigarh,2019,1,pincode,160022,17171
chandigarh,2019,1,pincode,160014,13548
chandigarh,2019,1,pincode,160015,8582
chandigarh,2019,1,pincode,160030,8239
chandigarh,2019,1,pincode,160019,7885
chandigarh,2019,1,pincode,160020,7361
chandigarh,2019,2,district,chandigarh,240439
chandigarh,2019,2,pincode,160101,33226
chandigarh,2019,2,pincode,160002,28840
chandigarh,2019,2,pincode,160036,25318
chandigarh,2019,2,pincode,160047,23915
chandigarh,2019,2,pincode,160022,19707
chandigarh,2019,2,pincode,160014,15583
chandigarh,2019,2,pincode,160015,9647
chandigarh,2019,2,pincode,160030,9337
chandigarh,2019,2,pincode,160011,8964
chandigarh,2019,2,pincode,160019,8898
chandigarh,2019,3,district,chandigarh,267337
chandigarh,2019,3,pincode,160101,36777
chandigarh,2019,3,pincode,160002,31994
chandigarh,2019,3,pincode,160036,28167
chandigarh,2019,3,pincode,160047,26498
chandigarh,2019,3,pincode,160022,21892
chandigarh,2019,3,pincode,160014,17435
chandigarh,2019,3,pincode,160011,10735
chandigarh,2019,3,pincode,160015,10628
chandigarh,2019,3,pincode,160030,10239
chandigarh,2019,3,pincode,160019,9821
chandigarh,2019,4,district,chandigarh,289590
chandigarh,2019,4,pincode,160101,39986
chandigarh,2019,4,pincode,160002,34899
chandigarh,2019,4,pincode,160036,30449
chandigarh,2019,4,pincode,160047,28715
chandigarh,2019,4,pincode,160022,23574
chandigarh,2019,4,pincode,160014,19040
chandigarh,2019,4,pincode,160011,11692
chandigarh,2019,4,pincode,160015,11476
chandigarh,2019,4,pincode,160030,10959
chandigarh,2019,4,pincode,160019,10540
chandigarh,2021,1,district,chandigarh,419998
chandigarh,2021,1,pincode,160101,59366
chandigarh,2021,1,pincode,160002,51384
chandigarh,2021,1,pincode,160036,44518
chandigarh,2021,1,pincode,160047,42473
chandigarh,2021,1,pincode,160022,32441
chandigarh,2021,1,pincode,160014,29983
chandigarh,2021,1,pincode,160015,15642
chandigarh,2021,1,pincode,160030,15357
chandigarh,2021,1,pincode,160011,14949
chandigarh,2021,1,pincode,160019,14773
chandigarh,2021,2,district,chandigarh,448572
chandigarh,2021,2,pincode,160101,63492
chandigarh,2021,2,pincode,160002,54973
chandigarh,2021,2,pincode,160036,47535
chandigarh,2021,2,pincode,160047,45337
chandigarh,2021,2,pincode,160022,34573
chandigarh,2021,2,pincode,160014,32068
chandigarh,2021,2,pincode,160015,16673
chandigarh,2021,2,pincode,160030,16402
chandigarh,2021,2,pincode,160011,15925
chandigarh,2021,2,pincode,160019,15784
chandigarh,2021,3,district,chandigarh,480463
chandigarh,2021,3,pincode,160101,68033
chandigarh,2021,3,pincode,160002,58992
chandigarh,2021,3,pincode,160036,50920
chandigarh,2021,3,pincode,160047,48505
chandigarh,2021,3,pincode,160022,36978
chandigarh,2021,3,pincode,160014,34469
chandigarh,2021,3,pincode,160015,17785
chandigarh,2021,3,pincode,160030,17596
chandigarh,2021,3,pincode,160011,16987
chandigarh,2021,3,pincode,160019,16871
chandigarh,2021,4,district,chandigarh,512092
chandigarh,2021,4,pincode,160101,72637
chandigarh,2021,4,pincode,160002,62969
chandigarh,2021,4,pincode,160036,54223
chandigarh,2021,4,pincode,160047,51660
chandigarh,2021,4,pincode,160022,39282
chandigarh,2021,4,pincode,160014,36857
chandigarh,2021,4,pincode,160015,18899
chandigarh,2021,4,pincode,160030,18735
chandigarh,2021,4,pincode,160011,18061
chandigarh,2021,4,pincode,160019,17944
chandigarh,2020,1,district,chandigarh,312887
chandigarh,2020,1,pincode,160101,43456
chandigarh,2020,1,pincode,160002,37722
chandigarh,2020,1,pincode,160036,33042
chandigarh,2020,1,pincode,160047,31101
chandigarh,2020,1,pincode,160022,25119
chandigarh,2020,1,pincode,160014,21073
chandigarh,2020,1,pincode,160011,12511
chandigarh,2020,1,pincode,160015,12196
chandigarh,2020,1,pincode,160030,11732
chandigarh,2020,1,pincode,160019,11241
chandigarh,2020,2,district,chandigarh,336351
chandigarh,2020,2,pincode,160101,47100
chandigarh,2020,2,pincode,160002,40795
chandigarh,2020,2,pincode,160036,35489
chandigarh,2020,2,pincode,160047,33566
chandigarh,2020,2,pincode,160022,26409
chandigarh,2020,2,pincode,160014,23291
chandigarh,2020,2,pincode,160011,13058
chandigarh,2020,2,pincode,160015,12817
chandigarh,2020,2,pincode,160030,12456
chandigarh,2020,2,pincode,160019,11973
chandigarh,2020,3,district,chandigarh,362588
chandigarh,2020,3,pincode,160101,50901
chandigarh,2020,3,pincode,160002,44149
chandigarh,2020,3,pincode,160036,38339
chandigarh,2020,3,pincode,160047,36323
chandigarh,2020,3,pincode,160022,28178
chandigarh,2020,3,pincode,160014,25601
chandigarh,2020,3,pincode,160015,13598
chandigarh,2020,3,pincode,160011,13532
chandigarh,2020,3,pincode,160030,13346
chandigarh,2020,3,pincode,160019,12815
chandigarh,2020,4,district,chandigarh,391402
chandigarh,2020,4,pincode,160101,55221
chandigarh,2020,4,pincode,160002,47806
chandigarh,2020,4,pincode,160036,41473
chandigarh,2020,4,pincode,160047,39470
chandigarh,2020,4,pincode,160022,30329
chandigarh,2020,4,pincode,160014,27809
chandigarh,2020,4,pincode,160015,14608
chandigarh,2020,4,pincode,160030,14336
chandigarh,2020,4,pincode,160011,14092
chandigarh,2020,4,pincode,160019,13806
chandigarh,2018,1,district,chandigarh,86268
chandigarh,2018,1,pincode,160101,11805
chandigarh,2018,1,pincode,160002,10228
chandigarh,2018,1,pincode,160036,9118
chandigarh,2018,1,pincode,160047,8701
chandigarh,2018,1,pincode,160022,7205
chandigarh,2018,1,pincode,160014,5082
chandigarh,2018,1,pincode,160015,3791
chandigarh,2018,1,pincode,160030,3568
chandigarh,2018,1,pincode,160019,3384
chandigarh,2018,1,pincode,160020,3161
chandigarh,2018,2,district,chandigarh,115219
chandigarh,2018,2,pincode,160101,15846
chandigarh,2018,2,pincode,160002,13532
chandigarh,2018,2,pincode,160036,12172
chandigarh,2018,2,pincode,160047,11636
chandigarh,2018,2,pincode,160022,9558
chandigarh,2018,2,pincode,160014,7019
chandigarh,2018,2,pincode,160015,4883
chandigarh,2018,2,pincode,160030,4840
chandigarh,2018,2,pincode,160019,4407
chandigarh,2018,2,pincode,160020,4165
chandigarh,2018,3,district,chandigarh,143893
chandigarh,2018,3,pincode,160101,19810
chandigarh,2018,3,pincode,160002,16929
chandigarh,2018,3,pincode,160036,15103
chandigarh,2018,3,pincode,160047,14492
chandigarh,2018,3,pincode,160022,11963
chandigarh,2018,3,pincode,160014,8884
chandigarh,2018,3,pincode,160015,6087
chandigarh,2018,3,pincode,160030,5895
chandigarh,2018,3,pincode,160019,5610
chandigarh,2018,3,pincode,160020,5211
chandigarh,2018,4,district,chandigarh,177747
chandigarh,2018,4,pincode,160101,24670
chandigarh,2018,4,pincode,160002,21350
chandigarh,2018,4,pincode,160036,18721
chandigarh,2018,4,pincode,160047,17732
chandigarh,2018,4,pincode,160022,14640
chandigarh,2018,4,pincode,160014,11285
chandigarh,2018,4,pincode,160015,7435
chandigarh,2018,4,pincode,160030,7194
chandigarh,2018,4,pincode,160019,6759
chandigarh,2018,4,pincode,160020,6374
kerala,2022,1,district,ernakulam,1454447
kerala,2022,1,district,thiruvananthapuram,989791
kerala,2022,1,district,kozhikode,887215
kerala,2022,1,district,malappuram,871127
kerala,2022,1,district,thrissur,768604
kerala,2022,1,district,kannur,640842
kerala,2022,1,district,kollam,623472
kerala,2022,1,district,palakkad,620428
kerala,2022,1,district,alappuzha,534116
kerala,2022,1,district,kottayam,504349
kerala,2022,1,pincode,682042,43832
kerala,2022,1,pincode,695001,43506
kerala,2022,1,pincode,682024,40513
kerala,2022,1,pincode,682025,37172
kerala,2022,1,pincode,682020,35790
kerala,2022,1,pincode,670645,34974
kerala,2022,1,pincode,682035,33556
kerala,2022,1,pincode,673592,32286
kerala,2022,1,pincode,682032,31679
kerala,2022,1,pincode,682301,31551
kerala,2022,2,district,ernakulam,1531113
kerala,2022,2,district,thiruvananthapuram,1041643
kerala,2022,2,district,kozhikode,932060
kerala,2022,2,district,malappuram,915204
kerala,2022,2,district,thrissur,808727
kerala,2022,2,district,kannur,673887
kerala,2022,2,district,kollam,657033
kerala,2022,2,district,palakkad,653051
kerala,2022,2,district,alappuzha,563253
kerala,2022,2,district,kottayam,531625
kerala,2022,2,pincode,682042,46049
kerala,2022,2,pincode,695001,45760
kerala,2022,2,pincode,682024,42517
kerala,2022,2,pincode,682025,39062
kerala,2022,2,pincode,682020,37658
kerala,2022,2,pincode,670645,36777
kerala,2022,2,pincode,682035,35277
kerala,2022,2,pincode,673592,33986
kerala,2022,2,pincode,682032,33271
kerala,2022,2,pincode,682301,33154
kerala,2022,3,district,ernakulam,1611052
kerala,2022,3,district,thiruvananthapuram,1095580
kerala,2022,3,district,kozhikode,978992
kerala,2022,3,district,malappuram,961854
kerala,2022,3,district,thrissur,851462
kerala,2022,3,district,kannur,708205
kerala,2022,3,district,kollam,692226
kerala,2022,3,district,palakkad,687131
kerala,2022,3,district,alappuzha,593932
kerala,2022,3,district,kottayam,560099
kerala,2022,3,pincode,682042,48385
kerala,2022,3,pincode,695001,48080
kerala,2022,3,pincode,682024,44605
kerala,2022,3,pincode,682025,41047
kerala,2022,3,pincode,682020,39537
kerala,2022,3,pincode,670645,38662
kerala,2022,3,pincode,682035,37065
kerala,2022,3,pincode,673592,35697
kerala,2022,3,pincode,682032,34936
kerala,2022,3,pincode,682301,34880
kerala,2022,4,district,ernakulam,1687311
kerala,2022,4,district,thiruvananthapuram,1146770
kerala,2022,4,district,kozhikode,1022289
kerala,2022,4,district,malappuram,1003617
kerala,2022,4,district,thrissur,889949
kerala,2022,4,district,kannur,738843
kerala,2022,4,district,kollam,724767
kerala,2022,4,district,palakkad,717320
kerala,2022,4,district,alappuzha,622234
kerala,2022,4,district,kottayam,585546
kerala,2022,4,pincode,682042,50726
kerala,2022,4,pincode,695001,50448
kerala,2022,4,pincode,682024,46703
kerala,2022,4,pincode,682025,42979
kerala,2022,4,pincode,682020,41421
kerala,2022,4,pincode,670645,40256
kerala,2022,4,pincode,682035,38857
kerala,2022,4,pincode,673592,37241
kerala,2022,4,pincode,682032,36609
kerala,2022,4,pincode,682301,36567
kerala,2024,1,district,ernakulam,2040327
kerala,2024,1,district,thiruvananthapuram,1385762
kerala,2024,1,district,kozhikode,1225291
kerala,2024,1,district,malappuram,1204103
kerala,2024,1,district,thrissur,1077037
kerala,2024,1,district,kannur,889736
kerala,2024,1,district,kollam,881620
kerala,2024,1,district,palakkad,869821
kerala,2024,1,district,alappuzha,758068
kerala,2024,1,district,kottayam,712753
kerala,2024,1,pincode,682042,60930
kerala,2024,1,pincode,695001,60600
kerala,2024,1,pincode,682024,55882
kerala,2024,1,pincode,682025,51465
kerala,2024,1,pincode,682020,49665
kerala,2024,1,pincode,670645,48655
kerala,2024,1,pincode,682035,46619
kerala,2024,1,pincode,673592,45026
kerala,2024,1,pincode,682301,44067
kerala,2024,1,pincode,682032,43845
kerala,2024,2,district,ernakulam,2114463
kerala,2024,2,district,thiruvananthapuram,1436717
kerala,2024,2,district,kozhikode,1267997
kerala,2024,2,district,malappuram,1245343
kerala,2024,2,district,thrissur,1115980
kerala,2024,2,district,kannur,921059
kerala,2024,2,district,kollam,913913
kerala,2024,2,district,palakkad,902163
kerala,2024,2,district,alappuzha,786309
kerala,2024,2,district,kottayam,739199
kerala,2024,2,pincode,682042,63130
kerala,2024,2,pincode,695001,62788
kerala,2024,2,pincode,682024,57853
kerala,2024,2,pincode,682025,53320
kerala,2024,2,pincode,682020,51420
kerala,2024,2,pincode,670645,50475
kerala,2024,2,pincode,682035,48263
kerala,2024,2,pincode,673592,46732
kerala,2024,2,pincode,682301,45712
kerala,2024,2,pincode,682032,45351
kerala,2024,3,district,ernakulam,2119728
kerala,2024,3,district,malappuram,1444707
kerala,2024,3,district,thiruvananthapuram,1401819
kerala,2024,3,district,kozhikode,1335361
kerala,2024,3,district,thrissur,1082800
kerala,2024,3,district,kannur,941166
kerala,2024,3,district,kollam,924587
kerala,2024,3,district,palakkad,911039
kerala,2024,3,district,alappuzha,758331
kerala,2024,3,district,kottayam,729324
kerala,2024,3,pincode,682024,85642
kerala,2024,3,pincode,682025,63788
kerala,2024,3,pincode,682017,59886
kerala,2024,3,pincode,670645,51472
kerala,2024,3,pincode,673592,50622
kerala,2024,3,pincode,695001,50489
kerala,2024,3,pincode,673008,49231
kerala,2024,3,pincode,682030,48727
kerala,2024,3,pincode,683561,48640
kerala,2024,3,pincode,682019,47963
kerala,2024,4,district,ernakulam,2185070
kerala,2024,4,district,malappuram,1493179
kerala,2024,4,district,thiruvananthapuram,1445205
kerala,2024,4,district,kozhikode,1375990
kerala,2024,4,district,thrissur,1116356
kerala,2024,4,district,kannur,970977
kerala,2024,4,district,kollam,953446
kerala,2024,4,district,palakkad,939984
kerala,2024,4,district,alappuzha,781471
kerala,2024,4,district,kottayam,752578
kerala,2024,4,pincode,682024,88371
kerala,2024,4,pincode,682025,65894
kerala,2024,4,pincode,682017,61779
kerala,2024,4,pincode,670645,53182
kerala,2024,4,pincode,673592,52264
kerala,2024,4,pincode,695001,52232
kerala,2024,4,pincode,673008,50595
kerala,2024,4,pincode,682030,50428
kerala,2024,4,pincode,683561,50009
kerala,2024,4,pincode,682019,49494
kerala,2023,1,district,ernakulam,1760620
kerala,2023,1,district,thiruvananthapuram,1196164
kerala,2023,1,district,kozhikode,1063764
kerala,2023,1,district,malappuram,1043945
kerala,2023,1,district,thrissur,927648
kerala,2023,1,district,kannur,769407
kerala,2023,1,district,kollam,756282
kerala,2023,1,district,palakkad,747944
kerala,2023,1,district,alappuzha,649660
kerala,2023,1,district,kottayam,611048
kerala,2023,1,pincode,682042,52947
kerala,2023,1,pincode,695001,52622
kerala,2023,1,pincode,682024,48663
kerala,2023,1,pincode,682025,44808
kerala,2023,1,pincode,682020,43203
kerala,2023,1,pincode,670645,41939
kerala,2023,1,pincode,682035,40564
kerala,2023,1,pincode,673592,38815
kerala,2023,1,pincode,682301,38160
kerala,2023,1,pincode,682032,38133
kerala,2023,2,district,ernakulam,1826879
kerala,2023,2,district,thiruvananthapuram,1241042
kerala,2023,2,district,kozhikode,1102669
kerala,2023,2,district,malappuram,1082848
kerala,2023,2,district,thrissur,963142
kerala,2023,2,district,kannur,798378
kerala,2023,2,district,kollam,786161
kerala,2023,2,district,palakkad,777224
kerala,2023,2,district,alappuzha,675625
kerala,2023,2,district,kottayam,635322
kerala,2023,2,pincode,682042,54820
kerala,2023,2,pincode,695001,54455
kerala,2023,2,pincode,682024,50392
kerala,2023,2,pincode,682025,46400
kerala,2023,2,pincode,682020,44692
kerala,2023,2,pincode,670645,43529
kerala,2023,2,pincode,682035,41999
kerala,2023,2,pincode,673592,40332
kerala,2023,2,pincode,682301,39558
kerala,2023,2,pincode,682032,39475
kerala,2023,3,district,ernakulam,1897604
kerala,2023,3,district,thiruvananthapuram,1288756
kerala,2023,3,district,kozhikode,1142968
kerala,2023,3,district,malappuram,1122286
kerala,2023,3,district,thrissur,1000321
kerala,2023,3,district,kannur,828310
kerala,2023,3,district,kollam,817493
kerala,2023,3,district,palakkad,807530
kerala,2023,3,district,alappuzha,702662
kerala,2023,3,district,kottayam,660585
kerala,2023,3,pincode,682042,56858
kerala,2023,3,pincode,695001,55398
kerala,2023,3,pincode,682024,52272
kerala,2023,3,pincode,682025,48077
kerala,2023,3,pincode,682020,46356
kerala,2023,3,pincode,670645,45257
kerala,2023,3,pincode,682035,43525
kerala,2023,3,pincode,673592,41858
kerala,2023,3,pincode,682301,41067
kerala,2023,3,pincode,682032,40897
kerala,2023,4,district,ernakulam,1964544
kerala,2023,4,district,thiruvananthapuram,1334950
kerala,2023,4,district,kozhikode,1181172
kerala,2023,4,district,malappuram,1160238
kerala,2023,4,district,thrissur,1036542
kerala,2023,4,district,kannur,857051
kerala,2023,4,district,kollam,847768
kerala,2023,4,district,palakkad,836952
kerala,2023,4,district,alappuzha,728812
kerala,2023,4,district,kottayam,685268
kerala,2023,4,pincode,682042,58777
kerala,2023,4,pincode,695001,58442
kerala,2023,4,pincode,682024,53952
kerala,2023,4,pincode,682025,49663
kerala,2023,4,pincode,682020,47879
kerala,2023,4,pincode,670645,46867
kerala,2023,4,pincode,682035,44934
kerala,2023,4,pincode,673592,43307
kerala,2023,4,pincode,682301,42463
kerala,2023,4,pincode,682032,42282
kerala,2019,1,district,ernakulam,409812
kerala,2019,1,district,thiruvananthapuram,239634
kerala,2019,1,district,kozhikode,212403
kerala,2019,1,district,malappuram,206857
kerala,2019,1,district,thrissur,184516
kerala,2019,1,district,palakkad,145211
kerala,2019,1,district,kannur,143289
kerala,2019,1,district,kollam,125697
kerala,2019,1,district,kottayam,121975
kerala,2019,1,district,alappuzha,114882
kerala,2019,1,pincode,682042,15428
kerala,2019,1,pincode,682024,13454
kerala,2019,1,pincode,695001,13156
kerala,2019,1,pincode,682025,11515
kerala,2019,1,pincode,682020,11406
kerala,2019,1,pincode,682035,10441
kerala,2019,1,pincode,682032,10331
kerala,2019,1,pincode,673032,9504
kerala,2019,1,pincode,682301,9471
kerala,2019,1,pincode,673004,8130
kerala,2019,2,district,ernakulam,479320
kerala,2019,2,district,thiruvananthapuram,288292
kerala,2019,2,district,kozhikode,251348
kerala,2019,2,district,malappuram,243384
kerala,2019,2,district,thrissur,220648
kerala,2019,2,district,palakkad,174037
kerala,2019,2,district,kannur,172894
kerala,2019,2,district,kollam,152841
kerala,2019,2,district,kottayam,145387
kerala,2019,2,district,alappuzha,139046
kerala,2019,2,pincode,682042,17514
kerala,2019,2,pincode,695001,15525
kerala,2019,2,pincode,682024,15397
kerala,2019,2,pincode,682025,13311
kerala,2019,2,pincode,682020,13276
kerala,2019,2,pincode,682035,12409
kerala,2019,2,pincode,682032,11984
kerala,2019,2,pincode,673032,11095
kerala,2019,2,pincode,682301,11074
kerala,2019,2,pincode,673016,9775
kerala,2019,3,district,ernakulam,553200
kerala,2019,3,district,thiruvananthapuram,340900
kerala,2019,3,district,kozhikode,294333
kerala,2019,3,district,malappuram,282514
kerala,2019,3,district,thrissur,259366
kerala,2019,3,district,kannur,204129
kerala,2019,3,district,palakkad,202761
kerala,2019,3,district,kollam,183743
kerala,2019,3,district,kottayam,169581
kerala,2019,3,district,alappuzha,166845
kerala,2019,3,pincode,682042,19670
kerala,2019,3,pincode,695001,18084
kerala,2019,3,pincode,682024,17413
kerala,2019,3,pincode,682025,15371
kerala,2019,3,pincode,682020,15188
kerala,2019,3,pincode,682035,14451
kerala,2019,3,pincode,682032,13667
kerala,2019,3,pincode,673032,12880
kerala,2019,3,pincode,682301,12671
kerala,2019,3,pincode,673016,11696
kerala,2019,4,district,ernakulam,633101
kerala,2019,4,district,thiruvananthapuram,400110
kerala,2019,4,district,kozhikode,345534
kerala,2019,4,district,malappuram,333816
kerala,2019,4,district,thrissur,302503
kerala,2019,4,district,kannur,240296
kerala,2019,4,district,palakkad,237650
kerala,2019,4,district,kollam,221687
kerala,2019,4,district,alappuzha,198940
kerala,2019,4,district,kottayam,197540
kerala,2019,4,pincode,682042,22058
kerala,2019,4,pincode,695001,20669
kerala,2019,4,pincode,682024,19609
kerala,2019,4,pincode,682025,17548
kerala,2019,4,pincode,682020,17137
kerala,2019,4,pincode,682035,16535
kerala,2019,4,pincode,682032,15426
kerala,2019,4,pincode,673032,14691
kerala,2019,4,pincode,682301,14302
kerala,2019,4,pincode,673016,13376
kerala,2021,1,district,ernakulam,1126122
kerala,2021,1,district,thiruvananthapuram,767813
kerala,2021,1,district,kozhikode,691148
kerala,2021,1,district,malappuram,676242
kerala,2021,1,district,thrissur,594589
kerala,2021,1,district,kannur,496955
kerala,2021,1,district,kollam,480459
kerala,2021,1,district,palakkad,477868
kerala,2021,1,district,alappuzha,410141
kerala,2021,1,district,kottayam,387696
kerala,2021,1,pincode,682042,34103
kerala,2021,1,pincode,695001,33913
kerala,2021,1,pincode,682024,31763
kerala,2021,1,pincode,682025,29029
kerala,2021,1,pincode,682020,27924
kerala,2021,1,pincode,670645,26911
kerala,2021,1,pincode,682035,26156
kerala,2021,1,pincode,673592,24788
kerala,2021,1,pincode,673032,24778
kerala,2021,1,pincode,682032,24752
kerala,2021,2,district,ernakulam,1203623
kerala,2021,2,district,thiruvananthapuram,820485
kerala,2021,2,district,kozhikode,737623
kerala,2021,2,district,malappuram,722597
kerala,2021,2,district,thrissur,635598
kerala,2021,2,district,kannur,530657
kerala,2021,2,district,kollam,513820
kerala,2021,2,district,palakkad,511298
kerala,2021,2,district,alappuzha,438924
kerala,2021,2,district,kottayam,415007
kerala,2021,2,pincode,682042,36378
kerala,2021,2,pincode,695001,36185
kerala,2021,2,pincode,682024,33834
kerala,2021,2,pincode,682025,30965
kerala,2021,2,pincode,682020,29826
kerala,2021,2,pincode,670645,28806
kerala,2021,2,pincode,682035,27927
kerala,2021,2,pincode,673592,26554
kerala,2021,2,pincode,682032,26390
kerala,2021,2,pincode,673032,26355
kerala,2021,3,district,ernakulam,1289089
kerala,2021,3,district,thiruvananthapuram,878444
kerala,2021,3,district,kozhikode,789078
kerala,2021,3,district,malappuram,773963
kerala,2021,3,district,thrissur,681187
kerala,2021,3,district,kannur,568613
kerala,2021,3,district,kollam,551267
kerala,2021,3,district,palakkad,548776
kerala,2021,3,district,alappuzha,471228
kerala,2021,3,district,kottayam,445540
kerala,2021,3,pincode,682042,38880
kerala,2021,3,pincode,695001,38710
kerala,2021,3,pincode,682024,36108
kerala,2021,3,pincode,682025,33080
kerala,2021,3,pincode,682020,31859
kerala,2021,3,pincode,670645,30931
kerala,2021,3,pincode,682035,29804
kerala,2021,3,pincode,673592,28563
kerala,2021,3,pincode,682032,28166
kerala,2021,3,pincode,673032,28073
kerala,2021,4,district,ernakulam,1374081
kerala,2021,4,district,thiruvananthapuram,935705
kerala,2021,4,district,kozhikode,839678
kerala,2021,4,district,malappuram,824018
kerala,2021,4,district,thrissur,725878
kerala,2021,4,district,kannur,605576
kerala,2021,4,district,kollam,588254
kerala,2021,4,district,palakkad,585306
kerala,2021,4,district,alappuzha,503589
kerala,2021,4,district,kottayam,475496
kerala,2021,4,pincode,682042,41448
kerala,2021,4,pincode,695001,41207
kerala,2021,4,pincode,682024,38351
kerala,2021,4,pincode,682025,35172
kerala,2021,4,pincode,682020,33886
kerala,2021,4,pincode,670645,32968
kerala,2021,4,pincode,682035,31716
kerala,2021,4,pincode,673592,30447
kerala,2021,4,pincode,682032,30009
kerala,2021,4,pincode,673032,29788
kerala,2020,1,district,ernakulam,716945
kerala,2020,1,district,thiruvananthapuram,466301
kerala,2020,1,district,kozhikode,404139
kerala,2020,1,district,malappuram,387405
kerala,2020,1,district,thrissur,349437
kerala,2020,1,district,kannur,282719
kerala,2020,1,district,palakkad,277861
kerala,2020,1,district,kollam,265751
kerala,2020,1,district,alappuzha,235048
kerala,2020,1,district,kottayam,229263
kerala,2020,1,pincode,682042,24196
kerala,2020,1,pincode,695001,23318
kerala,2020,1,pincode,682024,21814
kerala,2020,1,pincode,682025,19682
kerala,2020,1,pincode,682020,19029
kerala,2020,1,pincode,682035,18386
kerala,2020,1,pincode,682032,17081
kerala,2020,1,pincode,673032,16527
kerala,2020,1,pincode,682301,15989
kerala,2020,1,pincode,670645,15732
kerala,2020,2,district,ernakulam,798771
kerala,2020,2,district,thiruvananthapuram,536574
kerala,2020,2,district,kozhikode,469436
kerala,2020,2,district,malappuram,445757
kerala,2020,2,district,thrissur,403662
kerala,2020,2,district,kannur,338685
kerala,2020,2,district,palakkad,324519
kerala,2020,2,district,kollam,318727
kerala,2020,2,district,alappuzha,274531
kerala,2020,2,district,kottayam,265591
kerala,2020,2,pincode,682042,25856
kerala,2020,2,pincode,695001,25442
kerala,2020,2,pincode,682024,23419
kerala,2020,2,pincode,682025,21261
kerala,2020,2,pincode,682020,20457
kerala,2020,2,pincode,682035,19671
kerala,2020,2,pincode,670645,18592
kerala,2020,2,pincode,682032,18399
kerala,2020,2,pincode,673032,18059
kerala,2020,2,pincode,682301,17516
kerala,2020,3,district,ernakulam,917356
kerala,2020,3,district,thiruvananthapuram,624681
kerala,2020,3,district,kozhikode,554275
kerala,2020,3,district,malappuram,533108
kerala,2020,3,district,thrissur,479671
kerala,2020,3,district,kannur,400107
kerala,2020,3,district,kollam,385866
kerala,2020,3,district,palakkad,384712
kerala,2020,3,district,alappuzha,330393
kerala,2020,3,district,kottayam,311954
kerala,2020,3,pincode,682042,28485
kerala,2020,3,pincode,695001,28191
kerala,2020,3,pincode,682024,26104
kerala,2020,3,pincode,682025,23781
kerala,2020,3,pincode,682020,22893
kerala,2020,3,pincode,682035,21786
kerala,2020,3,pincode,670645,21694
kerala,2020,3,pincode,682032,20470
kerala,2020,3,pincode,673032,20253
kerala,2020,3,pincode,682301,20008
kerala,2020,4,district,ernakulam,1039584
kerala,2020,4,district,thiruvananthapuram,708948
kerala,2020,4,district,kozhikode,635320
kerala,2020,4,district,malappuram,619218
kerala,2020,4,district,thrissur,548425
kerala,2020,4,district,kannur,457911
kerala,2020,4,district,kollam,442546
kerala,2020,4,district,palakkad,439597
kerala,2020,4,district,alappuzha,377772
kerala,2020,4,district,kottayam,357079
kerala,2020,4,pincode,682042,31620
kerala,2020,4,pincode,695001,31411
kerala,2020,4,pincode,682024,29392
kerala,2020,4,pincode,682025,26893
kerala,2020,4,pincode,682020,25856
kerala,2020,4,pincode,670645,24709
kerala,2020,4,pincode,682035,24248
kerala,2020,4,pincode,682032,22958
kerala,2020,4,pincode,673032,22837
kerala,2020,4,pincode,673592,22730
kerala,2018,1,district,ernakulam,159188
kerala,2018,1,district,malappuram,86063
kerala,2018,1,district,kozhikode,83422
kerala,2018,1,district,thiruvananthapuram,81846
kerala,2018,1,district,thrissur,67247
kerala,2018,1,district,kannur,54093
kerala,2018,1,district,palakkad,51507
kerala,2018,1,district,kottayam,43142
kerala,2018,1,district,kollam,41946
kerala,2018,1,district,alappuzha,39275
kerala,2018,1,pincode,682042,6594
kerala,2018,1,pincode,682024,5559
kerala,2018,1,pincode,695001,4654
kerala,2018,1,pincode,682025,4572
kerala,2018,1,pincode,682020,4402
kerala,2018,1,pincode,682035,4009
kerala,2018,1,pincode,673032,3987
kerala,2018,1,pincode,682032,3908
kerala,2018,1,pincode,682301,3613
kerala,2018,1,pincode,673016,3347
kerala,2018,2,district,ernakulam,211942
kerala,2018,2,district,thiruvananthapuram,115732
kerala,2018,2,district,malappuram,110526
kerala,2018,2,district,kozhikode,110167
kerala,2018,2,district,thrissur,91046
kerala,2018,2,district,kannur,72388
kerala,2018,2,district,palakkad,71303
kerala,2018,2,district,kottayam,60088
kerala,2018,2,district,kollam,59777
kerala,2018,2,district,alappuzha,54864
kerala,2018,2,pincode,682042,8512
kerala,2018,2,pincode,682024,7234
kerala,2018,2,pincode,695001,6380
kerala,2018,2,pincode,682025,6000
kerala,2018,2,pincode,682020,5919
kerala,2018,2,pincode,682035,5368
kerala,2018,2,pincode,682032,5259
kerala,2018,2,pincode,673032,5180
kerala,2018,2,pincode,682301,4777
kerala,2018,2,pincode,673016,4453
kerala,2018,3,district,ernakulam,263779
kerala,2018,3,district,thiruvananthapuram,147475
kerala,2018,3,district,kozhikode,136469
kerala,2018,3,district,malappuram,134338
kerala,2018,3,district,thrissur,115170
kerala,2018,3,district,kannur,91537
kerala,2018,3,district,palakkad,91071
kerala,2018,3,district,kottayam,77331
kerala,2018,3,district,kollam,77192
kerala,2018,3,district,alappuzha,71052
kerala,2018,3,pincode,682042,10303
kerala,2018,3,pincode,682024,8834
kerala,2018,3,pincode,695001,8200
kerala,2018,3,pincode,682025,7465
kerala,2018,3,pincode,682020,7403
kerala,2018,3,pincode,682035,6581
kerala,2018,3,pincode,682032,6579
kerala,2018,3,pincode,673032,6247
kerala,2018,3,pincode,682301,5932
kerala,2018,3,pincode,673016,5432
kerala,2018,4,district,ernakulam,341257
kerala,2018,4,district,thiruvananthapuram,194677
kerala,2018,4,district,kozhikode,176204
kerala,2018,4,district,malappuram,172300
kerala,2018,4,district,thrissur,151138
kerala,2018,4,district,palakkad,118587
kerala,2018,4,district,kannur,117999
kerala,2018,4,district,kollam,102686
kerala,2018,4,district,kottayam,100756
kerala,2018,4,district,alappuzha,93494
kerala,2018,4,pincode,682042,13083
kerala,2018,4,pincode,682024,11303
kerala,2018,4,pincode,695001,10807
kerala,2018,4,pincode,682025,9628
kerala,2018,4,pincode,682020,9576
kerala,2018,4,pincode,682032,8669
kerala,2018,4,pincode,682035,8594
kerala,2018,4,pincode,673032,8058
kerala,2018,4,pincode,682301,7732
kerala,2018,4,pincode,673004,6853
chhattisgarh,2022,1,district,raipur,1038105
chhattisgarh,2022,1,district,durg,639688
chhattisgarh,2022,1,district,bilaspur,537617
chhattisgarh,2022,1,district,raigarh,403164
chhattisgarh,2022,1,district,janjgir champa,392285
chhattisgarh,2022,1,district,korba,317604
chhattisgarh,2022,1,district,rajnandgaon,264326
chhattisgarh,2022,1,district,baloda bazar,234464
chhattisgarh,2022,1,district,surguja,195440
chhattisgarh,2022,1,district,mahasamund,185227
chhattisgarh,2022,1,pincode,492001,247599
chhattisgarh,2022,1,pincode,495001,198702
chhattisgarh,2022,1,pincode,497001,143644
chhattisgarh,2022,1,pincode,491001,120368
chhattisgarh,2022,1,pincode,491441,107760
chhattisgarh,2022,1,pincode,496005,98838
chhattisgarh,2022,1,pincode,492009,92386
chhattisgarh,2022,1,pincode,490023,91792
chhattisgarh,2022,1,pincode,495450,80200
chhattisgarh,2022,1,pincode,494001,79440
chhattisgarh,2022,2,district,raipur,1093318
chhattisgarh,2022,2,district,durg,672947
chhattisgarh,2022,2,district,bilaspur,566475
chhattisgarh,2022,2,district,raigarh,425526
chhattisgarh,2022,2,district,janjgir champa,414133
chhattisgarh,2022,2,district,korba,334672
chhattisgarh,2022,2,district,rajnandgaon,278724
chhattisgarh,2022,2,district,baloda bazar,247634
chhattisgarh,2022,2,district,surguja,206354
chhattisgarh,2022,2,district,mahasamund,195406
chhattisgarh,2022,2,pincode,492001,260351
chhattisgarh,2022,2,pincode,495001,209069
chhattisgarh,2022,2,pincode,497001,151503
chhattisgarh,2022,2,pincode,491001,126583
chhattisgarh,2022,2,pincode,491441,113505
chhattisgarh,2022,2,pincode,496005,104122
chhattisgarh,2022,2,pincode,492009,97149
chhattisgarh,2022,2,pincode,490023,96605
chhattisgarh,2022,2,pincode,495450,84459
chhattisgarh,2022,2,pincode,494001,83653
chhattisgarh,2022,3,district,raipur,1150501
chhattisgarh,2022,3,district,durg,707241
chhattisgarh,2022,3,district,bilaspur,596003
chhattisgarh,2022,3,district,raigarh,448366
chhattisgarh,2022,3,district,janjgir champa,436349
chhattisgarh,2022,3,district,korba,352198
chhattisgarh,2022,3,district,rajnandgaon,292804
chhattisgarh,2022,3,district,baloda bazar,260632
chhattisgarh,2022,3,district,surguja,217313
chhattisgarh,2022,3,district,mahasamund,205270
chhattisgarh,2022,3,pincode,492001,273586
chhattisgarh,2022,3,pincode,495001,219881
chhattisgarh,2022,3,pincode,497001,159641
chhattisgarh,2022,3,pincode,491001,133077
chhattisgarh,2022,3,pincode,491441,119363
chhattisgarh,2022,3,pincode,496005,109817
chhattisgarh,2022,3,pincode,492009,102118
chhattisgarh,2022,3,pincode,490023,101541
chhattisgarh,2022,3,pincode,495450,88925
chhattisgarh,2022,3,pincode,494001,88104
chhattisgarh,2022,4,district,raipur,1205632
chhattisgarh,2022,4,district,durg,740173
chhattisgarh,2022,4,district,bilaspur,622644
chhattisgarh,2022,4,district,raigarh,468010
chhattisgarh,2022,4,district,janjgir champa,455430
chhattisgarh,2022,4,district,korba,368179
chhattisgarh,2022,4,district,rajnandgaon,304353
chhattisgarh,2022,4,district,baloda bazar,271259
chhattisgarh,2022,4,district,surguja,226706
chhattisgarh,2022,4,district,mahasamund,213189
chhattisgarh,2022,4,pincode,492001,286884
chhattisgarh,2022,4,pincode,495001,230659
chhattisgarh,2022,4,pincode,497001,167148
chhattisgarh,2022,4,pincode,491001,139295
chhattisgarh,2022,4,pincode,491441,124619
chhattisgarh,2022,4,pincode,496005,115217
chhattisgarh,2022,4,pincode,492009,107033
chhattisgarh,2022,4,pincode,490023,106532
chhattisgarh,2022,4,pincode,495450,93326
chhattisgarh,2022,4,pincode,494001,92244
chhattisgarh,2024,1,district,raipur,1462871
chhattisgarh,2024,1,district,durg,897874
chhattisgarh,2024,1,district,bilaspur,759420
chhattisgarh,2024,1,district,raigarh,575592
chhattisgarh,2024,1,district,janjgir champa,560679
chhattisgarh,2024,1,district,korba,450305
chhattisgarh,2024,1,district,rajnandgaon,374946
chhattisgarh,2024,1,district,baloda bazar,334412
chhattisgarh,2024,1,district,surguja,278856
chhattisgarh,2024,1,district,mahasamund,263607
chhattisgarh,2024,1,pincode,492001,345337
chhattisgarh,2024,1,pincode,495001,278504
chhattisgarh,2024,1,pincode,497001,204368
chhattisgarh,2024,1,pincode,491001,168651
chhattisgarh,2024,1,pincode,491441,151705
chhattisgarh,2024,1,pincode,496005,140288
chhattisgarh,2024,1,pincode,492009,128941
chhattisgarh,2024,1,pincode,490023,128901
chhattisgarh,2024,1,pincode,495450,113506
chhattisgarh,2024,1,pincode,494001,112189
chhattisgarh,2024,2,district,raipur,1516797
chhattisgarh,2024,2,district,durg,931630
chhattisgarh,2024,2,district,bilaspur,787231
chhattisgarh,2024,2,district,raigarh,597318
chhattisgarh,2024,2,district,janjgir champa,582057
chhattisgarh,2024,2,district,korba,466567
chhattisgarh,2024,2,district,rajnandgaon,388822
chhattisgarh,2024,2,district,baloda bazar,347102
chhattisgarh,2024,2,district,surguja,289012
chhattisgarh,2024,2,district,mahasamund,273488
chhattisgarh,2024,2,pincode,492001,357857
chhattisgarh,2024,2,pincode,495001,288713
chhattisgarh,2024,2,pincode,497001,211871
chhattisgarh,2024,2,pincode,491001,174971
chhattisgarh,2024,2,pincode,491441,157264
chhattisgarh,2024,2,pincode,496005,145586
chhattisgarh,2024,2,pincode,492009,133745
chhattisgarh,2024,2,pincode,490023,133739
chhattisgarh,2024,2,pincode,495450,117658
chhattisgarh,2024,2,pincode,494001,116308
chhattisgarh,2024,3,district,raipur,1718625
chhattisgarh,2024,3,district,durg,957786
chhattisgarh,2024,3,district,bilaspur,874721
chhattisgarh,2024,3,district,raigarh,562728
chhattisgarh,2024,3,district,korba,540888
chhattisgarh,2024,3,district,janjgir champa,382345
chhattisgarh,2024,3,district,surguja,373283
chhattisgarh,2024,3,district,mahasamund,348919
chhattisgarh,2024,3,district,balodabazar bhatapara,347207
chhattisgarh,2024,3,district,rajnandgaon,335631
chhattisgarh,2024,3,pincode,492001,521527
chhattisgarh,2024,3,pincode,495001,327291
chhattisgarh,2024,3,pincode,497001,269624
chhattisgarh,2024,3,pincode,496001,244806
chhattisgarh,2024,3,pincode,491001,237603
chhattisgarh,2024,3,pincode,491441,176824
chhattisgarh,2024,3,pincode,493221,167870
chhattisgarh,2024,3,pincode,494001,156652
chhattisgarh,2024,3,pincode,492099,130619
chhattisgarh,2024,3,pincode,491995,125067
chhattisgarh,2024,4,district,raipur,1773369
chhattisgarh,2024,4,district,durg,988679
chhattisgarh,2024,4,district,bilaspur,904881
chhattisgarh,2024,4,district,raigarh,581651
chhattisgarh,2024,4,district,korba,559174
chhattisgarh,2024,4,district,janjgir champa,394509
chhattisgarh,2024,4,district,surguja,386630
chhattisgarh,2024,4,district,mahasamund,361759
chhattisgarh,2024,4,district,balodabazar bhatapara,361495
chhattisgarh,2024,4,district,rajnandgaon,344534
chhattisgarh,2024,4,pincode,492001,538574
chhattisgarh,2024,4,pincode,495001,338017
chhattisgarh,2024,4,pincode,497001,278257
chhattisgarh,2024,4,pincode,496001,252162
chhattisgarh,2024,4,pincode,491001,245572
chhattisgarh,2024,4,pincode,491441,181778
chhattisgarh,2024,4,pincode,493221,172681
chhattisgarh,2024,4,pincode,494001,160981
chhattisgarh,2024,4,pincode,492099,134380
chhattisgarh,2024,4,pincode,491995,130023
chhattisgarh,2023,1,district,raipur,1260366
chhattisgarh,2023,1,district,durg,773280
chhattisgarh,2023,1,district,bilaspur,651084
chhattisgarh,2023,1,district,raigarh,489890
chhattisgarh,2023,1,district,janjgir champa,476533
chhattisgarh,2023,1,district,korba,384883
chhattisgarh,2023,1,district,rajnandgaon,317976
chhattisgarh,2023,1,district,baloda bazar,283757
chhattisgarh,2023,1,district,surguja,237340
chhattisgarh,2023,1,district,mahasamund,222989
chhattisgarh,2023,1,pincode,492001,299741
chhattisgarh,2023,1,pincode,495001,241101
chhattisgarh,2023,1,pincode,497001,175004
chhattisgarh,2023,1,pincode,491001,145556
chhattisgarh,2023,1,pincode,491441,130250
chhattisgarh,2023,1,pincode,496005,120618
chhattisgarh,2023,1,pincode,492009,111857
chhattisgarh,2023,1,pincode,490023,111318
chhattisgarh,2023,1,pincode,495450,97597
chhattisgarh,2023,1,pincode,494001,96517
chhattisgarh,2023,2,district,raipur,1308762
chhattisgarh,2023,2,district,durg,803101
chhattisgarh,2023,2,district,bilaspur,677776
chhattisgarh,2023,2,district,raigarh,511511
chhattisgarh,2023,2,district,janjgir champa,497925
chhattisgarh,2023,2,district,korba,401398
chhattisgarh,2023,2,district,rajnandgaon,332345
chhattisgarh,2023,2,district,baloda bazar,296661
chhattisgarh,2023,2,district,surguja,248004
chhattisgarh,2023,2,district,mahasamund,233538
chhattisgarh,2023,2,pincode,492001,310425
chhattisgarh,2023,2,pincode,495001,249785
chhattisgarh,2023,2,pincode,497001,182451
chhattisgarh,2023,2,pincode,491001,151138
chhattisgarh,2023,2,pincode,491441,135501
chhattisgarh,2023,2,pincode,496005,125306
chhattisgarh,2023,2,pincode,492009,115855
chhattisgarh,2023,2,pincode,490023,115541
chhattisgarh,2023,2,pincode,495450,101392
chhattisgarh,2023,2,pincode,494001,100315
chhattisgarh,2023,3,district,raipur,1360842
chhattisgarh,2023,3,district,durg,834591
chhattisgarh,2023,3,district,bilaspur,705698
chhattisgarh,2023,3,district,raigarh,532938
chhattisgarh,2023,3,district,janjgir champa,518847
chhattisgarh,2023,3,district,korba,418027
chhattisgarh,2023,3,district,rajnandgaon,346368
chhattisgarh,2023,3,district,baloda bazar,309128
chhattisgarh,2023,3,district,surguja,258533
chhattisgarh,2023,3,district,mahasamund,243585
chhattisgarh,2023,3,pincode,492001,322356
chhattisgarh,2023,3,pincode,495001,259634
chhattisgarh,2023,3,pincode,497001,189873
chhattisgarh,2023,3,pincode,491001,157089
chhattisgarh,2023,3,pincode,491441,140800
chhattisgarh,2023,3,pincode,496005,130435
chhattisgarh,2023,3,pincode,492009,120315
chhattisgarh,2023,3,pincode,490023,119960
chhattisgarh,2023,3,pincode,495450,105476
chhattisgarh,2023,3,pincode,494001,104414
chhattisgarh,2023,4,district,raipur,1407537
chhattisgarh,2023,4,district,durg,863802
chhattisgarh,2023,4,district,bilaspur,729941
chhattisgarh,2023,4,district,raigarh,552165
chhattisgarh,2023,4,district,janjgir champa,537936
chhattisgarh,2023,4,district,korba,432504
chhattisgarh,2023,4,district,rajnandgaon,359246
chhattisgarh,2023,4,district,baloda bazar,320644
chhattisgarh,2023,4,district,surguja,267755
chhattisgarh,2023,4,district,mahasamund,252583
chhattisgarh,2023,4,pincode,492001,332868
chhattisgarh,2023,4,pincode,495001,268341
chhattisgarh,2023,4,pincode,497001,196463
chhattisgarh,2023,4,pincode,491001,162406
chhattisgarh,2023,4,pincode,491441,145795
chhattisgarh,2023,4,pincode,496005,134929
chhattisgarh,2023,4,pincode,492009,124316
chhattisgarh,2023,4,pincode,490023,124113
chhattisgarh,2023,4,pincode,495450,109138
chhattisgarh,2023,4,pincode,494001,107925
chhattisgarh,2019,1,district,raipur,351495
chhattisgarh,2019,1,district,durg,224058
chhattisgarh,2019,1,district,bilaspur,184636
chhattisgarh,2019,1,district,raigarh,139059
chhattisgarh,2019,1,district,janjgir champa,130114
chhattisgarh,2019,1,district,korba,105570
chhattisgarh,2019,1,district,rajnandgaon,78320
chhattisgarh,2019,1,district,baloda bazar,73454
chhattisgarh,2019,1,district,surguja,62300
chhattisgarh,2019,1,district,mahasamund,56953
chhattisgarh,2019,1,pincode,492001,86083
chhattisgarh,2019,1,pincode,495001,75175
chhattisgarh,2019,1,pincode,497001,47425
chhattisgarh,2019,1,pincode,491001,40489
chhattisgarh,2019,1,pincode,496005,37229
chhattisgarh,2019,1,pincode,491441,35384
chhattisgarh,2019,1,pincode,490023,33849
chhattisgarh,2019,1,pincode,492009,32208
chhattisgarh,2019,1,pincode,490006,30575
chhattisgarh,2019,1,pincode,495450,28696
chhattisgarh,2019,2,district,raipur,405792
chhattisgarh,2019,2,district,durg,257557
chhattisgarh,2019,2,district,bilaspur,209039
chhattisgarh,2019,2,district,raigarh,156178
chhattisgarh,2019,2,district,janjgir champa,147327
chhattisgarh,2019,2,district,korba,119540
chhattisgarh,2019,2,district,rajnandgaon,91198
chhattisgarh,2019,2,district,baloda bazar,84458
chhattisgarh,2019,2,district,surguja,71076
chhattisgarh,2019,2,district,mahasamund,65492
chhattisgarh,2019,2,pincode,492001,101202
chhattisgarh,2019,2,pincode,495001,83752
chhattisgarh,2019,2,pincode,497001,53805
chhattisgarh,2019,2,pincode,491001,47000
chhattisgarh,2019,2,pincode,496005,41612
chhattisgarh,2019,2,pincode,491441,40731
chhattisgarh,2019,2,pincode,490023,38778
chhattisgarh,2019,2,pincode,492009,37269
chhattisgarh,2019,2,pincode,490006,34533
chhattisgarh,2019,2,pincode,495450,31991
chhattisgarh,2019,3,district,raipur,455785
chhattisgarh,2019,3,district,durg,289803
chhattisgarh,2019,3,district,bilaspur,230364
chhattisgarh,2019,3,district,raigarh,170447
chhattisgarh,2019,3,district,janjgir champa,161232
chhattisgarh,2019,3,district,korba,131850
chhattisgarh,2019,3,district,rajnandgaon,101617
chhattisgarh,2019,3,district,baloda bazar,93416
chhattisgarh,2019,3,district,surguja,79170
chhattisgarh,2019,3,district,mahasamund,72039
chhattisgarh,2019,3,pincode,492001,114627
chhattisgarh,2019,3,pincode,495001,91881
chhattisgarh,2019,3,pincode,497001,60207
chhattisgarh,2019,3,pincode,491001,53426
chhattisgarh,2019,3,pincode,496005,45607
chhattisgarh,2019,3,pincode,491441,45344
chhattisgarh,2019,3,pincode,490023,43443
chhattisgarh,2019,3,pincode,492009,41984
chhattisgarh,2019,3,pincode,490006,38436
chhattisgarh,2019,3,pincode,495450,35125
chhattisgarh,2019,4,district,raipur,506122
chhattisgarh,2019,4,district,durg,321390
chhattisgarh,2019,4,district,bilaspur,257350
chhattisgarh,2019,4,district,raigarh,189764
chhattisgarh,2019,4,district,janjgir champa,180195
chhattisgarh,2019,4,district,korba,147812
chhattisgarh,2019,4,district,rajnandgaon,113965
chhattisgarh,2019,4,district,baloda bazar,104742
chhattisgarh,2019,4,district,surguja,89297
chhattisgarh,2019,4,district,mahasamund,80893
chhattisgarh,2019,4,pincode,492001,126984
chhattisgarh,2019,4,pincode,495001,101245
chhattisgarh,2019,4,pincode,497001,67647
chhattisgarh,2019,4,pincode,491001,59454
chhattisgarh,2019,4,pincode,491441,50228
chhattisgarh,2019,4,pincode,496005,49927
chhattisgarh,2019,4,pincode,490023,47785
chhattisgarh,2019,4,pincode,492009,46345
chhattisgarh,2019,4,pincode,490006,42008
chhattisgarh,2019,4,pincode,495450,38901
chhattisgarh,2021,1,district,raipur,800224
chhattisgarh,2021,1,district,durg,498453
chhattisgarh,2021,1,district,bilaspur,413692
chhattisgarh,2021,1,district,raigarh,306712
chhattisgarh,2021,1,district,janjgir champa,301931
chhattisgarh,2021,1,district,korba,243030
chhattisgarh,2021,1,district,rajnandgaon,200572
chhattisgarh,2021,1,district,baloda bazar,178486
chhattisgarh,2021,1,district,surguja,147969
chhattisgarh,2021,1,district,mahasamund,139572
chhattisgarh,2021,1,pincode,492001,192280
chhattisgarh,2021,1,pincode,495001,154709
chhattisgarh,2021,1,pincode,497001,109875
chhattisgarh,2021,1,pincode,491001,93667
chhattisgarh,2021,1,pincode,491441,83189
chhattisgarh,2021,1,pincode,496005,76306
chhattisgarh,2021,1,pincode,490023,71859
chhattisgarh,2021,1,pincode,492009,71684
chhattisgarh,2021,1,pincode,495450,61932
chhattisgarh,2021,1,pincode,494001,61107
chhattisgarh,2021,2,district,raipur,855848
chhattisgarh,2021,2,district,durg,531550
chhattisgarh,2021,2,district,bilaspur,442330
chhattisgarh,2021,2,district,raigarh,328664
chhattisgarh,2021,2,district,janjgir champa,322297
chhattisgarh,2021,2,district,korba,260168
chhattisgarh,2021,2,district,rajnandgaon,215143
chhattisgarh,2021,2,district,baloda bazar,191114
chhattisgarh,2021,2,district,surguja,158949
chhattisgarh,2021,2,district,mahasamund,149983
chhattisgarh,2021,2,pincode,492001,205399
chhattisgarh,2021,2,pincode,495001,165049
chhattisgarh,2021,2,pincode,497001,117695
chhattisgarh,2021,2,pincode,491001,99908
chhattisgarh,2021,2,pincode,491441,88935
chhattisgarh,2021,2,pincode,496005,81517
chhattisgarh,2021,2,pincode,492009,76560
chhattisgarh,2021,2,pincode,490023,76521
chhattisgarh,2021,2,pincode,495450,66184
chhattisgarh,2021,2,pincode,494001,65456
chhattisgarh,2021,3,district,raipur,917950
chhattisgarh,2021,3,district,durg,568361
chhattisgarh,2021,3,district,bilaspur,474660
chhattisgarh,2021,3,district,raigarh,354087
chhattisgarh,2021,3,district,janjgir champa,346366
chhattisgarh,2021,3,district,korba,279897
chhattisgarh,2021,3,district,rajnandgaon,232140
chhattisgarh,2021,3,district,baloda bazar,205941
chhattisgarh,2021,3,district,surguja,171276
chhattisgarh,2021,3,district,mahasamund,161893
chhattisgarh,2021,3,pincode,492001,219691
chhattisgarh,2021,3,pincode,495001,176348
chhattisgarh,2021,3,pincode,497001,126575
chhattisgarh,2021,3,pincode,491001,106903
chhattisgarh,2021,3,pincode,491441,95381
chhattisgarh,2021,3,pincode,496005,87358
chhattisgarh,2021,3,pincode,492009,81992
chhattisgarh,2021,3,pincode,490023,81694
chhattisgarh,2021,3,pincode,495450,70959
chhattisgarh,2021,3,pincode,494001,70221
chhattisgarh,2021,4,district,raipur,979741
chhattisgarh,2021,4,district,durg,604621
chhattisgarh,2021,4,district,bilaspur,506449
chhattisgarh,2021,4,district,raigarh,378507
chhattisgarh,2021,4,district,janjgir champa,368980
chhattisgarh,2021,4,district,korba,299191
chhattisgarh,2021,4,district,rajnandgaon,248230
chhattisgarh,2021,4,district,baloda bazar,220188
chhattisgarh,2021,4,district,surguja,183559
chhattisgarh,2021,4,district,mahasamund,173519
chhattisgarh,2021,4,pincode,492001,234198
chhattisgarh,2021,4,pincode,495001,187901
chhattisgarh,2021,4,pincode,497001,135215
chhattisgarh,2021,4,pincode,491001,113772
chhattisgarh,2021,4,pincode,491441,101670
chhattisgarh,2021,4,pincode,496005,93194
chhattisgarh,2021,4,pincode,492009,87424
chhattisgarh,2021,4,pincode,490023,86886
chhattisgarh,2021,4,pincode,495450,75706
chhattisgarh,2021,4,pincode,494001,74989
chhattisgarh,2020,1,district,raipur,559412
chhattisgarh,2020,1,district,durg,353311
chhattisgarh,2020,1,district,bilaspur,284320
chhattisgarh,2020,1,district,raigarh,208338
chhattisgarh,2020,1,district,janjgir champa,199431
chhattisgarh,2020,1,district,korba,163500
chhattisgarh,2020,1,district,rajnandgaon,126699
chhattisgarh,2020,1,district,baloda bazar,115907
chhattisgarh,2020,1,district,surguja,98711
chhattisgarh,2020,1,district,mahasamund,89942
chhattisgarh,2020,1,pincode,492001,140048
chhattisgarh,2020,1,pincode,495001,110715
chhattisgarh,2020,1,pincode,497001,74566
chhattisgarh,2020,1,pincode,491001,65631
chhattisgarh,2020,1,pincode,491441,55399
chhattisgarh,2020,1,pincode,496005,54386
chhattisgarh,2020,1,pincode,490023,52266
chhattisgarh,2020,1,pincode,492009,51146
chhattisgarh,2020,1,pincode,490006,45425
chhattisgarh,2020,1,pincode,495450,42930
chhattisgarh,2020,2,district,raipur,616931
chhattisgarh,2020,2,district,durg,387874
chhattisgarh,2020,2,district,bilaspur,316669
chhattisgarh,2020,2,district,raigarh,233080
chhattisgarh,2020,2,district,janjgir champa,227716
chhattisgarh,2020,2,district,korba,184399
chhattisgarh,2020,2,district,rajnandgaon,146098
chhattisgarh,2020,2,district,baloda bazar,134301
chhattisgarh,2020,2,district,surguja,110765
chhattisgarh,2020,2,district,mahasamund,103117
chhattisgarh,2020,2,pincode,492001,151787
chhattisgarh,2020,2,pincode,495001,120117
chhattisgarh,2020,2,pincode,497001,83017
chhattisgarh,2020,2,pincode,491001,72228
chhattisgarh,2020,2,pincode,491441,62172
chhattisgarh,2020,2,pincode,496005,59452
chhattisgarh,2020,2,pincode,490023,56411
chhattisgarh,2020,2,pincode,492009,55679
chhattisgarh,2020,2,pincode,490006,48734
chhattisgarh,2020,2,pincode,495450,47509
chhattisgarh,2020,3,district,raipur,679027
chhattisgarh,2020,3,district,durg,426052
chhattisgarh,2020,3,district,bilaspur,349586
chhattisgarh,2020,3,district,raigarh,259581
chhattisgarh,2020,3,district,janjgir champa,254275
chhattisgarh,2020,3,district,korba,204448
chhattisgarh,2020,3,district,rajnandgaon,166416
chhattisgarh,2020,3,district,baloda bazar,150975
chhattisgarh,2020,3,district,surguja,124081
chhattisgarh,2020,3,district,mahasamund,116370
chhattisgarh,2020,3,pincode,492001,164803
chhattisgarh,2020,3,pincode,495001,131279
chhattisgarh,2020,3,pincode,497001,92438
chhattisgarh,2020,3,pincode,491001,79505
chhattisgarh,2020,3,pincode,491441,69637
chhattisgarh,2020,3,pincode,496005,65408
chhattisgarh,2020,3,pincode,490023,61657
chhattisgarh,2020,3,pincode,492009,60889
chhattisgarh,2020,3,pincode,490006,52709
chhattisgarh,2020,3,pincode,495450,52395
chhattisgarh,2020,4,district,raipur,743167
chhattisgarh,2020,4,district,durg,464870
chhattisgarh,2020,4,district,bilaspur,384115
chhattisgarh,2020,4,district,raigarh,285081
chhattisgarh,2020,4,district,janjgir champa,280474
chhattisgarh,2020,4,district,korba,225683
chhattisgarh,2020,4,district,rajnandgaon,185815
chhattisgarh,2020,4,district,baloda bazar,166144
chhattisgarh,2020,4,district,surguja,137221
chhattisgarh,2020,4,district,mahasamund,129536
chhattisgarh,2020,4,pincode,492001,178877
chhattisgarh,2020,4,pincode,495001,143559
chhattisgarh,2020,4,pincode,497001,101713
chhattisgarh,2020,4,pincode,491001,87076
chhattisgarh,2020,4,pincode,491441,77139
chhattisgarh,2020,4,pincode,496005,71047
chhattisgarh,2020,4,pincode,490023,67026
chhattisgarh,2020,4,pincode,492009,66591
chhattisgarh,2020,4,pincode,495450,57457
chhattisgarh,2020,4,pincode,490006,57129
chhattisgarh,2018,1,district,raipur,135308
chhattisgarh,2018,1,district,durg,91516
chhattisgarh,2018,1,district,bilaspur,68704
chhattisgarh,2018,1,district,raigarh,51628
chhattisgarh,2018,1,district,janjgir champa,42297
chhattisgarh,2018,1,district,korba,39075
chhattisgarh,2018,1,district,rajnandgaon,26295
chhattisgarh,2018,1,district,surguja,22001
chhattisgarh,2018,1,district,baloda bazar,21747
chhattisgarh,2018,1,district,mahasamund,19608
chhattisgarh,2018,1,pincode,492001,33697
chhattisgarh,2018,1,pincode,495001,31414
chhattisgarh,2018,1,pincode,497001,17641
chhattisgarh,2018,1,pincode,491001,16037
chhattisgarh,2018,1,pincode,496005,14858
chhattisgarh,2018,1,pincode,490023,14149
chhattisgarh,2018,1,pincode,490006,13820
chhattisgarh,2018,1,pincode,491441,13502
chhattisgarh,2018,1,pincode,492009,12380
chhattisgarh,2018,1,pincode,495450,11340
chhattisgarh,2018,2,district,raipur,185747
chhattisgarh,2018,2,district,durg,124515
chhattisgarh,2018,2,district,bilaspur,94888
chhattisgarh,2018,2,district,raigarh,70970
chhattisgarh,2018,2,district,janjgir champa,60185
chhattisgarh,2018,2,district,korba,54105
chhattisgarh,2018,2,district,rajnandgaon,38120
chhattisgarh,2018,2,district,baloda bazar,32314
chhattisgarh,2018,2,district,surguja,30374
chhattisgarh,2018,2,district,mahasamund,28208
chhattisgarh,2018,2,pincode,492001,46075
chhattisgarh,2018,2,pincode,495001,42241
chhattisgarh,2018,2,pincode,497001,24183
chhattisgarh,2018,2,pincode,491001,21986
chhattisgarh,2018,2,pincode,496005,20104
chhattisgarh,2018,2,pincode,490023,19029
chhattisgarh,2018,2,pincode,491441,18770
chhattisgarh,2018,2,pincode,490006,18260
chhattisgarh,2018,2,pincode,492009,16914
chhattisgarh,2018,2,pincode,495450,15410
chhattisgarh,2018,3,district,raipur,231146
chhattisgarh,2018,3,district,durg,150753
chhattisgarh,2018,3,district,bilaspur,119415
chhattisgarh,2018,3,district,raigarh,89911
chhattisgarh,2018,3,district,janjgir champa,77834
chhattisgarh,2018,3,district,korba,68746
chhattisgarh,2018,3,district,rajnandgaon,50271
chhattisgarh,2018,3,district,baloda bazar,43335
chhattisgarh,2018,3,district,surguja,40025
chhattisgarh,2018,3,district,mahasamund,36628
chhattisgarh,2018,3,pincode,492001,56931
chhattisgarh,2018,3,pincode,495001,51338
chhattisgarh,2018,3,pincode,497001,31248
chhattisgarh,2018,3,pincode,491001,26913
chhattisgarh,2018,3,pincode,496005,24939
chhattisgarh,2018,3,pincode,491441,23726
chhattisgarh,2018,3,pincode,490023,22719
chhattisgarh,2018,3,pincode,490006,21320
chhattisgarh,2018,3,pincode,492009,20833
chhattisgarh,2018,3,pincode,495450,19323
chhattisgarh,2018,4,district,raipur,289198
chhattisgarh,2018,4,district,durg,185746
chhattisgarh,2018,4,district,bilaspur,153972
chhattisgarh,2018,4,district,raigarh,116785
chhattisgarh,2018,4,district,janjgir champa,107156
chhattisgarh,2018,4,district,korba,88680
chhattisgarh,2018,4,district,rajnandgaon,64828
chhattisgarh,2018,4,district,baloda bazar,60270
chhattisgarh,2018,4,district,surguja,51776
chhattisgarh,2018,4,district,mahasamund,47626
chhattisgarh,2018,4,pincode,492001,70803
chhattisgarh,2018,4,pincode,495001,63849
chhattisgarh,2018,4,pincode,497001,39828
chhattisgarh,2018,4,pincode,491001,33311
chhattisgarh,2018,4,pincode,496005,31493
chhattisgarh,2018,4,pincode,491441,29687
chhattisgarh,2018,4,pincode,490023,27817
chhattisgarh,2018,4,pincode,492009,26001
chhattisgarh,2018,4,pincode,490006,25695
chhattisgarh,2018,4,pincode,495450,24526
tripura,2022,1,district,west tripura,229161
tripura,2022,1,district,sepahijala,62906
tripura,2022,1,district,south tripura,62764
tripura,2022,1,district,north tripura,58694
tripura,2022,1,district,gomati,53356
tripura,2022,1,district,dhalai,46680
tripura,2022,1,district,khowai,36592
tripura,2022,1,district,unakoti,31971
tripura,2022,1,pincode,799001,39256
tripura,2022,1,pincode,799003,31986
tripura,2022,1,pincode,799006,20017
tripura,2022,1,pincode,799102,18503
tripura,2022,1,pincode,799002,17110
tripura,2022,1,pincode,799114,17110
tripura,2022,1,pincode,799004,16672
tripura,2022,1,pincode,799155,15580
tripura,2022,1,pincode,799007,14684
tripura,2022,1,pincode,799205,14236
tripura,2022,2,district,west tripura,242041
tripura,2022,2,district,sepahijala,66602
tripura,2022,2,district,south tripura,66478
tripura,2022,2,district,north tripura,62140
tripura,2022,2,district,gomati,56510
tripura,2022,2,district,dhalai,49424
tripura,2022,2,district,khowai,38683
tripura,2022,2,district,unakoti,33904
tripura,2022,2,pincode,799001,41385
tripura,2022,2,pincode,799003,33780
tripura,2022,2,pincode,799006,21113
tripura,2022,2,pincode,799102,19586
tripura,2022,2,pincode,799114,18129
tripura,2022,2,pincode,799002,18019
tripura,2022,2,pincode,799004,17628
tripura,2022,2,pincode,799155,16480
tripura,2022,2,pincode,799007,15483
tripura,2022,2,pincode,799205,14996
tripura,2022,3,district,west tripura,255161
tripura,2022,3,district,sepahijala,70255
tripura,2022,3,district,south tripura,70107
tripura,2022,3,district,north tripura,65452
tripura,2022,3,district,gomati,59506
tripura,2022,3,district,dhalai,52074
tripura,2022,3,district,khowai,40758
tripura,2022,3,district,unakoti,35830
tripura,2022,3,pincode,799001,43603
tripura,2022,3,pincode,799003,35586
tripura,2022,3,pincode,799006,22254
tripura,2022,3,pincode,799102,20683
tripura,2022,3,pincode,799114,19108
tripura,2022,3,pincode,799002,19010
tripura,2022,3,pincode,799004,18606
tripura,2022,3,pincode,799155,17384
tripura,2022,3,pincode,799007,16301
tripura,2022,3,pincode,799205,15835
tripura,2022,4,district,west tripura,267713
tripura,2022,4,district,sepahijala,73240
tripura,2022,4,district,south tripura,73117
tripura,2022,4,district,north tripura,68352
tripura,2022,4,district,gomati,62115
tripura,2022,4,district,dhalai,54280
tripura,2022,4,district,khowai,42490
tripura,2022,4,district,unakoti,37434
tripura,2022,4,pincode,799001,45881
tripura,2022,4,pincode,799003,37391
tripura,2022,4,pincode,799006,23420
tripura,2022,4,pincode,799102,21582
tripura,2022,4,pincode,799114,20070
tripura,2022,4,pincode,799002,19938
tripura,2022,4,pincode,799004,19534
tripura,2022,4,pincode,799155,18162
tripura,2022,4,pincode,799007,17130
tripura,2022,4,pincode,799205,16550
tripura,2024,1,district,west tripura,328332
tripura,2024,1,district,sepahijala,92008
tripura,2024,1,district,south tripura,91509
tripura,2024,1,district,north tripura,84974
tripura,2024,1,district,gomati,77781
tripura,2024,1,district,dhalai,67846
tripura,2024,1,district,khowai,53079
tripura,2024,1,district,unakoti,46606
tripura,2024,1,pincode,799001,55660
tripura,2024,1,pincode,799003,45730
tripura,2024,1,pincode,799006,28606
tripura,2024,1,pincode,799102,26998
tripura,2024,1,pincode,799114,24857
tripura,2024,1,pincode,799002,24298
tripura,2024,1,pincode,799004,24074
tripura,2024,1,pincode,799155,22546
tripura,2024,1,pincode,799007,20846
tripura,2024,1,pincode,799205,20572
tripura,2024,2,district,west tripura,341477
tripura,2024,2,district,sepahijala,95889
tripura,2024,2,district,south tripura,95400
tripura,2024,2,district,north tripura,88558
tripura,2024,2,district,gomati,81049
tripura,2024,2,district,dhalai,70600
tripura,2024,2,district,khowai,55217
tripura,2024,2,district,unakoti,48534
tripura,2024,2,pincode,799001,57878
tripura,2024,2,pincode,799003,47558
tripura,2024,2,pincode,799006,29750
tripura,2024,2,pincode,799102,28149
tripura,2024,2,pincode,799114,25934
tripura,2024,2,pincode,799002,25207
tripura,2024,2,pincode,799004,25040
tripura,2024,2,pincode,799155,23516
tripura,2024,2,pincode,799007,21640
tripura,2024,2,pincode,799205,21380
tripura,2024,3,district,west tripura,344910
tripura,2024,3,district,north tripura,103849
tripura,2024,3,district,gomati,92687
tripura,2024,3,district,south tripura,88785
tripura,2024,3,district,sepahijala,88030
tripura,2024,3,district,dhalai,79489
tripura,2024,3,district,unakoti,63383
tripura,2024,3,district,khowai,55203
tripura,2024,3,pincode,799002,48938
tripura,2024,3,pincode,799014,40124
tripura,2024,3,pincode,799001,33172
tripura,2024,3,pincode,799003,29635
tripura,2024,3,pincode,799102,27688
tripura,2024,3,pincode,799045,25211
tripura,2024,3,pincode,799131,22726
tripura,2024,3,pincode,799004,22343
tripura,2024,3,pincode,799155,21588
tripura,2024,3,pincode,799250,20605
tripura,2024,4,district,west tripura,355845
tripura,2024,4,district,north tripura,107812
tripura,2024,4,district,gomati,96003
tripura,2024,4,district,south tripura,91963
tripura,2024,4,district,sepahijala,91382
tripura,2024,4,district,dhalai,82769
tripura,2024,4,district,unakoti,65864
tripura,2024,4,district,khowai,57278
tripura,2024,4,pincode,799002,50251
tripura,2024,4,pincode,799014,41290
tripura,2024,4,pincode,799001,33925
tripura,2024,4,pincode,799003,30559
tripura,2024,4,pincode,799102,28683
tripura,2024,4,pincode,799045,26192
tripura,2024,4,pincode,799131,23555
tripura,2024,4,pincode,799004,23042
tripura,2024,4,pincode,799155,22303
tripura,2024,4,pincode,799250,21107
tripura,2023,1,district,west tripura,280021
tripura,2023,1,district,sepahijala,76900
tripura,2023,1,district,south tripura,76631
tripura,2023,1,district,north tripura,71616
tripura,2023,1,district,gomati,65137
tripura,2023,1,district,dhalai,56918
tripura,2023,1,district,khowai,44453
tripura,2023,1,district,unakoti,39208
tripura,2023,1,pincode,799001,47966
tripura,2023,1,pincode,799003,39083
tripura,2023,1,pincode,799006,24513
tripura,2023,1,pincode,799102,22645
tripura,2023,1,pincode,799114,21041
tripura,2023,1,pincode,799002,20863
tripura,2023,1,pincode,799004,20432
tripura,2023,1,pincode,799155,18988
tripura,2023,1,pincode,799007,17910
tripura,2023,1,pincode,799205,17294
tripura,2023,2,district,west tripura,291531
tripura,2023,2,district,sepahijala,80758
tripura,2023,2,district,south tripura,80248
tripura,2023,2,district,north tripura,74840
tripura,2023,2,district,gomati,68250
tripura,2023,2,district,dhalai,59728
tripura,2023,2,district,khowai,46636
tripura,2023,2,district,unakoti,41033
tripura,2023,2,pincode,799001,49774
tripura,2023,2,pincode,799003,40656
tripura,2023,2,pincode,799006,25471
tripura,2023,2,pincode,799102,23741
tripura,2023,2,pincode,799114,21944
tripura,2023,2,pincode,799002,21674
tripura,2023,2,pincode,799004,21308
tripura,2023,2,pincode,799155,19828
tripura,2023,2,pincode,799007,18612
tripura,2023,2,pincode,799205,18122
tripura,2023,3,district,west tripura,303494
tripura,2023,3,district,sepahijala,84329
tripura,2023,3,district,south tripura,83713
tripura,2023,3,district,north tripura,78079
tripura,2023,3,district,gomati,71255
tripura,2023,3,district,dhalai,62353
tripura,2023,3,district,khowai,48652
tripura,2023,3,district,unakoti,42803
tripura,2023,3,pincode,799001,51710
tripura,2023,3,pincode,799003,42296
tripura,2023,3,pincode,799006,26501
tripura,2023,3,pincode,799102,24740
tripura,2023,3,pincode,799114,22858
tripura,2023,3,pincode,799002,22537
tripura,2023,3,pincode,799004,22215
tripura,2023,3,pincode,799155,20643
tripura,2023,3,pincode,799007,19353
tripura,2023,3,pincode,799205,18913
tripura,2023,4,district,west tripura,315337
tripura,2023,4,district,sepahijala,87910
tripura,2023,4,district,south tripura,87397
tripura,2023,4,district,north tripura,81280
tripura,2023,4,district,gomati,74242
tripura,2023,4,district,dhalai,64896
tripura,2023,4,district,khowai,50673
tripura,2023,4,district,unakoti,44609
tripura,2023,4,pincode,799001,53590
tripura,2023,4,pincode,799003,43963
tripura,2023,4,pincode,799006,27509
tripura,2023,4,pincode,799102,25835
tripura,2023,4,pincode,799114,23792
tripura,2023,4,pincode,799002,23365
tripura,2023,4,pincode,799004,23095
tripura,2023,4,pincode,799155,21559
tripura,2023,4,pincode,799007,20080
tripura,2023,4,pincode,799205,19663
tripura,2019,1,district,west tripura,79732
tripura,2019,1,district,south tripura,19784
tripura,2019,1,district,sepahijala,18086
tripura,2019,1,district,gomati,16370
tripura,2019,1,district,north tripura,15986
tripura,2019,1,district,dhalai,13219
tripura,2019,1,district,khowai,11327
tripura,2019,1,district,unakoti,8750
tripura,2019,1,pincode,799001,14805
tripura,2019,1,pincode,799003,10956
tripura,2019,1,pincode,799006,7047
tripura,2019,1,pincode,799002,6123
tripura,2019,1,pincode,799155,5854
tripura,2019,1,pincode,799114,5790
tripura,2019,1,pincode,799102,5778
tripura,2019,1,pincode,799007,5767
tripura,2019,1,pincode,799004,5621
tripura,2019,1,pincode,799205,4515
tripura,2019,2,district,west tripura,93241
tripura,2019,2,district,south tripura,23743
tripura,2019,2,district,sepahijala,21673
tripura,2019,2,district,north tripura,19505
tripura,2019,2,district,gomati,19437
tripura,2019,2,district,dhalai,15893
tripura,2019,2,district,khowai,13523
tripura,2019,2,district,unakoti,10629
tripura,2019,2,pincode,799001,16798
tripura,2019,2,pincode,799003,13483
tripura,2019,2,pincode,799006,8140
tripura,2019,2,pincode,799002,7125
tripura,2019,2,pincode,799102,6905
tripura,2019,2,pincode,799114,6796
tripura,2019,2,pincode,799155,6631
tripura,2019,2,pincode,799004,6606
tripura,2019,2,pincode,799007,6544
tripura,2019,2,pincode,799205,5381
tripura,2019,3,district,west tripura,104949
tripura,2019,3,district,south tripura,26573
tripura,2019,3,district,sepahijala,24332
tripura,2019,3,district,north tripura,22522
tripura,2019,3,district,gomati,21722
tripura,2019,3,district,dhalai,18140
tripura,2019,3,district,khowai,15092
tripura,2019,3,district,unakoti,12126
tripura,2019,3,pincode,799001,18755
tripura,2019,3,pincode,799003,15422
tripura,2019,3,pincode,799006,9187
tripura,2019,3,pincode,799002,8029
tripura,2019,3,pincode,799102,7680
tripura,2019,3,pincode,799114,7570
tripura,2019,3,pincode,799004,7391
tripura,2019,3,pincode,799007,7245
tripura,2019,3,pincode,799155,7186
tripura,2019,3,pincode,799205,6016
tripura,2019,4,district,west tripura,114108
tripura,2019,4,district,south tripura,29753
tripura,2019,4,district,sepahijala,27322
tripura,2019,4,district,north tripura,25703
tripura,2019,4,district,gomati,24160
tripura,2019,4,district,dhalai,20609
tripura,2019,4,district,khowai,16819
tripura,2019,4,district,unakoti,13824
tripura,2019,4,pincode,799001,20197
tripura,2019,4,pincode,799003,16676
tripura,2019,4,pincode,799006,9937
tripura,2019,4,pincode,799002,8739
tripura,2019,4,pincode,799102,8512
tripura,2019,4,pincode,799114,8365
tripura,2019,4,pincode,799004,8090
tripura,2019,4,pincode,799155,8025
tripura,2019,4,pincode,799007,7836
tripura,2019,4,pincode,799205,6624
tripura,2021,1,district,west tripura,175841
tripura,2021,1,district,south tripura,47052
tripura,2021,1,district,sepahijala,46925
tripura,2021,1,district,north tripura,44051
tripura,2021,1,district,gomati,39920
tripura,2021,1,district,dhalai,34747
tripura,2021,1,district,khowai,27361
tripura,2021,1,district,unakoti,23739
tripura,2021,1,pincode,799001,30415
tripura,2021,1,pincode,799003,24761
tripura,2021,1,pincode,799006,15407
tripura,2021,1,pincode,799102,13875
tripura,2021,1,pincode,799002,13259
tripura,2021,1,pincode,799114,12991
tripura,2021,1,pincode,799004,12718
tripura,2021,1,pincode,799155,11835
tripura,2021,1,pincode,799007,11404
tripura,2021,1,pincode,799205,10728
tripura,2021,2,district,west tripura,188123
tripura,2021,2,district,sepahijala,50606
tripura,2021,2,district,south tripura,50556
tripura,2021,2,district,north tripura,47392
tripura,2021,2,district,gomati,42972
tripura,2021,2,district,dhalai,37460
tripura,2021,2,district,khowai,29432
tripura,2021,2,district,unakoti,25612
tripura,2021,2,pincode,799001,32443
tripura,2021,2,pincode,799003,26398
tripura,2021,2,pincode,799006,16480
tripura,2021,2,pincode,799102,14961
tripura,2021,2,pincode,799002,14184
tripura,2021,2,pincode,799114,13953
tripura,2021,2,pincode,799004,13618
tripura,2021,2,pincode,799155,12688
tripura,2021,2,pincode,799007,12171
tripura,2021,2,pincode,799205,11526
tripura,2021,3,district,west tripura,202122
tripura,2021,3,district,sepahijala,54797
tripura,2021,3,district,south tripura,54747
tripura,2021,3,district,north tripura,51321
tripura,2021,3,district,gomati,46535
tripura,2021,3,district,dhalai,40679
tripura,2021,3,district,khowai,31900
tripura,2021,3,district,unakoti,27828
tripura,2021,3,pincode,799001,34754
tripura,2021,3,pincode,799003,28328
tripura,2021,3,pincode,799006,17676
tripura,2021,3,pincode,799102,16110
tripura,2021,3,pincode,799002,15161
tripura,2021,3,pincode,799114,15042
tripura,2021,3,pincode,799004,14630
tripura,2021,3,pincode,799155,13681
tripura,2021,3,pincode,799007,13030
tripura,2021,3,pincode,799205,12462
tripura,2021,4,district,west tripura,215860
tripura,2021,4,district,sepahijala,58818
tripura,2021,4,district,south tripura,58777
tripura,2021,4,district,north tripura,55009
tripura,2021,4,district,gomati,49981
tripura,2021,4,district,dhalai,43705
tripura,2021,4,district,khowai,34253
tripura,2021,4,district,unakoti,29889
tripura,2021,4,pincode,799001,37053
tripura,2021,4,pincode,799003,30202
tripura,2021,4,pincode,799006,18860
tripura,2021,4,pincode,799102,17294
tripura,2021,4,pincode,799002,16156
tripura,2021,4,pincode,799114,16098
tripura,2021,4,pincode,799004,15668
tripura,2021,4,pincode,799155,14625
tripura,2021,4,pincode,799007,13875
tripura,2021,4,pincode,799205,13336
tripura,2020,1,district,west tripura,124538
tripura,2020,1,district,south tripura,32716
tripura,2020,1,district,sepahijala,30379
tripura,2020,1,district,north tripura,28648
tripura,2020,1,district,gomati,26688
tripura,2020,1,district,dhalai,22808
tripura,2020,1,district,khowai,18592
tripura,2020,1,district,unakoti,15593
tripura,2020,1,pincode,799001,21861
tripura,2020,1,pincode,799003,18173
tripura,2020,1,pincode,799006,10847
tripura,2020,1,pincode,799002,9526
tripura,2020,1,pincode,799102,9306
tripura,2020,1,pincode,799114,9131
tripura,2020,1,pincode,799004,8844
tripura,2020,1,pincode,799155,8712
tripura,2020,1,pincode,799007,8417
tripura,2020,1,pincode,799205,7325
tripura,2020,2,district,west tripura,137156
tripura,2020,2,district,south tripura,36522
tripura,2020,2,district,sepahijala,35017
tripura,2020,2,district,north tripura,32851
tripura,2020,2,district,gomati,30323
tripura,2020,2,district,dhalai,26043
tripura,2020,2,district,khowai,20922
tripura,2020,2,district,unakoti,17832
tripura,2020,2,pincode,799001,23830
tripura,2020,2,pincode,799003,19686
tripura,2020,2,pincode,799006,11961
tripura,2020,2,pincode,799102,10583
tripura,2020,2,pincode,799002,10419
tripura,2020,2,pincode,799114,10138
tripura,2020,2,pincode,799004,9850
tripura,2020,2,pincode,799155,9468
tripura,2020,2,pincode,799007,9103
tripura,2020,2,pincode,799205,8237
tripura,2020,3,district,west tripura,151432
tripura,2020,3,district,south tripura,40797
tripura,2020,3,district,sepahijala,39970
tripura,2020,3,district,north tripura,37284
tripura,2020,3,district,gomati,34073
tripura,2020,3,district,dhalai,29515
tripura,2020,3,district,khowai,23565
tripura,2020,3,district,unakoti,20095
tripura,2020,3,pincode,799001,26184
tripura,2020,3,pincode,799003,21525
tripura,2020,3,pincode,799006,13199
tripura,2020,3,pincode,799102,11961
tripura,2020,3,pincode,799002,11419
tripura,2020,3,pincode,799114,11221
tripura,2020,3,pincode,799004,10988
tripura,2020,3,pincode,799155,10417
tripura,2020,3,pincode,799007,9861
tripura,2020,3,pincode,799205,9264
tripura,2020,4,district,west tripura,163752
tripura,2020,4,district,south tripura,43899
tripura,2020,4,district,sepahijala,43722
tripura,2020,4,district,north tripura,40886
tripura,2020,4,district,gomati,37129
tripura,2020,4,district,dhalai,32210
tripura,2020,4,district,khowai,25507
tripura,2020,4,district,unakoti,22005
tripura,2020,4,pincode,799001,28351
tripura,2020,4,pincode,799003,23114
tripura,2020,4,pincode,799006,14333
tripura,2020,4,pincode,799102,12945
tripura,2020,4,pincode,799002,12369
tripura,2020,4,pincode,799114,12123
tripura,2020,4,pincode,799004,11861
tripura,2020,4,pincode,799155,11111
tripura,2020,4,pincode,799007,10586
tripura,2020,4,pincode,799205,9999
tripura,2018,1,district,west tripura,27242
tripura,2018,1,district,south tripura,5361
tripura,2018,1,district,sepahijala,4664
tripura,2018,1,district,gomati,4509
tripura,2018,1,district,north tripura,4432
tripura,2018,1,district,dhalai,3448
tripura,2018,1,district,khowai,3017
tripura,2018,1,district,unakoti,2484
tripura,2018,1,pincode,799001,5309
tripura,2018,1,pincode,799003,3658
tripura,2018,1,pincode,799006,2495
tripura,2018,1,pincode,799007,2179
tripura,2018,1,pincode,799002,2177
tripura,2018,1,pincode,799004,1852
tripura,2018,1,pincode,799114,1733
tripura,2018,1,pincode,799102,1720
tripura,2018,1,pincode,799155,1491
tripura,2018,1,pincode,799205,1320
tripura,2018,2,district,west tripura,40345
tripura,2018,2,district,south tripura,8068
tripura,2018,2,district,sepahijala,7217
tripura,2018,2,district,gomati,6973
tripura,2018,2,district,north tripura,6702
tripura,2018,2,district,dhalai,5549
tripura,2018,2,district,khowai,4674
tripura,2018,2,district,unakoti,3841
tripura,2018,2,pincode,799001,7739
tripura,2018,2,pincode,799003,5560
tripura,2018,2,pincode,799006,3607
tripura,2018,2,pincode,799002,3184
tripura,2018,2,pincode,799007,3184
tripura,2018,2,pincode,799004,2819
tripura,2018,2,pincode,799114,2609
tripura,2018,2,pincode,799102,2582
tripura,2018,2,pincode,799155,2382
tripura,2018,2,pincode,799205,2016
tripura,2018,3,district,west tripura,53531
tripura,2018,3,district,south tripura,12286
tripura,2018,3,district,sepahijala,10803
tripura,2018,3,district,gomati,10168
tripura,2018,3,district,north tripura,9771
tripura,2018,3,district,dhalai,8039
tripura,2018,3,district,khowai,6816
tripura,2018,3,district,unakoti,5460
tripura,2018,3,pincode,799001,10116
tripura,2018,3,pincode,799003,7364
tripura,2018,3,pincode,799006,4766
tripura,2018,3,pincode,799002,4214
tripura,2018,3,pincode,799007,4058
tripura,2018,3,pincode,799155,3959
tripura,2018,3,pincode,799004,3792
tripura,2018,3,pincode,799102,3730
tripura,2018,3,pincode,799114,3713
tripura,2018,3,pincode,799205,2889
tripura,2018,4,district,west tripura,67549
tripura,2018,4,district,south tripura,16426
tripura,2018,4,district,sepahijala,14973
tripura,2018,4,district,gomati,13542
tripura,2018,4,district,north tripura,13150
tripura,2018,4,district,dhalai,10877
tripura,2018,4,district,khowai,9488
tripura,2018,4,district,unakoti,7260
tripura,2018,4,pincode,799001,12625
tripura,2018,4,pincode,799003,9212
tripura,2018,4,pincode,799006,6036
tripura,2018,4,pincode,799002,5315
tripura,2018,4,pincode,799155,5088
tripura,2018,4,pincode,799007,5022
tripura,2018,4,pincode,799102,4865
tripura,2018,4,pincode,799114,4862
tripura,2018,4,pincode,799004,4839
tripura,2018,4,pincode,799205,3760
mizoram,2022,1,district,aizawl,59433
mizoram,2022,1,district,lunglei,14538
mizoram,2022,1,district,lawngtlai,11459
mizoram,2022,1,district,kolasib,8375
mizoram,2022,1,district,champhai,6875
mizoram,2022,1,district,mamit,6299
mizoram,2022,1,district,serchhip,4906
mizoram,2022,1,district,saiha,3410
mizoram,2022,1,pincode,796005,16682
mizoram,2022,1,pincode,796009,15199
mizoram,2022,1,pincode,796701,7976
mizoram,2022,1,pincode,796012,7071
mizoram,2022,1,pincode,796017,6110
mizoram,2022,1,pincode,796008,5037
mizoram,2022,1,pincode,796772,4513
mizoram,2022,1,pincode,796321,4156
mizoram,2022,1,pincode,796081,4020
mizoram,2022,1,pincode,796014,3670
mizoram,2022,2,district,aizawl,62605
mizoram,2022,2,district,lunglei,15302
mizoram,2022,2,district,lawngtlai,12114
mizoram,2022,2,district,kolasib,8872
mizoram,2022,2,district,champhai,7233
mizoram,2022,2,district,mamit,6641
mizoram,2022,2,district,serchhip,5170
mizoram,2022,2,district,saiha,3598
mizoram,2022,2,pincode,796005,17564
mizoram,2022,2,pincode,796009,16002
mizoram,2022,2,pincode,796701,8395
mizoram,2022,2,pincode,796012,7437
mizoram,2022,2,pincode,796017,6465
mizoram,2022,2,pincode,796008,5303
mizoram,2022,2,pincode,796772,4791
mizoram,2022,2,pincode,796321,4381
mizoram,2022,2,pincode,796081,4275
mizoram,2022,2,pincode,796014,3864
mizoram,2022,3,district,aizawl,65940
mizoram,2022,3,district,lunglei,16062
mizoram,2022,3,district,lawngtlai,12771
mizoram,2022,3,district,kolasib,9300
mizoram,2022,3,district,champhai,7576
mizoram,2022,3,district,mamit,6931
mizoram,2022,3,district,serchhip,5390
mizoram,2022,3,district,saiha,3765
mizoram,2022,3,pincode,796005,18512
mizoram,2022,3,pincode,796009,16866
mizoram,2022,3,pincode,796701,8842
mizoram,2022,3,pincode,796012,7826
mizoram,2022,3,pincode,796017,6808
mizoram,2022,3,pincode,796008,5612
mizoram,2022,3,pincode,796772,5092
mizoram,2022,3,pincode,796321,4603
mizoram,2022,3,pincode,796081,4485
mizoram,2022,3,pincode,796014,4068
mizoram,2022,4,district,aizawl,68925
mizoram,2022,4,district,lunglei,16676
mizoram,2022,4,district,lawngtlai,13303
mizoram,2022,4,district,kolasib,9602
mizoram,2022,4,district,champhai,7814
mizoram,2022,4,district,mamit,7086
mizoram,2022,4,district,serchhip,5551
mizoram,2022,4,district,saiha,3913
mizoram,2022,4,pincode,796005,19398
mizoram,2022,4,pincode,796009,17652
mizoram,2022,4,pincode,796701,9232
mizoram,2022,4,pincode,796012,8201
mizoram,2022,4,pincode,796017,7121
mizoram,2022,4,pincode,796008,5882
mizoram,2022,4,pincode,796772,5348
mizoram,2022,4,pincode,796321,4764
mizoram,2022,4,pincode,796081,4657
mizoram,2022,4,pincode,796014,4239
mizoram,2024,1,district,aizawl,84499
mizoram,2024,1,district,lunglei,20891
mizoram,2024,1,district,lawngtlai,16779
mizoram,2024,1,district,kolasib,12085
mizoram,2024,1,district,champhai,9876
mizoram,2024,1,district,mamit,9085
mizoram,2024,1,district,serchhip,6995
mizoram,2024,1,district,saiha,4916
mizoram,2024,1,pincode,796005,23648
mizoram,2024,1,pincode,796009,21529
mizoram,2024,1,pincode,796701,11454
mizoram,2024,1,pincode,796012,9957
mizoram,2024,1,pincode,796017,8759
mizoram,2024,1,pincode,796008,7206
mizoram,2024,1,pincode,796772,6664
mizoram,2024,1,pincode,796321,5954
mizoram,2024,1,pincode,796081,5835
mizoram,2024,1,pincode,796014,5229
mizoram,2024,2,district,aizawl,87821
mizoram,2024,2,district,lunglei,21695
mizoram,2024,2,district,lawngtlai,17421
mizoram,2024,2,district,kolasib,12540
mizoram,2024,2,district,champhai,10246
mizoram,2024,2,district,mamit,9452
mizoram,2024,2,district,serchhip,7272
mizoram,2024,2,district,saiha,5093
mizoram,2024,2,pincode,796005,24590
mizoram,2024,2,pincode,796009,22352
mizoram,2024,2,pincode,796701,11920
mizoram,2024,2,pincode,796012,10354
mizoram,2024,2,pincode,796017,9124
mizoram,2024,2,pincode,796008,7493
mizoram,2024,2,pincode,796772,6938
mizoram,2024,2,pincode,796321,6182
mizoram,2024,2,pincode,796081,6066
mizoram,2024,2,pincode,796014,5437
mizoram,2024,3,district,aizawl,109335
mizoram,2024,3,district,lunglei,25124
mizoram,2024,3,district,lawngtlai,24345
mizoram,2024,3,district,kolasib,17391
mizoram,2024,3,district,mamit,14535
mizoram,2024,3,district,serchhip,8785
mizoram,2024,3,district,champhai,8177
mizoram,2024,3,district,siaha,7056
mizoram,2024,3,district,saitual,4674
mizoram,2024,3,district,hnahthial,2797
mizoram,2024,3,pincode,796001,26476
mizoram,2024,3,pincode,796005,21871
mizoram,2024,3,pincode,796701,17231
mizoram,2024,3,pincode,796009,13722
mizoram,2024,3,pincode,796007,13320
mizoram,2024,3,pincode,796770,13176
mizoram,2024,3,pincode,796008,8385
mizoram,2024,3,pincode,796081,8071
mizoram,2024,3,pincode,796321,7347
mizoram,2024,3,pincode,796891,6906
mizoram,2024,4,district,aizawl,113860
mizoram,2024,4,district,lunglei,26236
mizoram,2024,4,district,lawngtlai,25334
mizoram,2024,4,district,kolasib,18177
mizoram,2024,4,district,mamit,15222
mizoram,2024,4,district,serchhip,9183
mizoram,2024,4,district,champhai,8509
mizoram,2024,4,district,siaha,7374
mizoram,2024,4,district,saitual,4829
mizoram,2024,4,district,hnahthial,2932
mizoram,2024,4,pincode,796001,27518
mizoram,2024,4,pincode,796005,22763
mizoram,2024,4,pincode,796701,18004
mizoram,2024,4,pincode,796009,14328
mizoram,2024,4,pincode,796007,13862
mizoram,2024,4,pincode,796770,13669
mizoram,2024,4,pincode,796008,8660
mizoram,2024,4,pincode,796081,8475
mizoram,2024,4,pincode,796321,7637
mizoram,2024,4,pincode,796891,7224
mizoram,2023,1,district,aizawl,71979
mizoram,2023,1,district,lunglei,17393
mizoram,2023,1,district,lawngtlai,13917
mizoram,2023,1,district,kolasib,10051
mizoram,2023,1,district,champhai,8148
mizoram,2023,1,district,mamit,7399
mizoram,2023,1,district,serchhip,5783
mizoram,2023,1,district,saiha,4081
mizoram,2023,1,pincode,796005,20236
mizoram,2023,1,pincode,796009,18453
mizoram,2023,1,pincode,796701,9633
mizoram,2023,1,pincode,796012,8546
mizoram,2023,1,pincode,796017,7432
mizoram,2023,1,pincode,796008,6155
mizoram,2023,1,pincode,796772,5620
mizoram,2023,1,pincode,796321,4978
mizoram,2023,1,pincode,796081,4890
mizoram,2023,1,pincode,796014,4442
mizoram,2023,2,district,aizawl,74977
mizoram,2023,2,district,lunglei,18222
mizoram,2023,2,district,lawngtlai,14604
mizoram,2023,2,district,kolasib,10535
mizoram,2023,2,district,champhai,8546
mizoram,2023,2,district,mamit,7820
mizoram,2023,2,district,serchhip,6084
mizoram,2023,2,district,saiha,4273
mizoram,2023,2,pincode,796005,21052
mizoram,2023,2,pincode,796009,19223
mizoram,2023,2,pincode,796701,10057
mizoram,2023,2,pincode,796012,8880
mizoram,2023,2,pincode,796017,7751
mizoram,2023,2,pincode,796008,6417
mizoram,2023,2,pincode,796772,5868
mizoram,2023,2,pincode,796321,5211
mizoram,2023,2,pincode,796081,5107
mizoram,2023,2,pincode,796014,4621
mizoram,2023,3,district,aizawl,78038
mizoram,2023,3,district,lunglei,19056
mizoram,2023,3,district,lawngtlai,15259
mizoram,2023,3,district,kolasib,11036
mizoram,2023,3,district,champhai,8968
mizoram,2023,3,district,mamit,8205
mizoram,2023,3,district,serchhip,6340
mizoram,2023,3,district,saiha,4476
mizoram,2023,3,pincode,796005,21882
mizoram,2023,3,pincode,796009,19980
mizoram,2023,3,pincode,796701,10489
mizoram,2023,3,pincode,796012,9233
mizoram,2023,3,pincode,796017,8090
mizoram,2023,3,pincode,796008,6670
mizoram,2023,3,pincode,796772,6125
mizoram,2023,3,pincode,796321,5462
mizoram,2023,3,pincode,796081,5357
mizoram,2023,3,pincode,796014,4809
mizoram,2023,4,district,aizawl,81008
mizoram,2023,4,district,lunglei,19893
mizoram,2023,4,district,lawngtlai,15925
mizoram,2023,4,district,kolasib,11527
mizoram,2023,4,district,champhai,9373
mizoram,2023,4,district,mamit,8589
mizoram,2023,4,district,serchhip,6635
mizoram,2023,4,district,saiha,4677
mizoram,2023,4,pincode,796005,22709
mizoram,2023,4,pincode,796009,20707
mizoram,2023,4,pincode,796701,10942
mizoram,2023,4,pincode,796012,9557
mizoram,2023,4,pincode,796017,8377
mizoram,2023,4,pincode,796008,6934
mizoram,2023,4,pincode,796772,6346
mizoram,2023,4,pincode,796321,5687
mizoram,2023,4,pincode,796081,5579
mizoram,2023,4,pincode,796014,4999
mizoram,2019,1,district,aizawl,13422
mizoram,2019,1,district,lunglei,2910
mizoram,2019,1,district,kolasib,1730
mizoram,2019,1,district,lawngtlai,1648
mizoram,2019,1,district,champhai,1179
mizoram,2019,1,district,mamit,1096
mizoram,2019,1,district,serchhip,1047
mizoram,2019,1,district,saiha,638
mizoram,2019,1,pincode,796005,3769
mizoram,2019,1,pincode,796009,3457
mizoram,2019,1,pincode,796012,1670
mizoram,2019,1,pincode,796701,1651
mizoram,2019,1,pincode,796017,1477
mizoram,2019,1,pincode,796008,1074
mizoram,2019,1,pincode,796014,864
mizoram,2019,1,pincode,796081,807
mizoram,2019,1,pincode,796321,803
mizoram,2019,1,pincode,796181,752
mizoram,2019,2,district,aizawl,15934
mizoram,2019,2,district,lunglei,3575
mizoram,2019,2,district,lawngtlai,2133
mizoram,2019,2,district,kolasib,2120
mizoram,2019,2,district,champhai,1429
mizoram,2019,2,district,mamit,1428
mizoram,2019,2,district,serchhip,1295
mizoram,2019,2,district,saiha,782
mizoram,2019,2,pincode,796005,4439
mizoram,2019,2,pincode,796009,4143
mizoram,2019,2,pincode,796701,2033
mizoram,2019,2,pincode,796012,1919
mizoram,2019,2,pincode,796017,1781
mizoram,2019,2,pincode,796008,1267
mizoram,2019,2,pincode,796014,1001
mizoram,2019,2,pincode,796081,972
mizoram,2019,2,pincode,796321,948
mizoram,2019,2,pincode,796181,925
mizoram,2019,3,district,aizawl,18992
mizoram,2019,3,district,lunglei,4197
mizoram,2019,3,district,lawngtlai,2647
mizoram,2019,3,district,kolasib,2497
mizoram,2019,3,district,champhai,1733
mizoram,2019,3,district,mamit,1655
mizoram,2019,3,district,serchhip,1512
mizoram,2019,3,district,saiha,901
mizoram,2019,3,pincode,796005,5357
mizoram,2019,3,pincode,796009,5022
mizoram,2019,3,pincode,796701,2408
mizoram,2019,3,pincode,796012,2285
mizoram,2019,3,pincode,796017,2046
mizoram,2019,3,pincode,796008,1521
mizoram,2019,3,pincode,796081,1182
mizoram,2019,3,pincode,796772,1173
mizoram,2019,3,pincode,796014,1168
mizoram,2019,3,pincode,796321,1137
mizoram,2019,4,district,aizawl,21865
mizoram,2019,4,district,lunglei,4926
mizoram,2019,4,district,lawngtlai,3255
mizoram,2019,4,district,kolasib,2929
mizoram,2019,4,district,champhai,2067
mizoram,2019,4,district,mamit,1996
mizoram,2019,4,district,serchhip,1735
mizoram,2019,4,district,saiha,1036
mizoram,2019,4,pincode,796005,6157
mizoram,2019,4,pincode,796009,5779
mizoram,2019,4,pincode,796701,2825
mizoram,2019,4,pincode,796012,2628
mizoram,2019,4,pincode,796017,2308
mizoram,2019,4,pincode,796008,1752
mizoram,2019,4,pincode,796772,1401
mizoram,2019,4,pincode,796081,1369
mizoram,2019,4,pincode,796014,1358
mizoram,2019,4,pincode,796321,1339
mizoram,2021,1,district,aizawl,45103
mizoram,2021,1,district,lunglei,10638
mizoram,2021,1,district,lawngtlai,8386
mizoram,2021,1,district,kolasib,6120
mizoram,2021,1,district,champhai,4968
mizoram,2021,1,district,mamit,4467
mizoram,2021,1,district,serchhip,3582
mizoram,2021,1,district,saiha,2486
mizoram,2021,1,pincode,796005,12750
mizoram,2021,1,pincode,796009,11596
mizoram,2021,1,pincode,796701,5955
mizoram,2021,1,pincode,796012,5408
mizoram,2021,1,pincode,796017,4636
mizoram,2021,1,pincode,796008,3862
mizoram,2021,1,pincode,796772,3400
mizoram,2021,1,pincode,796321,3045
mizoram,2021,1,pincode,796081,2988
mizoram,2021,1,pincode,796014,2744
mizoram,2021,2,district,aizawl,48525
mizoram,2021,2,district,lunglei,11491
mizoram,2021,2,district,lawngtlai,9096
mizoram,2021,2,district,kolasib,6624
mizoram,2021,2,district,champhai,5366
mizoram,2021,2,district,mamit,4882
mizoram,2021,2,district,serchhip,3884
mizoram,2021,2,district,saiha,2684
mizoram,2021,2,pincode,796005,13677
mizoram,2021,2,pincode,796009,12453
mizoram,2021,2,pincode,796701,6414
mizoram,2021,2,pincode,796012,5816
mizoram,2021,2,pincode,796017,4992
mizoram,2021,2,pincode,796008,4149
mizoram,2021,2,pincode,796772,3654
mizoram,2021,2,pincode,796321,3287
mizoram,2021,2,pincode,796081,3224
mizoram,2021,2,pincode,796014,2970
mizoram,2021,3,district,aizawl,52313
mizoram,2021,3,district,lunglei,12614
mizoram,2021,3,district,lawngtlai,9954
mizoram,2021,3,district,kolasib,7229
mizoram,2021,3,district,champhai,5935
mizoram,2021,3,district,mamit,5392
mizoram,2021,3,district,serchhip,4255
mizoram,2021,3,district,saiha,2955
mizoram,2021,3,pincode,796005,14719
mizoram,2021,3,pincode,796009,13381
mizoram,2021,3,pincode,796701,6966
mizoram,2021,3,pincode,796012,6245
mizoram,2021,3,pincode,796017,5386
mizoram,2021,3,pincode,796008,4446
mizoram,2021,3,pincode,796772,3960
mizoram,2021,3,pincode,796321,3608
mizoram,2021,3,pincode,796081,3500
mizoram,2021,3,pincode,796014,3214
mizoram,2021,4,district,aizawl,56005
mizoram,2021,4,district,lunglei,13668
mizoram,2021,4,district,lawngtlai,10738
mizoram,2021,4,district,kolasib,7850
mizoram,2021,4,district,champhai,6447
mizoram,2021,4,district,mamit,5887
mizoram,2021,4,district,serchhip,4614
mizoram,2021,4,district,saiha,3196
mizoram,2021,4,pincode,796005,15729
mizoram,2021,4,pincode,796009,14302
mizoram,2021,4,pincode,796701,7499
mizoram,2021,4,pincode,796012,6671
mizoram,2021,4,pincode,796017,5769
mizoram,2021,4,pincode,796008,4757
mizoram,2021,4,pincode,796772,4219
mizoram,2021,4,pincode,796321,3902
mizoram,2021,4,pincode,796081,3795
mizoram,2021,4,pincode,796014,3448
mizoram,2020,1,district,aizawl,25253
mizoram,2020,1,district,lunglei,5778
mizoram,2020,1,district,lawngtlai,3996
mizoram,2020,1,district,kolasib,3360
mizoram,2020,1,district,champhai,2448
mizoram,2020,1,district,mamit,2379
mizoram,2020,1,district,serchhip,1992
mizoram,2020,1,district,saiha,1293
mizoram,2020,1,pincode,796005,7161
mizoram,2020,1,pincode,796009,6674
mizoram,2020,1,pincode,796701,3352
mizoram,2020,1,pincode,796012,3014
mizoram,2020,1,pincode,796017,2613
mizoram,2020,1,pincode,796008,2034
mizoram,2020,1,pincode,796772,1698
mizoram,2020,1,pincode,796081,1622
mizoram,2020,1,pincode,796014,1591
mizoram,2020,1,pincode,796321,1576
mizoram,2020,2,district,aizawl,29637
mizoram,2020,2,district,lunglei,7006
mizoram,2020,2,district,lawngtlai,4977
mizoram,2020,2,district,kolasib,4022
mizoram,2020,2,district,champhai,3052
mizoram,2020,2,district,mamit,2911
mizoram,2020,2,district,serchhip,2379
mizoram,2020,2,district,saiha,1590
mizoram,2020,2,pincode,796005,8374
mizoram,2020,2,pincode,796009,7831
mizoram,2020,2,pincode,796701,3962
mizoram,2020,2,pincode,796012,3500
mizoram,2020,2,pincode,796017,3053
mizoram,2020,2,pincode,796008,2433
mizoram,2020,2,pincode,796772,2068
mizoram,2020,2,pincode,796081,1939
mizoram,2020,2,pincode,796321,1916
mizoram,2020,2,pincode,796014,1830
mizoram,2020,3,district,aizawl,36225
mizoram,2020,3,district,lunglei,8442
mizoram,2020,3,district,lawngtlai,6412
mizoram,2020,3,district,kolasib,4923
mizoram,2020,3,district,champhai,3883
mizoram,2020,3,district,mamit,3597
mizoram,2020,3,district,serchhip,2871
mizoram,2020,3,district,saiha,1962
mizoram,2020,3,pincode,796005,10284
mizoram,2020,3,pincode,796009,9358
mizoram,2020,3,pincode,796701,4775
mizoram,2020,3,pincode,796012,4268
mizoram,2020,3,pincode,796017,3702
mizoram,2020,3,pincode,796008,3104
mizoram,2020,3,pincode,796772,2679
mizoram,2020,3,pincode,796081,2414
mizoram,2020,3,pincode,796321,2410
mizoram,2020,3,pincode,796014,2245
mizoram,2020,4,district,aizawl,41500
mizoram,2020,4,district,lunglei,9794
mizoram,2020,4,district,lawngtlai,7618
mizoram,2020,4,district,kolasib,5599
mizoram,2020,4,district,champhai,4550
mizoram,2020,4,district,mamit,4083
mizoram,2020,4,district,serchhip,3313
mizoram,2020,4,district,saiha,2274
mizoram,2020,4,pincode,796005,11766
mizoram,2020,4,pincode,796009,10691
mizoram,2020,4,pincode,796701,5485
mizoram,2020,4,pincode,796012,4956
mizoram,2020,4,pincode,796017,4253
mizoram,2020,4,pincode,796008,3552
mizoram,2020,4,pincode,796772,3113
mizoram,2020,4,pincode,796321,2781
mizoram,2020,4,pincode,796081,2745
mizoram,2020,4,pincode,796014,2507
mizoram,2018,1,district,aizawl,4550
mizoram,2018,1,district,lunglei,879
mizoram,2018,1,district,kolasib,486
mizoram,2018,1,district,lawngtlai,474
mizoram,2018,1,district,champhai,358
mizoram,2018,1,district,mamit,316
mizoram,2018,1,district,serchhip,299
mizoram,2018,1,district,saiha,231
mizoram,2018,1,pincode,796005,1339
mizoram,2018,1,pincode,796009,1181
mizoram,2018,1,pincode,796012,662
mizoram,2018,1,pincode,796701,515
mizoram,2018,1,pincode,796017,393
mizoram,2018,1,pincode,796014,301
mizoram,2018,1,pincode,796008,296
mizoram,2018,1,pincode,796321,280
mizoram,2018,1,pincode,796081,221
mizoram,2018,1,pincode,796181,211
mizoram,2018,2,district,aizawl,6211
mizoram,2018,2,district,lunglei,1241
mizoram,2018,2,district,kolasib,692
mizoram,2018,2,district,lawngtlai,607
mizoram,2018,2,district,champhai,501
mizoram,2018,2,district,serchhip,440
mizoram,2018,2,district,mamit,435
mizoram,2018,2,district,saiha,295
mizoram,2018,2,pincode,796005,1779
mizoram,2018,2,pincode,796009,1576
mizoram,2018,2,pincode,796012,856
mizoram,2018,2,pincode,796701,710
mizoram,2018,2,pincode,796017,615
mizoram,2018,2,pincode,796008,454
mizoram,2018,2,pincode,796014,413
mizoram,2018,2,pincode,796321,375
mizoram,2018,2,pincode,796081,315
mizoram,2018,2,pincode,796181,315
mizoram,2018,3,district,aizawl,8460
mizoram,2018,3,district,lunglei,1751
mizoram,2018,3,district,kolasib,1012
mizoram,2018,3,district,lawngtlai,922
mizoram,2018,3,district,champhai,729
mizoram,2018,3,district,serchhip,633
mizoram,2018,3,district,mamit,599
mizoram,2018,3,district,saiha,396
mizoram,2018,3,pincode,796005,2357
mizoram,2018,3,pincode,796009,2149
mizoram,2018,3,pincode,796012,1105
mizoram,2018,3,pincode,796701,992
mizoram,2018,3,pincode,796017,910
mizoram,2018,3,pincode,796008,637
mizoram,2018,3,pincode,796014,582
mizoram,2018,3,pincode,796321,523
mizoram,2018,3,pincode,796081,480
mizoram,2018,3,pincode,796181,467
mizoram,2018,4,district,aizawl,11131
mizoram,2018,4,district,lunglei,2391
mizoram,2018,4,district,kolasib,1393
mizoram,2018,4,district,lawngtlai,1254
mizoram,2018,4,district,champhai,1001
mizoram,2018,4,district,serchhip,857
mizoram,2018,4,district,mamit,835
mizoram,2018,4,district,saiha,503
mizoram,2018,4,pincode,796005,3120
mizoram,2018,4,pincode,796009,2834
mizoram,2018,4,pincode,796012,1421
mizoram,2018,4,pincode,796701,1379
mizoram,2018,4,pincode,796017,1233
mizoram,2018,4,pincode,796008,874
mizoram,2018,4,pincode,796014,718
mizoram,2018,4,pincode,796321,694
mizoram,2018,4,pincode,796081,651
mizoram,2018,4,pincode,796181,627
himachal-pradesh,2022,1,district,solan,410487
himachal-pradesh,2022,1,district,kangra,405048
himachal-pradesh,2022,1,district,shimla,267642
himachal-pradesh,2022,1,district,mandi,246307
himachal-pradesh,2022,1,district,sirmaur,154267
himachal-pradesh,2022,1,district,hamirpur,144434
himachal-pradesh,2022,1,district,kullu,141024
himachal-pradesh,2022,1,district,una,133249
himachal-pradesh,2022,1,district,bilaspur,104121
himachal-pradesh,2022,1,district,chamba,103270
himachal-pradesh,2022,1,pincode,173205,157444
himachal-pradesh,2022,1,pincode,174101,83008
himachal-pradesh,2022,1,pincode,173025,51122
himachal-pradesh,2022,1,pincode,173212,36295
himachal-pradesh,2022,1,pincode,175131,33781
himachal-pradesh,2022,1,pincode,171001,31090
himachal-pradesh,2022,1,pincode,175001,27584
himachal-pradesh,2022,1,pincode,176001,25946
himachal-pradesh,2022,1,pincode,176310,25418
himachal-pradesh,2022,1,pincode,174303,24940
himachal-pradesh,2022,2,district,solan,433753
himachal-pradesh,2022,2,district,kangra,427676
himachal-pradesh,2022,2,district,shimla,282560
himachal-pradesh,2022,2,district,mandi,260233
himachal-pradesh,2022,2,district,sirmaur,163150
himachal-pradesh,2022,2,district,hamirpur,152759
himachal-pradesh,2022,2,district,kullu,148844
himachal-pradesh,2022,2,district,una,140791
himachal-pradesh,2022,2,district,bilaspur,110019
himachal-pradesh,2022,2,district,chamba,109087
himachal-pradesh,2022,2,pincode,173205,166449
himachal-pradesh,2022,2,pincode,174101,87920
himachal-pradesh,2022,2,pincode,173025,54009
himachal-pradesh,2022,2,pincode,173212,38203
himachal-pradesh,2022,2,pincode,175131,35511
himachal-pradesh,2022,2,pincode,171001,32684
himachal-pradesh,2022,2,pincode,175001,29069
himachal-pradesh,2022,2,pincode,176001,27332
himachal-pradesh,2022,2,pincode,176310,26787
himachal-pradesh,2022,2,pincode,174303,26283
himachal-pradesh,2022,3,district,solan,457393
himachal-pradesh,2022,3,district,kangra,449619
himachal-pradesh,2022,3,district,shimla,296508
himachal-pradesh,2022,3,district,mandi,273475
himachal-pradesh,2022,3,district,sirmaur,171743
himachal-pradesh,2022,3,district,hamirpur,160759
himachal-pradesh,2022,3,district,kullu,156387
himachal-pradesh,2022,3,district,una,148148
himachal-pradesh,2022,3,district,bilaspur,115654
himachal-pradesh,2022,3,district,chamba,114576
himachal-pradesh,2022,3,pincode,173205,175904
himachal-pradesh,2022,3,pincode,174101,92820
himachal-pradesh,2022,3,pincode,173025,56931
himachal-pradesh,2022,3,pincode,173212,40204
himachal-pradesh,2022,3,pincode,175131,37302
himachal-pradesh,2022,3,pincode,171001,34261
himachal-pradesh,2022,3,pincode,175001,30499
himachal-pradesh,2022,3,pincode,176001,28749
himachal-pradesh,2022,3,pincode,176310,28132
himachal-pradesh,2022,3,pincode,174303,27631
himachal-pradesh,2022,4,district,solan,479537
himachal-pradesh,2022,4,district,kangra,468410
himachal-pradesh,2022,4,district,shimla,308448
himachal-pradesh,2022,4,district,mandi,284425
himachal-pradesh,2022,4,district,sirmaur,179223
himachal-pradesh,2022,4,district,hamirpur,167686
himachal-pradesh,2022,4,district,kullu,162922
himachal-pradesh,2022,4,district,una,154314
himachal-pradesh,2022,4,district,bilaspur,120345
himachal-pradesh,2022,4,district,chamba,118985
himachal-pradesh,2022,4,pincode,173205,185427
himachal-pradesh,2022,4,pincode,174101,97287
himachal-pradesh,2022,4,pincode,173025,59665
himachal-pradesh,2022,4,pincode,173212,42153
himachal-pradesh,2022,4,pincode,175131,38954
himachal-pradesh,2022,4,pincode,171001,35912
himachal-pradesh,2022,4,pincode,175001,31959
himachal-pradesh,2022,4,pincode,176001,30045
himachal-pradesh,2022,4,pincode,176310,29369
himachal-pradesh,2022,4,pincode,174303,28849
himachal-pradesh,2024,1,district,solan,589300
himachal-pradesh,2024,1,district,kangra,574721
himachal-pradesh,2024,1,district,shimla,377256
himachal-pradesh,2024,1,district,mandi,349578
himachal-pradesh,2024,1,district,sirmaur,221437
himachal-pradesh,2024,1,district,hamirpur,205849
himachal-pradesh,2024,1,district,kullu,199263
himachal-pradesh,2024,1,district,una,189642
himachal-pradesh,2024,1,district,bilaspur,147931
himachal-pradesh,2024,1,district,chamba,147121
himachal-pradesh,2024,1,pincode,173205,228150
himachal-pradesh,2024,1,pincode,174101,119848
himachal-pradesh,2024,1,pincode,173025,72912
himachal-pradesh,2024,1,pincode,173212,51047
himachal-pradesh,2024,1,pincode,175131,46764
himachal-pradesh,2024,1,pincode,171001,43061
himachal-pradesh,2024,1,pincode,175001,38572
himachal-pradesh,2024,1,pincode,176001,36495
himachal-pradesh,2024,1,pincode,176310,35606
himachal-pradesh,2024,1,pincode,174303,35072
himachal-pradesh,2024,2,district,solan,612920
himachal-pradesh,2024,2,district,kangra,597874
himachal-pradesh,2024,2,district,shimla,392141
himachal-pradesh,2024,2,district,mandi,363743
himachal-pradesh,2024,2,district,sirmaur,230449
himachal-pradesh,2024,2,district,hamirpur,214263
himachal-pradesh,2024,2,district,kullu,207106
himachal-pradesh,2024,2,district,una,197369
himachal-pradesh,2024,2,district,bilaspur,153876
himachal-pradesh,2024,2,district,chamba,153070
himachal-pradesh,2024,2,pincode,173205,237366
himachal-pradesh,2024,2,pincode,174101,124826
himachal-pradesh,2024,2,pincode,173025,75835
himachal-pradesh,2024,2,pincode,173212,52885
himachal-pradesh,2024,2,pincode,175131,48428
himachal-pradesh,2024,2,pincode,171001,44610
himachal-pradesh,2024,2,pincode,175001,40037
himachal-pradesh,2024,2,pincode,176001,37858
himachal-pradesh,2024,2,pincode,176310,37006
himachal-pradesh,2024,2,pincode,174303,36399
himachal-pradesh,2024,3,district,solan,582468
himachal-pradesh,2024,3,district,kangra,546858
himachal-pradesh,2024,3,district,shimla,362688
himachal-pradesh,2024,3,district,mandi,313795
himachal-pradesh,2024,3,district,sirmaur,232011
himachal-pradesh,2024,3,district,kullu,201527
himachal-pradesh,2024,3,district,una,186586
himachal-pradesh,2024,3,district,hamirpur,185301
himachal-pradesh,2024,3,district,chamba,150902
himachal-pradesh,2024,3,district,bilaspur,134086
himachal-pradesh,2024,3,pincode,173205,220115
himachal-pradesh,2024,3,pincode,174101,124815
himachal-pradesh,2024,3,pincode,173025,84546
himachal-pradesh,2024,3,pincode,173212,51580
himachal-pradesh,2024,3,pincode,175131,47616
himachal-pradesh,2024,3,pincode,173030,45118
himachal-pradesh,2024,3,pincode,174303,41563
himachal-pradesh,2024,3,pincode,175001,40802
himachal-pradesh,2024,3,pincode,177001,39230
himachal-pradesh,2024,3,pincode,176001,37658
himachal-pradesh,2024,4,district,solan,598261
himachal-pradesh,2024,4,district,kangra,563650
himachal-pradesh,2024,4,district,shimla,373118
himachal-pradesh,2024,4,district,mandi,323407
himachal-pradesh,2024,4,district,sirmaur,239204
himachal-pradesh,2024,4,district,kullu,207921
himachal-pradesh,2024,4,district,una,192487
himachal-pradesh,2024,4,district,hamirpur,191173
himachal-pradesh,2024,4,district,chamba,155985
himachal-pradesh,2024,4,district,bilaspur,137989
himachal-pradesh,2024,4,pincode,173205,225743
himachal-pradesh,2024,4,pincode,174101,128297
himachal-pradesh,2024,4,pincode,173025,87107
himachal-pradesh,2024,4,pincode,173212,52926
himachal-pradesh,2024,4,pincode,175131,49213
himachal-pradesh,2024,4,pincode,173030,46186
himachal-pradesh,2024,4,pincode,174303,42803
himachal-pradesh,2024,4,pincode,175001,42064
himachal-pradesh,2024,4,pincode,177001,40510
himachal-pradesh,2024,4,pincode,176001,38591
himachal-pradesh,2023,1,district,solan,501947
himachal-pradesh,2023,1,district,kangra,489369
himachal-pradesh,2023,1,district,shimla,322036
himachal-pradesh,2023,1,district,mandi,296936
himachal-pradesh,2023,1,district,sirmaur,187417
himachal-pradesh,2023,1,district,hamirpur,175074
himachal-pradesh,2023,1,district,kullu,170048
himachal-pradesh,2023,1,district,una,161122
himachal-pradesh,2023,1,district,bilaspur,125771
himachal-pradesh,2023,1,district,chamba,124457
himachal-pradesh,2023,1,pincode,173205,194318
himachal-pradesh,2023,1,pincode,174101,101879
himachal-pradesh,2023,1,pincode,173025,62353
himachal-pradesh,2023,1,pincode,173212,44064
himachal-pradesh,2023,1,pincode,175131,40538
himachal-pradesh,2023,1,pincode,171001,37430
himachal-pradesh,2023,1,pincode,175001,33363
himachal-pradesh,2023,1,pincode,176001,31362
himachal-pradesh,2023,1,pincode,176310,30657
himachal-pradesh,2023,1,pincode,176061,30073
himachal-pradesh,2023,2,district,solan,523060
himachal-pradesh,2023,2,district,kangra,510261
himachal-pradesh,2023,2,district,shimla,335735
himachal-pradesh,2023,2,district,mandi,310048
himachal-pradesh,2023,2,district,sirmaur,195687
himachal-pradesh,2023,2,district,hamirpur,182553
himachal-pradesh,2023,2,district,kullu,177077
himachal-pradesh,2023,2,district,una,168253
himachal-pradesh,2023,2,district,bilaspur,131239
himachal-pradesh,2023,2,district,chamba,130138
himachal-pradesh,2023,2,pincode,173205,202511
himachal-pradesh,2023,2,pincode,174101,106155
himachal-pradesh,2023,2,pincode,173025,64829
himachal-pradesh,2023,2,pincode,173212,45684
himachal-pradesh,2023,2,pincode,175131,41927
himachal-pradesh,2023,2,pincode,171001,38756
himachal-pradesh,2023,2,pincode,175001,34584
himachal-pradesh,2023,2,pincode,176001,32600
himachal-pradesh,2023,2,pincode,176310,31903
himachal-pradesh,2023,2,pincode,174303,31286
himachal-pradesh,2023,3,district,solan,544140
himachal-pradesh,2023,3,district,kangra,530786
himachal-pradesh,2023,3,district,shimla,348966
himachal-pradesh,2023,3,district,mandi,322502
himachal-pradesh,2023,3,district,sirmaur,203991
himachal-pradesh,2023,3,district,hamirpur,189913
himachal-pradesh,2023,3,district,kullu,184280
himachal-pradesh,2023,3,district,una,175125
himachal-pradesh,2023,3,district,bilaspur,136648
himachal-pradesh,2023,3,district,chamba,135482
himachal-pradesh,2023,3,pincode,173205,210542
himachal-pradesh,2023,3,pincode,174101,110611
himachal-pradesh,2023,3,pincode,173025,67484
himachal-pradesh,2023,3,pincode,173212,47440
himachal-pradesh,2023,3,pincode,175131,43559
himachal-pradesh,2023,3,pincode,171001,40143
himachal-pradesh,2023,3,pincode,175001,35958
himachal-pradesh,2023,3,pincode,176001,33898
himachal-pradesh,2023,3,pincode,176310,33101
himachal-pradesh,2023,3,pincode,174303,32525
himachal-pradesh,2023,4,district,solan,565485
himachal-pradesh,2023,4,district,kangra,551176
himachal-pradesh,2023,4,district,shimla,362109
himachal-pradesh,2023,4,district,mandi,335088
himachal-pradesh,2023,4,district,sirmaur,212088
himachal-pradesh,2023,4,district,hamirpur,197499
himachal-pradesh,2023,4,district,kullu,191029
himachal-pradesh,2023,4,district,una,181977
himachal-pradesh,2023,4,district,bilaspur,141779
himachal-pradesh,2023,4,district,chamba,140790
himachal-pradesh,2023,4,pincode,173205,218904
himachal-pradesh,2023,4,pincode,174101,114956
himachal-pradesh,2023,4,pincode,173025,70113
himachal-pradesh,2023,4,pincode,173212,49172
himachal-pradesh,2023,4,pincode,175131,44991
himachal-pradesh,2023,4,pincode,171001,41534
himachal-pradesh,2023,4,pincode,175001,37181
himachal-pradesh,2023,4,pincode,176001,35107
himachal-pradesh,2023,4,pincode,176310,34290
himachal-pradesh,2023,4,pincode,174303,33755
himachal-pradesh,2019,1,district,solan,139300
himachal-pradesh,2019,1,district,kangra,115120
himachal-pradesh,2019,1,district,shimla,80651
himachal-pradesh,2019,1,district,mandi,72963
himachal-pradesh,2019,1,district,sirmaur,47638
himachal-pradesh,2019,1,district,hamirpur,44206
himachal-pradesh,2019,1,district,kullu,43436
himachal-pradesh,2019,1,district,una,40315
himachal-pradesh,2019,1,district,bilaspur,32537
himachal-pradesh,2019,1,district,chamba,27481
himachal-pradesh,2019,1,pincode,173205,56637
himachal-pradesh,2019,1,pincode,174101,28081
himachal-pradesh,2019,1,pincode,173025,17415
himachal-pradesh,2019,1,pincode,173212,12770
himachal-pradesh,2019,1,pincode,175131,11959
himachal-pradesh,2019,1,pincode,171001,11430
himachal-pradesh,2019,1,pincode,175001,9174
himachal-pradesh,2019,1,pincode,174303,8340
himachal-pradesh,2019,1,pincode,176001,8058
himachal-pradesh,2019,1,pincode,173001,7691
himachal-pradesh,2019,2,district,solan,159989
himachal-pradesh,2019,2,district,kangra,139517
himachal-pradesh,2019,2,district,shimla,96928
himachal-pradesh,2019,2,district,mandi,86701
himachal-pradesh,2019,2,district,sirmaur,55409
himachal-pradesh,2019,2,district,kullu,51977
himachal-pradesh,2019,2,district,hamirpur,51669
himachal-pradesh,2019,2,district,una,47644
himachal-pradesh,2019,2,district,bilaspur,38131
himachal-pradesh,2019,2,district,chamba,33377
himachal-pradesh,2019,2,pincode,173205,63870
himachal-pradesh,2019,2,pincode,174101,31906
himachal-pradesh,2019,2,pincode,173025,19851
himachal-pradesh,2019,2,pincode,173212,15049
himachal-pradesh,2019,2,pincode,175131,14034
himachal-pradesh,2019,2,pincode,171001,13320
himachal-pradesh,2019,2,pincode,175001,10832
himachal-pradesh,2019,2,pincode,176001,9780
himachal-pradesh,2019,2,pincode,174303,9747
himachal-pradesh,2019,2,pincode,176061,9130
himachal-pradesh,2019,3,district,solan,178922
himachal-pradesh,2019,3,district,kangra,160161
himachal-pradesh,2019,3,district,shimla,110575
himachal-pradesh,2019,3,district,mandi,98589
himachal-pradesh,2019,3,district,sirmaur,62048
himachal-pradesh,2019,3,district,kullu,59192
himachal-pradesh,2019,3,district,hamirpur,58950
himachal-pradesh,2019,3,district,una,54164
himachal-pradesh,2019,3,district,bilaspur,43115
himachal-pradesh,2019,3,district,chamba,37974
himachal-pradesh,2019,3,pincode,173205,70222
himachal-pradesh,2019,3,pincode,174101,35428
himachal-pradesh,2019,3,pincode,173025,22094
himachal-pradesh,2019,3,pincode,173212,17220
himachal-pradesh,2019,3,pincode,175131,15731
himachal-pradesh,2019,3,pincode,171001,14882
himachal-pradesh,2019,3,pincode,175001,12394
himachal-pradesh,2019,3,pincode,176001,11173
himachal-pradesh,2019,3,pincode,174303,10978
himachal-pradesh,2019,3,pincode,171003,10399
himachal-pradesh,2019,4,district,solan,198962
himachal-pradesh,2019,4,district,kangra,181133
himachal-pradesh,2019,4,district,shimla,124960
himachal-pradesh,2019,4,district,mandi,111017
himachal-pradesh,2019,4,district,sirmaur,69583
himachal-pradesh,2019,4,district,kullu,66640
himachal-pradesh,2019,4,district,hamirpur,66179
himachal-pradesh,2019,4,district,una,61055
himachal-pradesh,2019,4,district,bilaspur,48453
himachal-pradesh,2019,4,district,chamba,43715
himachal-pradesh,2019,4,pincode,173205,77412
himachal-pradesh,2019,4,pincode,174101,39379
himachal-pradesh,2019,4,pincode,173025,24538
himachal-pradesh,2019,4,pincode,173212,19051
himachal-pradesh,2019,4,pincode,175131,17472
himachal-pradesh,2019,4,pincode,171001,16323
himachal-pradesh,2019,4,pincode,175001,13750
himachal-pradesh,2019,4,pincode,176001,12379
himachal-pradesh,2019,4,pincode,174303,12230
himachal-pradesh,2019,4,pincode,176061,11618
himachal-pradesh,2021,1,district,solan,312360
himachal-pradesh,2021,1,district,kangra,306531
himachal-pradesh,2021,1,district,shimla,202911
himachal-pradesh,2021,1,district,mandi,186340
himachal-pradesh,2021,1,district,sirmaur,115705
himachal-pradesh,2021,1,district,hamirpur,109372
himachal-pradesh,2021,1,district,kullu,107536
himachal-pradesh,2021,1,district,una,100832
himachal-pradesh,2021,1,district,bilaspur,78663
himachal-pradesh,2021,1,district,chamba,77599
himachal-pradesh,2021,1,pincode,173205,120028
himachal-pradesh,2021,1,pincode,174101,63010
himachal-pradesh,2021,1,pincode,173025,39145
himachal-pradesh,2021,1,pincode,173212,28099
himachal-pradesh,2021,1,pincode,175131,26308
himachal-pradesh,2021,1,pincode,171001,24282
himachal-pradesh,2021,1,pincode,175001,21401
himachal-pradesh,2021,1,pincode,176001,19889
himachal-pradesh,2021,1,pincode,176310,19502
himachal-pradesh,2021,1,pincode,174303,19161
himachal-pradesh,2021,2,district,solan,334716
himachal-pradesh,2021,2,district,kangra,329232
himachal-pradesh,2021,2,district,shimla,218068
himachal-pradesh,2021,2,district,mandi,200277
himachal-pradesh,2021,2,district,sirmaur,124764
himachal-pradesh,2021,2,district,hamirpur,117381
himachal-pradesh,2021,2,district,kullu,115278
himachal-pradesh,2021,2,district,una,108338
himachal-pradesh,2021,2,district,bilaspur,84508
himachal-pradesh,2021,2,district,chamba,83542
himachal-pradesh,2021,2,pincode,173205,128445
himachal-pradesh,2021,2,pincode,174101,67535
himachal-pradesh,2021,2,pincode,173025,41910
himachal-pradesh,2021,2,pincode,173212,30003
himachal-pradesh,2021,2,pincode,175131,28068
himachal-pradesh,2021,2,pincode,171001,25888
himachal-pradesh,2021,2,pincode,175001,22836
himachal-pradesh,2021,2,pincode,176001,21257
himachal-pradesh,2021,2,pincode,176310,20908
himachal-pradesh,2021,2,pincode,174303,20508
himachal-pradesh,2021,3,district,solan,360324
himachal-pradesh,2021,3,district,kangra,355274
himachal-pradesh,2021,3,district,shimla,235163
himachal-pradesh,2021,3,district,mandi,216188
himachal-pradesh,2021,3,district,sirmaur,134870
himachal-pradesh,2021,3,district,hamirpur,126753
himachal-pradesh,2021,3,district,kullu,124078
himachal-pradesh,2021,3,district,una,116973
himachal-pradesh,2021,3,district,bilaspur,91291
himachal-pradesh,2021,3,district,chamba,90344
himachal-pradesh,2021,3,pincode,173205,138260
himachal-pradesh,2021,3,pincode,174101,72710
himachal-pradesh,2021,3,pincode,173025,45026
himachal-pradesh,2021,3,pincode,173212,32132
himachal-pradesh,2021,3,pincode,175131,30015
himachal-pradesh,2021,3,pincode,171001,27667
himachal-pradesh,2021,3,pincode,175001,24453
himachal-pradesh,2021,3,pincode,176001,22876
himachal-pradesh,2021,3,pincode,176310,22418
himachal-pradesh,2021,3,pincode,174303,22067
himachal-pradesh,2021,4,district,solan,385901
himachal-pradesh,2021,4,district,kangra,380492
himachal-pradesh,2021,4,district,shimla,251745
himachal-pradesh,2021,4,district,mandi,231360
himachal-pradesh,2021,4,district,sirmaur,144716
himachal-pradesh,2021,4,district,hamirpur,135670
himachal-pradesh,2021,4,district,kullu,132702
himachal-pradesh,2021,4,district,una,125192
himachal-pradesh,2021,4,district,bilaspur,97687
himachal-pradesh,2021,4,district,chamba,96745
himachal-pradesh,2021,4,pincode,173205,148059
himachal-pradesh,2021,4,pincode,174101,77954
himachal-pradesh,2021,4,pincode,173025,48141
himachal-pradesh,2021,4,pincode,173212,34260
himachal-pradesh,2021,4,pincode,175131,31988
himachal-pradesh,2021,4,pincode,171001,29456
himachal-pradesh,2021,4,pincode,175001,26040
himachal-pradesh,2021,4,pincode,176001,24421
himachal-pradesh,2021,4,pincode,176310,23938
himachal-pradesh,2021,4,pincode,174303,23494
himachal-pradesh,2020,1,district,solan,220293
himachal-pradesh,2020,1,district,kangra,205367
himachal-pradesh,2020,1,district,shimla,139890
himachal-pradesh,2020,1,district,mandi,124971
himachal-pradesh,2020,1,district,sirmaur,77972
himachal-pradesh,2020,1,district,kullu,74668
himachal-pradesh,2020,1,district,hamirpur,73945
himachal-pradesh,2020,1,district,una,68564
himachal-pradesh,2020,1,district,bilaspur,54024
himachal-pradesh,2020,1,district,chamba,50169
himachal-pradesh,2020,1,pincode,173205,85023
himachal-pradesh,2020,1,pincode,174101,43696
himachal-pradesh,2020,1,pincode,173025,27182
himachal-pradesh,2020,1,pincode,173212,20947
himachal-pradesh,2020,1,pincode,175131,19230
himachal-pradesh,2020,1,pincode,171001,17895
himachal-pradesh,2020,1,pincode,175001,15177
himachal-pradesh,2020,1,pincode,176001,14023
himachal-pradesh,2020,1,pincode,174303,13586
himachal-pradesh,2020,1,pincode,176310,13081
himachal-pradesh,2020,2,district,solan,243732
himachal-pradesh,2020,2,district,kangra,235773
himachal-pradesh,2020,2,district,shimla,156539
himachal-pradesh,2020,2,district,mandi,142668
himachal-pradesh,2020,2,district,sirmaur,88117
himachal-pradesh,2020,2,district,hamirpur,84216
himachal-pradesh,2020,2,district,kullu,82616
himachal-pradesh,2020,2,district,una,78363
himachal-pradesh,2020,2,district,bilaspur,61050
himachal-pradesh,2020,2,district,chamba,58362
himachal-pradesh,2020,2,pincode,173205,93348
himachal-pradesh,2020,2,pincode,174101,48771
himachal-pradesh,2020,2,pincode,173025,30216
himachal-pradesh,2020,2,pincode,173212,22621
himachal-pradesh,2020,2,pincode,175131,20572
himachal-pradesh,2020,2,pincode,171001,19328
himachal-pradesh,2020,2,pincode,175001,16849
himachal-pradesh,2020,2,pincode,176001,15644
himachal-pradesh,2020,2,pincode,174303,15168
himachal-pradesh,2020,2,pincode,176310,14833
himachal-pradesh,2020,3,district,solan,265701
himachal-pradesh,2020,3,district,kangra,261293
himachal-pradesh,2020,3,district,shimla,172418
himachal-pradesh,2020,3,district,mandi,158237
himachal-pradesh,2020,3,district,sirmaur,97464
himachal-pradesh,2020,3,district,hamirpur,93465
himachal-pradesh,2020,3,district,kullu,90699
himachal-pradesh,2020,3,district,una,86177
himachal-pradesh,2020,3,district,bilaspur,67233
himachal-pradesh,2020,3,district,chamba,65214
himachal-pradesh,2020,3,pincode,173205,101524
himachal-pradesh,2020,3,pincode,174101,53414
himachal-pradesh,2020,3,pincode,173025,33220
himachal-pradesh,2020,3,pincode,173212,24316
himachal-pradesh,2020,3,pincode,175131,22105
himachal-pradesh,2020,3,pincode,171001,20882
himachal-pradesh,2020,3,pincode,175001,18324
himachal-pradesh,2020,3,pincode,176001,17152
himachal-pradesh,2020,3,pincode,174303,16548
himachal-pradesh,2020,3,pincode,176310,16421
himachal-pradesh,2020,4,district,solan,289889
himachal-pradesh,2020,4,district,kangra,285210
himachal-pradesh,2020,4,district,shimla,189005
himachal-pradesh,2020,4,district,mandi,173403
himachal-pradesh,2020,4,district,sirmaur,107144
himachal-pradesh,2020,4,district,hamirpur,101825
himachal-pradesh,2020,4,district,kullu,99814
himachal-pradesh,2020,4,district,una,93778
himachal-pradesh,2020,4,district,bilaspur,73296
himachal-pradesh,2020,4,district,chamba,72124
himachal-pradesh,2020,4,pincode,173205,110995
himachal-pradesh,2020,4,pincode,174101,58396
himachal-pradesh,2020,4,pincode,173025,36256
himachal-pradesh,2020,4,pincode,173212,26251
himachal-pradesh,2020,4,pincode,175131,24257
himachal-pradesh,2020,4,pincode,171001,22628
himachal-pradesh,2020,4,pincode,175001,19932
himachal-pradesh,2020,4,pincode,176001,18553
himachal-pradesh,2020,4,pincode,176310,18098
himachal-pradesh,2020,4,pincode,174303,17862
himachal-pradesh,2018,1,district,solan,50035
himachal-pradesh,2018,1,district,kangra,39016
himachal-pradesh,2018,1,district,shimla,28214
himachal-pradesh,2018,1,district,mandi,26238
himachal-pradesh,2018,1,district,sirmaur,15880
himachal-pradesh,2018,1,district,hamirpur,15614
himachal-pradesh,2018,1,district,kullu,15318
himachal-pradesh,2018,1,district,una,13234
himachal-pradesh,2018,1,district,bilaspur,11975
himachal-pradesh,2018,1,district,chamba,8678
himachal-pradesh,2018,1,pincode,173205,21409
himachal-pradesh,2018,1,pincode,174101,10157
himachal-pradesh,2018,1,pincode,173025,6327
himachal-pradesh,2018,1,pincode,175131,4677
himachal-pradesh,2018,1,pincode,171001,4527
himachal-pradesh,2018,1,pincode,173212,4335
himachal-pradesh,2018,1,pincode,175001,3744
himachal-pradesh,2018,1,pincode,176001,2951
himachal-pradesh,2018,1,pincode,176061,2940
himachal-pradesh,2018,1,pincode,174303,2912
himachal-pradesh,2018,2,district,solan,68950
himachal-pradesh,2018,2,district,kangra,54828
himachal-pradesh,2018,2,district,shimla,38590
himachal-pradesh,2018,2,district,mandi,36126
himachal-pradesh,2018,2,district,sirmaur,22379
himachal-pradesh,2018,2,district,hamirpur,21374
himachal-pradesh,2018,2,district,kullu,21077
himachal-pradesh,2018,2,district,una,18691
himachal-pradesh,2018,2,district,bilaspur,16531
himachal-pradesh,2018,2,district,chamba,12259
himachal-pradesh,2018,2,pincode,173205,29254
himachal-pradesh,2018,2,pincode,174101,13908
himachal-pradesh,2018,2,pincode,173025,8719
himachal-pradesh,2018,2,pincode,175131,6220
himachal-pradesh,2018,2,pincode,173212,5964
himachal-pradesh,2018,2,pincode,171001,5918
himachal-pradesh,2018,2,pincode,175001,4890
himachal-pradesh,2018,2,pincode,174303,4234
himachal-pradesh,2018,2,pincode,176001,4023
himachal-pradesh,2018,2,pincode,176061,4020
himachal-pradesh,2018,3,district,solan,88724
himachal-pradesh,2018,3,district,kangra,71494
himachal-pradesh,2018,3,district,shimla,49820
himachal-pradesh,2018,3,district,mandi,45876
himachal-pradesh,2018,3,district,sirmaur,28959
himachal-pradesh,2018,3,district,hamirpur,27915
himachal-pradesh,2018,3,district,kullu,26840
himachal-pradesh,2018,3,district,una,24952
himachal-pradesh,2018,3,district,bilaspur,21030
himachal-pradesh,2018,3,district,chamba,16157
himachal-pradesh,2018,3,pincode,173205,37149
himachal-pradesh,2018,3,pincode,174101,17987
himachal-pradesh,2018,3,pincode,173025,11142
himachal-pradesh,2018,3,pincode,173212,7941
himachal-pradesh,2018,3,pincode,175131,7758
himachal-pradesh,2018,3,pincode,171001,7505
himachal-pradesh,2018,3,pincode,175001,6192
himachal-pradesh,2018,3,pincode,174303,5563
himachal-pradesh,2018,3,pincode,176001,5268
himachal-pradesh,2018,3,pincode,176061,5008
himachal-pradesh,2018,4,district,solan,113278
himachal-pradesh,2018,4,district,kangra,92887
himachal-pradesh,2018,4,district,shimla,64640
himachal-pradesh,2018,4,district,mandi,58526
himachal-pradesh,2018,4,district,sirmaur,38194
himachal-pradesh,2018,4,district,hamirpur,35979
himachal-pradesh,2018,4,district,kullu,34719
himachal-pradesh,2018,4,district,una,32451
himachal-pradesh,2018,4,district,bilaspur,26517
himachal-pradesh,2018,4,district,chamba,21538
himachal-pradesh,2018,4,pincode,173205,46448
himachal-pradesh,2018,4,pincode,174101,22954
himachal-pradesh,2018,4,pincode,173025,14237
himachal-pradesh,2018,4,pincode,173212,10405
himachal-pradesh,2018,4,pincode,175131,9879
himachal-pradesh,2018,4,pincode,171001,9492
himachal-pradesh,2018,4,pincode,175001,7597
himachal-pradesh,2018,4,pincode,174303,6982
himachal-pradesh,2018,4,pincode,176001,6667
himachal-pradesh,2018,4,pincode,173001,6284
dadra-&-nagar-haveli-&-daman-&-diu,2022,1,district,dadra and nagar haveli,254577
dadra-&-nagar-haveli-&-daman-&-diu,2022,1,district,daman,155029
dadra-&-nagar-haveli-&-daman-&-diu,2022,1,district,diu,14964
dadra-&-nagar-haveli-&-daman-&-diu,2022,1,pincode,396230,208830
dadra-&-nagar-haveli-&-daman-&-diu,2022,1,pincode,396210,97488
dadra-&-nagar-haveli-&-daman-&-diu,2022,1,pincode,396215,56396
dadra-&-nagar-haveli-&-daman-&-diu,2022,1,pincode,396235,45747
dadra-&-nagar-haveli-&-daman-&-diu,2022,1,pincode,362520,7714
dadra-&-nagar-haveli-&-daman-&-diu,2022,1,pincode,362571,4360
dadra-&-nagar-haveli-&-daman-&-diu,2022,1,pincode,362540,2504
dadra-&-nagar-haveli-&-daman-&-diu,2022,1,pincode,396220,1145
dadra-&-nagar-haveli-&-daman-&-diu,2022,1,pincode,362570,386
dadra-&-nagar-haveli-&-daman-&-diu,2022,2,district,dadra and nagar haveli,269344
dadra-&-nagar-haveli-&-daman-&-diu,2022,2,district,daman,163861
dadra-&-nagar-haveli-&-daman-&-diu,2022,2,district,diu,15811
dadra-&-nagar-haveli-&-daman-&-diu,2022,2,pincode,396230,220980
dadra-&-nagar-haveli-&-daman-&-diu,2022,2,pincode,396210,103014
dadra-&-nagar-haveli-&-daman-&-diu,2022,2,pincode,396215,59641
dadra-&-nagar-haveli-&-daman-&-diu,2022,2,pincode,396235,48364
dadra-&-nagar-haveli-&-daman-&-diu,2022,2,pincode,362520,8149
dadra-&-nagar-haveli-&-daman-&-diu,2022,2,pincode,362571,4611
dadra-&-nagar-haveli-&-daman-&-diu,2022,2,pincode,362540,2642
dadra-&-nagar-haveli-&-daman-&-diu,2022,2,pincode,396220,1206
dadra-&-nagar-haveli-&-daman-&-diu,2022,2,pincode,362570,409
dadra-&-nagar-haveli-&-daman-&-diu,2022,3,district,dadra and nagar haveli,284923
dadra-&-nagar-haveli-&-daman-&-diu,2022,3,district,daman,173219
dadra-&-nagar-haveli-&-daman-&-diu,2022,3,district,diu,16665
dadra-&-nagar-haveli-&-daman-&-diu,2022,3,pincode,396230,233674
dadra-&-nagar-haveli-&-daman-&-diu,2022,3,pincode,396210,108872
dadra-&-nagar-haveli-&-daman-&-diu,2022,3,pincode,396215,63078
dadra-&-nagar-haveli-&-daman-&-diu,2022,3,pincode,396235,51249
dadra-&-nagar-haveli-&-daman-&-diu,2022,3,pincode,362520,8564
dadra-&-nagar-haveli-&-daman-&-diu,2022,3,pincode,362571,4883
dadra-&-nagar-haveli-&-daman-&-diu,2022,3,pincode,362540,2790
dadra-&-nagar-haveli-&-daman-&-diu,2022,3,pincode,396220,1269
dadra-&-nagar-haveli-&-daman-&-diu,2022,3,pincode,362570,428
dadra-&-nagar-haveli-&-daman-&-diu,2022,4,district,dadra and nagar haveli,300217
dadra-&-nagar-haveli-&-daman-&-diu,2022,4,district,daman,182481
dadra-&-nagar-haveli-&-daman-&-diu,2022,4,district,diu,17427
dadra-&-nagar-haveli-&-daman-&-diu,2022,4,pincode,396230,246264
dadra-&-nagar-haveli-&-daman-&-diu,2022,4,pincode,396210,114561
dadra-&-nagar-haveli-&-daman-&-diu,2022,4,pincode,396215,66595
dadra-&-nagar-haveli-&-daman-&-diu,2022,4,pincode,396235,53953
dadra-&-nagar-haveli-&-daman-&-diu,2022,4,pincode,362520,8942
dadra-&-nagar-haveli-&-daman-&-diu,2022,4,pincode,362571,5114
dadra-&-nagar-haveli-&-daman-&-diu,2022,4,pincode,362540,2925
dadra-&-nagar-haveli-&-daman-&-diu,2022,4,pincode,396220,1325
dadra-&-nagar-haveli-&-daman-&-diu,2022,4,pincode,362570,446
dadra-&-nagar-haveli-&-daman-&-diu,2024,1,district,dadra and nagar haveli,370071
dadra-&-nagar-haveli-&-daman-&-diu,2024,1,district,daman,224463
dadra-&-nagar-haveli-&-daman-&-diu,2024,1,district,diu,21329
dadra-&-nagar-haveli-&-daman-&-diu,2024,1,pincode,396230,303523
dadra-&-nagar-haveli-&-daman-&-diu,2024,1,pincode,396210,140568
dadra-&-nagar-haveli-&-daman-&-diu,2024,1,pincode,396215,82279
dadra-&-nagar-haveli-&-daman-&-diu,2024,1,pincode,396235,66548
dadra-&-nagar-haveli-&-daman-&-diu,2024,1,pincode,362520,10882
dadra-&-nagar-haveli-&-daman-&-diu,2024,1,pincode,362571,6346
dadra-&-nagar-haveli-&-daman-&-diu,2024,1,pincode,362540,3559
dadra-&-nagar-haveli-&-daman-&-diu,2024,1,pincode,396220,1616
dadra-&-nagar-haveli-&-daman-&-diu,2024,1,pincode,362570,542
dadra-&-nagar-haveli-&-daman-&-diu,2024,2,district,dadra and nagar haveli,385068
dadra-&-nagar-haveli-&-daman-&-diu,2024,2,district,daman,233446
dadra-&-nagar-haveli-&-daman-&-diu,2024,2,district,diu,22210
dadra-&-nagar-haveli-&-daman-&-diu,2024,2,pincode,396230,315805
dadra-&-nagar-haveli-&-daman-&-diu,2024,2,pincode,396210,146107
dadra-&-nagar-haveli-&-daman-&-diu,2024,2,pincode,396215,85666
dadra-&-nagar-haveli-&-daman-&-diu,2024,2,pincode,396235,69263
dadra-&-nagar-haveli-&-daman-&-diu,2024,2,pincode,362520,11326
dadra-&-nagar-haveli-&-daman-&-diu,2024,2,pincode,362571,6605
dadra-&-nagar-haveli-&-daman-&-diu,2024,2,pincode,362540,3717
dadra-&-nagar-haveli-&-daman-&-diu,2024,2,pincode,396220,1673
dadra-&-nagar-haveli-&-daman-&-diu,2024,2,pincode,362570,562
dadra-&-nagar-haveli-&-daman-&-diu,2024,3,district,dadra and nagar haveli,381007
dadra-&-nagar-haveli-&-daman-&-diu,2024,3,district,daman,225491
dadra-&-nagar-haveli-&-daman-&-diu,2024,3,district,diu,21317
dadra-&-nagar-haveli-&-daman-&-diu,2024,3,pincode,396230,230006
dadra-&-nagar-haveli-&-daman-&-diu,2024,3,pincode,396215,112752
dadra-&-nagar-haveli-&-daman-&-diu,2024,3,pincode,396210,110726
dadra-&-nagar-haveli-&-daman-&-diu,2024,3,pincode,396240,54888
dadra-&-nagar-haveli-&-daman-&-diu,2024,3,pincode,396235,51544
dadra-&-nagar-haveli-&-daman-&-diu,2024,3,pincode,396193,43944
dadra-&-nagar-haveli-&-daman-&-diu,2024,3,pincode,362520,10624
dadra-&-nagar-haveli-&-daman-&-diu,2024,3,pincode,362570,7694
dadra-&-nagar-haveli-&-daman-&-diu,2024,3,pincode,362540,2999
dadra-&-nagar-haveli-&-daman-&-diu,2024,3,pincode,396220,2013
dadra-&-nagar-haveli-&-daman-&-diu,2024,4,district,dadra and nagar haveli,390650
dadra-&-nagar-haveli-&-daman-&-diu,2024,4,district,daman,231834
dadra-&-nagar-haveli-&-daman-&-diu,2024,4,district,diu,22066
dadra-&-nagar-haveli-&-daman-&-diu,2024,4,pincode,396230,236144
dadra-&-nagar-haveli-&-daman-&-diu,2024,4,pincode,396215,115912
dadra-&-nagar-haveli-&-daman-&-diu,2024,4,pincode,396210,113815
dadra-&-nagar-haveli-&-daman-&-diu,2024,4,pincode,396240,56132
dadra-&-nagar-haveli-&-daman-&-diu,2024,4,pincode,396235,52565
dadra-&-nagar-haveli-&-daman-&-diu,2024,4,pincode,396193,45146
dadra-&-nagar-haveli-&-daman-&-diu,2024,4,pincode,362520,11108
dadra-&-nagar-haveli-&-daman-&-diu,2024,4,pincode,362570,7904
dadra-&-nagar-haveli-&-daman-&-diu,2024,4,pincode,362540,3054
dadra-&-nagar-haveli-&-daman-&-diu,2024,4,pincode,396220,2107
dadra-&-nagar-haveli-&-daman-&-diu,2023,1,district,dadra and nagar haveli,314951
dadra-&-nagar-haveli-&-daman-&-diu,2023,1,district,daman,191432
dadra-&-nagar-haveli-&-daman-&-diu,2023,1,district,diu,18234
dadra-&-nagar-haveli-&-daman-&-diu,2023,1,pincode,396230,258320
dadra-&-nagar-haveli-&-daman-&-diu,2023,1,pincode,396210,120136
dadra-&-nagar-haveli-&-daman-&-diu,2023,1,pincode,396215,69913
dadra-&-nagar-haveli-&-daman-&-diu,2023,1,pincode,396235,56631
dadra-&-nagar-haveli-&-daman-&-diu,2023,1,pincode,362520,9335
dadra-&-nagar-haveli-&-daman-&-diu,2023,1,pincode,362571,5384
dadra-&-nagar-haveli-&-daman-&-diu,2023,1,pincode,362540,3057
dadra-&-nagar-haveli-&-daman-&-diu,2023,1,pincode,396220,1383
dadra-&-nagar-haveli-&-daman-&-diu,2023,1,pincode,362570,458
dadra-&-nagar-haveli-&-daman-&-diu,2023,2,district,dadra and nagar haveli,328125
dadra-&-nagar-haveli-&-daman-&-diu,2023,2,district,daman,199267
dadra-&-nagar-haveli-&-daman-&-diu,2023,2,district,diu,18972
dadra-&-nagar-haveli-&-daman-&-diu,2023,2,pincode,396230,269152
dadra-&-nagar-haveli-&-daman-&-diu,2023,2,pincode,396210,124984
dadra-&-nagar-haveli-&-daman-&-diu,2023,2,pincode,396215,72836
dadra-&-nagar-haveli-&-daman-&-diu,2023,2,pincode,396235,58973
dadra-&-nagar-haveli-&-daman-&-diu,2023,2,pincode,362520,9700
dadra-&-nagar-haveli-&-daman-&-diu,2023,2,pincode,362571,5612
dadra-&-nagar-haveli-&-daman-&-diu,2023,2,pincode,362540,3177
dadra-&-nagar-haveli-&-daman-&-diu,2023,2,pincode,396220,1447
dadra-&-nagar-haveli-&-daman-&-diu,2023,2,pincode,362570,483
dadra-&-nagar-haveli-&-daman-&-diu,2023,3,district,dadra and nagar haveli,341846
dadra-&-nagar-haveli-&-daman-&-diu,2023,3,district,daman,207437
dadra-&-nagar-haveli-&-daman-&-diu,2023,3,district,diu,19752
dadra-&-nagar-haveli-&-daman-&-diu,2023,3,pincode,396230,280334
dadra-&-nagar-haveli-&-daman-&-diu,2023,3,pincode,396210,130050
dadra-&-nagar-haveli-&-daman-&-diu,2023,3,pincode,396215,75883
dadra-&-nagar-haveli-&-daman-&-diu,2023,3,pincode,396235,61512
dadra-&-nagar-haveli-&-daman-&-diu,2023,3,pincode,362520,10090
dadra-&-nagar-haveli-&-daman-&-diu,2023,3,pincode,362571,5845
dadra-&-nagar-haveli-&-daman-&-diu,2023,3,pincode,362540,3309
dadra-&-nagar-haveli-&-daman-&-diu,2023,3,pincode,396220,1504
dadra-&-nagar-haveli-&-daman-&-diu,2023,3,pincode,362570,508
dadra-&-nagar-haveli-&-daman-&-diu,2023,4,district,dadra and nagar haveli,354944
dadra-&-nagar-haveli-&-daman-&-diu,2023,4,district,daman,215319
dadra-&-nagar-haveli-&-daman-&-diu,2023,4,district,diu,20497
dadra-&-nagar-haveli-&-daman-&-diu,2023,4,pincode,396230,291092
dadra-&-nagar-haveli-&-daman-&-diu,2023,4,pincode,396210,134878
dadra-&-nagar-haveli-&-daman-&-diu,2023,4,pincode,396215,78882
dadra-&-nagar-haveli-&-daman-&-diu,2023,4,pincode,396235,63852
dadra-&-nagar-haveli-&-daman-&-diu,2023,4,pincode,362520,10454
dadra-&-nagar-haveli-&-daman-&-diu,2023,4,pincode,362571,6077
dadra-&-nagar-haveli-&-daman-&-diu,2023,4,pincode,362540,3436
dadra-&-nagar-haveli-&-daman-&-diu,2023,4,pincode,396220,1559
dadra-&-nagar-haveli-&-daman-&-diu,2023,4,pincode,362570,530
dadra-&-nagar-haveli-&-daman-&-diu,2019,1,district,dadra and nagar haveli,83987
dadra-&-nagar-haveli-&-daman-&-diu,2019,1,district,daman,51093
dadra-&-nagar-haveli-&-daman-&-diu,2019,1,district,diu,5452
dadra-&-nagar-haveli-&-daman-&-diu,2019,1,pincode,396230,69568
dadra-&-nagar-haveli-&-daman-&-diu,2019,1,pincode,396210,32703
dadra-&-nagar-haveli-&-daman-&-diu,2019,1,pincode,396215,18018
dadra-&-nagar-haveli-&-daman-&-diu,2019,1,pincode,396235,14419
dadra-&-nagar-haveli-&-daman-&-diu,2019,1,pincode,362520,2879
dadra-&-nagar-haveli-&-daman-&-diu,2019,1,pincode,362571,1582
dadra-&-nagar-haveli-&-daman-&-diu,2019,1,pincode,362540,842
dadra-&-nagar-haveli-&-daman-&-diu,2019,1,pincode,396220,372
dadra-&-nagar-haveli-&-daman-&-diu,2019,1,pincode,362570,149
dadra-&-nagar-haveli-&-daman-&-diu,2019,2,district,dadra and nagar haveli,94382
dadra-&-nagar-haveli-&-daman-&-diu,2019,2,district,daman,58005
dadra-&-nagar-haveli-&-daman-&-diu,2019,2,district,diu,6193
dadra-&-nagar-haveli-&-daman-&-diu,2019,2,pincode,396230,78132
dadra-&-nagar-haveli-&-daman-&-diu,2019,2,pincode,396210,37160
dadra-&-nagar-haveli-&-daman-&-diu,2019,2,pincode,396215,20428
dadra-&-nagar-haveli-&-daman-&-diu,2019,2,pincode,396235,16250
dadra-&-nagar-haveli-&-daman-&-diu,2019,2,pincode,362520,3291
dadra-&-nagar-haveli-&-daman-&-diu,2019,2,pincode,362571,1785
dadra-&-nagar-haveli-&-daman-&-diu,2019,2,pincode,362540,947
dadra-&-nagar-haveli-&-daman-&-diu,2019,2,pincode,396220,417
dadra-&-nagar-haveli-&-daman-&-diu,2019,2,pincode,362570,170
dadra-&-nagar-haveli-&-daman-&-diu,2019,3,district,dadra and nagar haveli,105329
dadra-&-nagar-haveli-&-daman-&-diu,2019,3,district,daman,64854
dadra-&-nagar-haveli-&-daman-&-diu,2019,3,district,diu,6746
dadra-&-nagar-haveli-&-daman-&-diu,2019,3,pincode,396230,87039
dadra-&-nagar-haveli-&-daman-&-diu,2019,3,pincode,396210,41395
dadra-&-nagar-haveli-&-daman-&-diu,2019,3,pincode,396215,22996
dadra-&-nagar-haveli-&-daman-&-diu,2019,3,pincode,396235,18290
dadra-&-nagar-haveli-&-daman-&-diu,2019,3,pincode,362520,3618
dadra-&-nagar-haveli-&-daman-&-diu,2019,3,pincode,362571,1908
dadra-&-nagar-haveli-&-daman-&-diu,2019,3,pincode,362540,1044
dadra-&-nagar-haveli-&-daman-&-diu,2019,3,pincode,396220,463
dadra-&-nagar-haveli-&-daman-&-diu,2019,3,pincode,362570,176
dadra-&-nagar-haveli-&-daman-&-diu,2019,4,district,dadra and nagar haveli,117805
dadra-&-nagar-haveli-&-daman-&-diu,2019,4,district,daman,72470
dadra-&-nagar-haveli-&-daman-&-diu,2019,4,district,diu,7323
dadra-&-nagar-haveli-&-daman-&-diu,2019,4,pincode,396230,97116
dadra-&-nagar-haveli-&-daman-&-diu,2019,4,pincode,396210,46041
dadra-&-nagar-haveli-&-daman-&-diu,2019,4,pincode,396215,25932
dadra-&-nagar-haveli-&-daman-&-diu,2019,4,pincode,396235,20689
dadra-&-nagar-haveli-&-daman-&-diu,2019,4,pincode,362520,3953
dadra-&-nagar-haveli-&-daman-&-diu,2019,4,pincode,362571,2041
dadra-&-nagar-haveli-&-daman-&-diu,2019,4,pincode,362540,1138
dadra-&-nagar-haveli-&-daman-&-diu,2019,4,pincode,396220,497
dadra-&-nagar-haveli-&-daman-&-diu,2019,4,pincode,362570,191
dadra-&-nagar-haveli-&-daman-&-diu,2021,1,district,dadra and nagar haveli,192262
dadra-&-nagar-haveli-&-daman-&-diu,2021,1,district,daman,117728
dadra-&-nagar-haveli-&-daman-&-diu,2021,1,district,diu,11406
dadra-&-nagar-haveli-&-daman-&-diu,2021,1,pincode,396230,157679
dadra-&-nagar-haveli-&-daman-&-diu,2021,1,pincode,396210,74340
dadra-&-nagar-haveli-&-daman-&-diu,2021,1,pincode,396215,42510
dadra-&-nagar-haveli-&-daman-&-diu,2021,1,pincode,396235,34583
dadra-&-nagar-haveli-&-daman-&-diu,2021,1,pincode,362520,5885
dadra-&-nagar-haveli-&-daman-&-diu,2021,1,pincode,362571,3337
dadra-&-nagar-haveli-&-daman-&-diu,2021,1,pincode,362540,1890
dadra-&-nagar-haveli-&-daman-&-diu,2021,1,pincode,396220,878
dadra-&-nagar-haveli-&-daman-&-diu,2021,1,pincode,362570,294
dadra-&-nagar-haveli-&-daman-&-diu,2021,2,district,dadra and nagar haveli,206516
dadra-&-nagar-haveli-&-daman-&-diu,2021,2,district,daman,126258
dadra-&-nagar-haveli-&-daman-&-diu,2021,2,district,diu,12220
dadra-&-nagar-haveli-&-daman-&-diu,2021,2,pincode,396230,169433
dadra-&-nagar-haveli-&-daman-&-diu,2021,2,pincode,396210,79673
dadra-&-nagar-haveli-&-daman-&-diu,2021,2,pincode,396215,45646
dadra-&-nagar-haveli-&-daman-&-diu,2021,2,pincode,396235,37083
dadra-&-nagar-haveli-&-daman-&-diu,2021,2,pincode,362520,6307
dadra-&-nagar-haveli-&-daman-&-diu,2021,2,pincode,362571,3577
dadra-&-nagar-haveli-&-daman-&-diu,2021,2,pincode,362540,2027
dadra-&-nagar-haveli-&-daman-&-diu,2021,2,pincode,396220,939
dadra-&-nagar-haveli-&-daman-&-diu,2021,2,pincode,362570,309
dadra-&-nagar-haveli-&-daman-&-diu,2021,3,district,dadra and nagar haveli,222731
dadra-&-nagar-haveli-&-daman-&-diu,2021,3,district,daman,135976
dadra-&-nagar-haveli-&-daman-&-diu,2021,3,district,diu,13167
dadra-&-nagar-haveli-&-daman-&-diu,2021,3,pincode,396230,182708
dadra-&-nagar-haveli-&-daman-&-diu,2021,3,pincode,396210,85704
dadra-&-nagar-haveli-&-daman-&-diu,2021,3,pincode,396215,49261
dadra-&-nagar-haveli-&-daman-&-diu,2021,3,pincode,396235,40023
dadra-&-nagar-haveli-&-daman-&-diu,2021,3,pincode,362520,6787
dadra-&-nagar-haveli-&-daman-&-diu,2021,3,pincode,362571,3850
dadra-&-nagar-haveli-&-daman-&-diu,2021,3,pincode,362540,2189
dadra-&-nagar-haveli-&-daman-&-diu,2021,3,pincode,396220,1011
dadra-&-nagar-haveli-&-daman-&-diu,2021,3,pincode,362570,341
dadra-&-nagar-haveli-&-daman-&-diu,2021,4,district,dadra and nagar haveli,239110
dadra-&-nagar-haveli-&-daman-&-diu,2021,4,district,daman,145806
dadra-&-nagar-haveli-&-daman-&-diu,2021,4,district,diu,14047
dadra-&-nagar-haveli-&-daman-&-diu,2021,4,pincode,396230,196135
dadra-&-nagar-haveli-&-daman-&-diu,2021,4,pincode,396210,91807
dadra-&-nagar-haveli-&-daman-&-diu,2021,4,pincode,396215,52915
dadra-&-nagar-haveli-&-daman-&-diu,2021,4,pincode,396235,42975
dadra-&-nagar-haveli-&-daman-&-diu,2021,4,pincode,362520,7231
dadra-&-nagar-haveli-&-daman-&-diu,2021,4,pincode,362571,4107
dadra-&-nagar-haveli-&-daman-&-diu,2021,4,pincode,362540,2349
dadra-&-nagar-haveli-&-daman-&-diu,2021,4,pincode,396220,1084
dadra-&-nagar-haveli-&-daman-&-diu,2021,4,pincode,362570,360
dadra-&-nagar-haveli-&-daman-&-diu,2020,1,district,dadra and nagar haveli,130255
dadra-&-nagar-haveli-&-daman-&-diu,2020,1,district,daman,80329
dadra-&-nagar-haveli-&-daman-&-diu,2020,1,district,diu,7912
dadra-&-nagar-haveli-&-daman-&-diu,2020,1,pincode,396230,107112
dadra-&-nagar-haveli-&-daman-&-diu,2020,1,pincode,396210,50829
dadra-&-nagar-haveli-&-daman-&-diu,2020,1,pincode,396215,28959
dadra-&-nagar-haveli-&-daman-&-diu,2020,1,pincode,396235,23143
dadra-&-nagar-haveli-&-daman-&-diu,2020,1,pincode,362520,4269
dadra-&-nagar-haveli-&-daman-&-diu,2020,1,pincode,362571,2223
dadra-&-nagar-haveli-&-daman-&-diu,2020,1,pincode,362540,1217
dadra-&-nagar-haveli-&-daman-&-diu,2020,1,pincode,396220,541
dadra-&-nagar-haveli-&-daman-&-diu,2020,1,pincode,362570,203
dadra-&-nagar-haveli-&-daman-&-diu,2020,2,district,dadra and nagar haveli,146003
dadra-&-nagar-haveli-&-daman-&-diu,2020,2,district,daman,90016
dadra-&-nagar-haveli-&-daman-&-diu,2020,2,district,diu,8795
dadra-&-nagar-haveli-&-daman-&-diu,2020,2,pincode,396230,119858
dadra-&-nagar-haveli-&-daman-&-diu,2020,2,pincode,396210,56796
dadra-&-nagar-haveli-&-daman-&-diu,2020,2,pincode,396215,32569
dadra-&-nagar-haveli-&-daman-&-diu,2020,2,pincode,396235,26145
dadra-&-nagar-haveli-&-daman-&-diu,2020,2,pincode,362520,4635
dadra-&-nagar-haveli-&-daman-&-diu,2020,2,pincode,362571,2541
dadra-&-nagar-haveli-&-daman-&-diu,2020,2,pincode,362540,1398
dadra-&-nagar-haveli-&-daman-&-diu,2020,2,pincode,396220,651
dadra-&-nagar-haveli-&-daman-&-diu,2020,2,pincode,362570,221
dadra-&-nagar-haveli-&-daman-&-diu,2020,3,district,dadra and nagar haveli,160183
dadra-&-nagar-haveli-&-daman-&-diu,2020,3,district,daman,98108
dadra-&-nagar-haveli-&-daman-&-diu,2020,3,district,diu,9655
dadra-&-nagar-haveli-&-daman-&-diu,2020,3,pincode,396230,131460
dadra-&-nagar-haveli-&-daman-&-diu,2020,3,pincode,396210,61967
dadra-&-nagar-haveli-&-daman-&-diu,2020,3,pincode,396215,35428
dadra-&-nagar-haveli-&-daman-&-diu,2020,3,pincode,396235,28723
dadra-&-nagar-haveli-&-daman-&-diu,2020,3,pincode,362520,5010
dadra-&-nagar-haveli-&-daman-&-diu,2020,3,pincode,362571,2821
dadra-&-nagar-haveli-&-daman-&-diu,2020,3,pincode,362540,1581
dadra-&-nagar-haveli-&-daman-&-diu,2020,3,pincode,396220,713
dadra-&-nagar-haveli-&-daman-&-diu,2020,3,pincode,362570,243
dadra-&-nagar-haveli-&-daman-&-diu,2020,4,district,dadra and nagar haveli,177432
dadra-&-nagar-haveli-&-daman-&-diu,2020,4,district,daman,108511
dadra-&-nagar-haveli-&-daman-&-diu,2020,4,district,diu,10550
dadra-&-nagar-haveli-&-daman-&-diu,2020,4,pincode,396230,145541
dadra-&-nagar-haveli-&-daman-&-diu,2020,4,pincode,396210,68594
dadra-&-nagar-haveli-&-daman-&-diu,2020,4,pincode,396215,39109
dadra-&-nagar-haveli-&-daman-&-diu,2020,4,pincode,396235,31891
dadra-&-nagar-haveli-&-daman-&-diu,2020,4,pincode,362520,5447
dadra-&-nagar-haveli-&-daman-&-diu,2020,4,pincode,362571,3079
dadra-&-nagar-haveli-&-daman-&-diu,2020,4,pincode,362540,1750
dadra-&-nagar-haveli-&-daman-&-diu,2020,4,pincode,396220,808
dadra-&-nagar-haveli-&-daman-&-diu,2020,4,pincode,362570,274
dadra-&-nagar-haveli-&-daman-&-diu,2018,1,district,dadra and nagar haveli,32028
dadra-&-nagar-haveli-&-daman-&-diu,2018,1,district,daman,18677
dadra-&-nagar-haveli-&-daman-&-diu,2018,1,district,diu,2553
dadra-&-nagar-haveli-&-daman-&-diu,2018,1,pincode,396230,26888
dadra-&-nagar-haveli-&-daman-&-diu,2018,1,pincode,396210,12153
dadra-&-nagar-haveli-&-daman-&-diu,2018,1,pincode,396215,6390
dadra-&-nagar-haveli-&-daman-&-diu,2018,1,pincode,396235,5140
dadra-&-nagar-haveli-&-daman-&-diu,2018,1,pincode,362520,1330
dadra-&-nagar-haveli-&-daman-&-diu,2018,1,pincode,362571,767
dadra-&-nagar-haveli-&-daman-&-diu,2018,1,pincode,362540,365
dadra-&-nagar-haveli-&-daman-&-diu,2018,1,pincode,396220,134
dadra-&-nagar-haveli-&-daman-&-diu,2018,1,pincode,362570,91
dadra-&-nagar-haveli-&-daman-&-diu,2018,2,district,dadra and nagar haveli,43085
dadra-&-nagar-haveli-&-daman-&-diu,2018,2,district,daman,25144
dadra-&-nagar-haveli-&-daman-&-diu,2018,2,district,diu,3229
dadra-&-nagar-haveli-&-daman-&-diu,2018,2,pincode,396230,36053
dadra-&-nagar-haveli-&-daman-&-diu,2018,2,pincode,396210,16275
dadra-&-nagar-haveli-&-daman-&-diu,2018,2,pincode,396215,8687
dadra-&-nagar-haveli-&-daman-&-diu,2018,2,pincode,396235,7032
dadra-&-nagar-haveli-&-daman-&-diu,2018,2,pincode,362520,1728
dadra-&-nagar-haveli-&-daman-&-diu,2018,2,pincode,362571,930
dadra-&-nagar-haveli-&-daman-&-diu,2018,2,pincode,362540,463
dadra-&-nagar-haveli-&-daman-&-diu,2018,2,pincode,396220,182
dadra-&-nagar-haveli-&-daman-&-diu,2018,2,pincode,362570,108
dadra-&-nagar-haveli-&-daman-&-diu,2018,3,district,dadra and nagar haveli,55626
dadra-&-nagar-haveli-&-daman-&-diu,2018,3,district,daman,32651
dadra-&-nagar-haveli-&-daman-&-diu,2018,3,district,diu,3830
dadra-&-nagar-haveli-&-daman-&-diu,2018,3,pincode,396230,46381
dadra-&-nagar-haveli-&-daman-&-diu,2018,3,pincode,396210,20999
dadra-&-nagar-haveli-&-daman-&-diu,2018,3,pincode,396215,11408
dadra-&-nagar-haveli-&-daman-&-diu,2018,3,pincode,396235,9245
dadra-&-nagar-haveli-&-daman-&-diu,2018,3,pincode,362520,2056
dadra-&-nagar-haveli-&-daman-&-diu,2018,3,pincode,362571,1076
dadra-&-nagar-haveli-&-daman-&-diu,2018,3,pincode,362540,573
dadra-&-nagar-haveli-&-daman-&-diu,2018,3,pincode,396220,244
dadra-&-nagar-haveli-&-daman-&-diu,2018,3,pincode,362570,125
dadra-&-nagar-haveli-&-daman-&-diu,2018,4,district,dadra and nagar haveli,69833
dadra-&-nagar-haveli-&-daman-&-diu,2018,4,district,daman,42069
dadra-&-nagar-haveli-&-daman-&-diu,2018,4,district,diu,4609
dadra-&-nagar-haveli-&-daman-&-diu,2018,4,pincode,396230,58055
dadra-&-nagar-haveli-&-daman-&-diu,2018,4,pincode,396210,27039
dadra-&-nagar-haveli-&-daman-&-diu,2018,4,pincode,396215,14722
dadra-&-nagar-haveli-&-daman-&-diu,2018,4,pincode,396235,11778
dadra-&-nagar-haveli-&-daman-&-diu,2018,4,pincode,362520,2456
dadra-&-nagar-haveli-&-daman-&-diu,2018,4,pincode,362571,1336
dadra-&-nagar-haveli-&-daman-&-diu,2018,4,pincode,362540,686
dadra-&-nagar-haveli-&-daman-&-diu,2018,4,pincode,396220,308
dadra-&-nagar-haveli-&-daman-&-diu,2018,4,pincode,362570,131
ladakh,2022,1,district,leh ladakh,71173
ladakh,2022,1,district,kargil,21319
ladakh,2022,1,pincode,194104,20154
ladakh,2022,1,pincode,194101,17877
ladakh,2022,1,pincode,194201,14135
ladakh,2022,1,pincode,194103,7324
ladakh,2022,1,pincode,194107,6632
ladakh,2022,1,pincode,194401,6231
ladakh,2022,1,pincode,194102,4370
ladakh,2022,1,pincode,194105,3888
ladakh,2022,1,pincode,194106,2563
ladakh,2022,1,pincode,194109,2545
ladakh,2022,2,district,leh ladakh,75042
ladakh,2022,2,district,kargil,22475
ladakh,2022,2,pincode,194104,21222
ladakh,2022,2,pincode,194101,18842
ladakh,2022,2,pincode,194201,14911
ladakh,2022,2,pincode,194103,7729
ladakh,2022,2,pincode,194107,7006
ladakh,2022,2,pincode,194401,6571
ladakh,2022,2,pincode,194102,4602
ladakh,2022,2,pincode,194105,4102
ladakh,2022,2,pincode,194106,2710
ladakh,2022,2,pincode,194109,2681
ladakh,2022,3,district,leh ladakh,78769
ladakh,2022,3,district,kargil,23530
ladakh,2022,3,pincode,194104,22353
ladakh,2022,3,pincode,194101,19786
ladakh,2022,3,pincode,194201,15631
ladakh,2022,3,pincode,194103,8113
ladakh,2022,3,pincode,194107,7342
ladakh,2022,3,pincode,194401,6856
ladakh,2022,3,pincode,194102,4828
ladakh,2022,3,pincode,194105,4306
ladakh,2022,3,pincode,194106,2840
ladakh,2022,3,pincode,194109,2791
ladakh,2022,4,district,leh ladakh,82011
ladakh,2022,4,district,kargil,24326
ladakh,2022,4,pincode,194104,23418
ladakh,2022,4,pincode,194101,20668
ladakh,2022,4,pincode,194201,16206
ladakh,2022,4,pincode,194103,8405
ladakh,2022,4,pincode,194107,7641
ladakh,2022,4,pincode,194401,7055
ladakh,2022,4,pincode,194102,5020
ladakh,2022,4,pincode,194105,4454
ladakh,2022,4,pincode,194106,2943
ladakh,2022,4,pincode,194109,2832
ladakh,2024,1,district,leh ladakh,99940
ladakh,2024,1,district,kargil,30130
ladakh,2024,1,pincode,194104,28293
ladakh,2024,1,pincode,194101,25004
ladakh,2024,1,pincode,194201,19846
ladakh,2024,1,pincode,194103,10311
ladakh,2024,1,pincode,194107,9370
ladakh,2024,1,pincode,194401,8718
ladakh,2024,1,pincode,194102,6205
ladakh,2024,1,pincode,194105,5511
ladakh,2024,1,pincode,194106,3641
ladakh,2024,1,pincode,194109,3567
ladakh,2024,2,district,leh ladakh,103519
ladakh,2024,2,district,kargil,31183
ladakh,2024,2,pincode,194104,29327
ladakh,2024,2,pincode,194101,25936
ladakh,2024,2,pincode,194201,20571
ladakh,2024,2,pincode,194103,10661
ladakh,2024,2,pincode,194107,9699
ladakh,2024,2,pincode,194401,8989
ladakh,2024,2,pincode,194102,6430
ladakh,2024,2,pincode,194105,5708
ladakh,2024,2,pincode,194106,3760
ladakh,2024,2,pincode,194109,3684
ladakh,2024,3,district,leh ladakh,142693
ladakh,2024,3,district,kargil,51453
ladakh,2024,3,pincode,194101,47552
ladakh,2024,3,pincode,194104,29719
ladakh,2024,3,pincode,194201,23002
ladakh,2024,3,pincode,194103,21041
ladakh,2024,3,pincode,194401,17437
ladakh,2024,3,pincode,194102,10202
ladakh,2024,3,pincode,194404,8887
ladakh,2024,3,pincode,194107,8116
ladakh,2024,3,pincode,194703,7276
ladakh,2024,3,pincode,194105,5357
ladakh,2024,4,district,leh ladakh,141456
ladakh,2024,4,district,kargil,52268
ladakh,2024,4,pincode,194101,46975
ladakh,2024,4,pincode,194104,29839
ladakh,2024,4,pincode,194201,22838
ladakh,2024,4,pincode,194103,21608
ladakh,2024,4,pincode,194401,17228
ladakh,2024,4,pincode,194102,10139
ladakh,2024,4,pincode,194404,8572
ladakh,2024,4,pincode,194107,8089
ladakh,2024,4,pincode,194703,7420
ladakh,2024,4,pincode,194105,5431
ladakh,2023,1,district,leh ladakh,85582
ladakh,2023,1,district,kargil,25409
ladakh,2023,1,pincode,194104,24439
ladakh,2023,1,pincode,194101,21580
ladakh,2023,1,pincode,194201,16910
ladakh,2023,1,pincode,194103,8776
ladakh,2023,1,pincode,194107,7971
ladakh,2023,1,pincode,194401,7342
ladakh,2023,1,pincode,194102,5242
ladakh,2023,1,pincode,194105,4663
ladakh,2023,1,pincode,194106,3062
ladakh,2023,1,pincode,194109,2960
ladakh,2023,2,district,leh ladakh,89148
ladakh,2023,2,district,kargil,26588
ladakh,2023,2,pincode,194104,25357
ladakh,2023,2,pincode,194101,22399
ladakh,2023,2,pincode,194201,17688
ladakh,2023,2,pincode,194103,9138
ladakh,2023,2,pincode,194107,8300
ladakh,2023,2,pincode,194401,7705
ladakh,2023,2,pincode,194102,5492
ladakh,2023,2,pincode,194105,4888
ladakh,2023,2,pincode,194106,3214
ladakh,2023,2,pincode,194109,3100
ladakh,2023,3,district,leh ladakh,92688
ladakh,2023,3,district,kargil,27747
ladakh,2023,3,pincode,194104,26346
ladakh,2023,3,pincode,194101,23265
ladakh,2023,3,pincode,194201,18391
ladakh,2023,3,pincode,194103,9525
ladakh,2023,3,pincode,194107,8645
ladakh,2023,3,pincode,194401,8019
ladakh,2023,3,pincode,194102,5722
ladakh,2023,3,pincode,194105,5090
ladakh,2023,3,pincode,194106,3343
ladakh,2023,3,pincode,194109,3268
ladakh,2023,4,district,leh ladakh,96066
ladakh,2023,4,district,kargil,28762
ladakh,2023,4,pincode,194104,27266
ladakh,2023,4,pincode,194101,24102
ladakh,2023,4,pincode,194201,19063
ladakh,2023,4,pincode,194103,9855
ladakh,2023,4,pincode,194107,8985
ladakh,2023,4,pincode,194401,8330
ladakh,2023,4,pincode,194102,5923
ladakh,2023,4,pincode,194105,5300
ladakh,2023,4,pincode,194106,3470
ladakh,2023,4,pincode,194109,3373
ladakh,2019,1,district,leh ladakh,23891
ladakh,2019,1,district,kargil,5758
ladakh,2019,1,pincode,194104,6985
ladakh,2019,1,pincode,194101,5676
ladakh,2019,1,pincode,194201,4722
ladakh,2019,1,pincode,194107,2336
ladakh,2019,1,pincode,194401,1998
ladakh,2019,1,pincode,194103,1938
ladakh,2019,1,pincode,194102,1275
ladakh,2019,1,pincode,194105,1020
ladakh,2019,1,pincode,194106,902
ladakh,2019,1,pincode,194703,788
ladakh,2019,2,district,leh ladakh,28390
ladakh,2019,2,district,kargil,7126
ladakh,2019,2,pincode,194104,8074
ladakh,2019,2,pincode,194101,6990
ladakh,2019,2,pincode,194201,5567
ladakh,2019,2,pincode,194107,2793
ladakh,2019,2,pincode,194103,2432
ladakh,2019,2,pincode,194401,2390
ladakh,2019,2,pincode,194102,1584
ladakh,2019,2,pincode,194105,1258
ladakh,2019,2,pincode,194106,1097
ladakh,2019,2,pincode,194703,949
ladakh,2019,3,district,leh ladakh,31455
ladakh,2019,3,district,kargil,7718
ladakh,2019,3,pincode,194104,8972
ladakh,2019,3,pincode,194101,7968
ladakh,2019,3,pincode,194201,6210
ladakh,2019,3,pincode,194107,3004
ladakh,2019,3,pincode,194103,2647
ladakh,2019,3,pincode,194401,2601
ladakh,2019,3,pincode,194102,1723
ladakh,2019,3,pincode,194105,1386
ladakh,2019,3,pincode,194106,1162
ladakh,2019,3,pincode,194703,1014
ladakh,2019,4,district,leh ladakh,34770
ladakh,2019,4,district,kargil,8338
ladakh,2019,4,pincode,194104,9875
ladakh,2019,4,pincode,194101,8791
ladakh,2019,4,pincode,194201,6838
ladakh,2019,4,pincode,194107,3321
ladakh,2019,4,pincode,194401,2945
ladakh,2019,4,pincode,194103,2850
ladakh,2019,4,pincode,194102,1873
ladakh,2019,4,pincode,194105,1501
ladakh,2019,4,pincode,194106,1304
ladakh,2019,4,pincode,194703,1054
ladakh,2021,1,district,leh ladakh,54095
ladakh,2021,1,district,kargil,15824
ladakh,2021,1,pincode,194104,15511
ladakh,2021,1,pincode,194101,13620
ladakh,2021,1,pincode,194201,10674
ladakh,2021,1,pincode,194103,5484
ladakh,2021,1,pincode,194107,5026
ladakh,2021,1,pincode,194401,4631
ladakh,2021,1,pincode,194102,3256
ladakh,2021,1,pincode,194105,2886
ladakh,2021,1,pincode,194106,1933
ladakh,2021,1,pincode,194109,1854
ladakh,2021,2,district,leh ladakh,57971
ladakh,2021,2,district,kargil,17077
ladakh,2021,2,pincode,194104,16585
ladakh,2021,2,pincode,194101,14606
ladakh,2021,2,pincode,194201,11446
ladakh,2021,2,pincode,194103,5935
ladakh,2021,2,pincode,194107,5397
ladakh,2021,2,pincode,194401,4964
ladakh,2021,2,pincode,194102,3499
ladakh,2021,2,pincode,194105,3111
ladakh,2021,2,pincode,194106,2070
ladakh,2021,2,pincode,194109,1998
ladakh,2021,3,district,leh ladakh,62633
ladakh,2021,3,district,kargil,18577
ladakh,2021,3,pincode,194104,17813
ladakh,2021,3,pincode,194101,15772
ladakh,2021,3,pincode,194201,12397
ladakh,2021,3,pincode,194103,6415
ladakh,2021,3,pincode,194107,5819
ladakh,2021,3,pincode,194401,5438
ladakh,2021,3,pincode,194102,3811
ladakh,2021,3,pincode,194105,3389
ladakh,2021,3,pincode,194106,2243
ladakh,2021,3,pincode,194109,2193
ladakh,2021,4,district,leh ladakh,67049
ladakh,2021,4,district,kargil,20008
ladakh,2021,4,pincode,194104,19007
ladakh,2021,4,pincode,194101,16834
ladakh,2021,4,pincode,194201,13309
ladakh,2021,4,pincode,194103,6889
ladakh,2021,4,pincode,194107,6240
ladakh,2021,4,pincode,194401,5862
ladakh,2021,4,pincode,194102,4093
ladakh,2021,4,pincode,194105,3639
ladakh,2021,4,pincode,194106,2420
ladakh,2021,4,pincode,194109,2397
ladakh,2020,1,district,leh ladakh,38079
ladakh,2020,1,district,kargil,9711
ladakh,2020,1,pincode,194104,10826
ladakh,2020,1,pincode,194101,9668
ladakh,2020,1,pincode,194201,7470
ladakh,2020,1,pincode,194107,3617
ladakh,2020,1,pincode,194103,3320
ladakh,2020,1,pincode,194401,3216
ladakh,2020,1,pincode,194102,2152
ladakh,2020,1,pincode,194105,1776
ladakh,2020,1,pincode,194106,1403
ladakh,2020,1,pincode,194703,1207
ladakh,2020,2,district,leh ladakh,41782
ladakh,2020,2,district,kargil,11252
ladakh,2020,2,pincode,194104,11904
ladakh,2020,2,pincode,194101,10546
ladakh,2020,2,pincode,194201,8273
ladakh,2020,2,pincode,194107,3957
ladakh,2020,2,pincode,194103,3885
ladakh,2020,2,pincode,194401,3519
ladakh,2020,2,pincode,194102,2449
ladakh,2020,2,pincode,194105,2060
ladakh,2020,2,pincode,194106,1518
ladakh,2020,2,pincode,194703,1358
ladakh,2020,3,district,leh ladakh,45587
ladakh,2020,3,district,kargil,12814
ladakh,2020,3,pincode,194104,13038
ladakh,2020,3,pincode,194101,11446
ladakh,2020,3,pincode,194201,8999
ladakh,2020,3,pincode,194103,4416
ladakh,2020,3,pincode,194107,4322
ladakh,2020,3,pincode,194401,3865
ladakh,2020,3,pincode,194102,2748
ladakh,2020,3,pincode,194105,2360
ladakh,2020,3,pincode,194106,1661
ladakh,2020,3,pincode,194703,1526
ladakh,2020,4,district,leh ladakh,50252
ladakh,2020,4,district,kargil,14601
ladakh,2020,4,pincode,194104,14355
ladakh,2020,4,pincode,194101,12651
ladakh,2020,4,pincode,194201,9940
ladakh,2020,4,pincode,194103,5069
ladakh,2020,4,pincode,194107,4681
ladakh,2020,4,pincode,194401,4313
ladakh,2020,4,pincode,194102,3028
ladakh,2020,4,pincode,194105,2673
ladakh,2020,4,pincode,194106,1803
ladakh,2020,4,pincode,194109,1697
ladakh,2018,1,district,leh ladakh,7255
ladakh,2018,1,district,kargil,1529
ladakh,2018,1,pincode,194104,2329
ladakh,2018,1,pincode,194101,1584
ladakh,2018,1,pincode,194201,1397
ladakh,2018,1,pincode,194401,670
ladakh,2018,1,pincode,194107,641
ladakh,2018,1,pincode,194103,458
ladakh,2018,1,pincode,194102,353
ladakh,2018,1,pincode,194105,259
ladakh,2018,1,pincode,194106,255
ladakh,2018,1,pincode,194703,241
ladakh,2018,2,district,leh ladakh,10733
ladakh,2018,2,district,kargil,2185
ladakh,2018,2,pincode,194104,3343
ladakh,2018,2,pincode,194101,2388
ladakh,2018,2,pincode,194201,2112
ladakh,2018,2,pincode,194107,984
ladakh,2018,2,pincode,194401,943
ladakh,2018,2,pincode,194103,655
ladakh,2018,2,pincode,194102,511
ladakh,2018,2,pincode,194105,361
ladakh,2018,2,pincode,194106,357
ladakh,2018,2,pincode,194703,342
ladakh,2018,3,district,leh ladakh,14617
ladakh,2018,3,district,kargil,3132
ladakh,2018,3,pincode,194104,4461
ladakh,2018,3,pincode,194101,3292
ladakh,2018,3,pincode,194201,2882
ladakh,2018,3,pincode,194107,1385
ladakh,2018,3,pincode,194401,1264
ladakh,2018,3,pincode,194103,976
ladakh,2018,3,pincode,194102,717
ladakh,2018,3,pincode,194105,534
ladakh,2018,3,pincode,194106,519
ladakh,2018,3,pincode,194703,468
ladakh,2018,4,district,leh ladakh,19447
ladakh,2018,4,district,kargil,4436
ladakh,2018,4,pincode,194104,5767
ladakh,2018,4,pincode,194101,4561
ladakh,2018,4,pincode,194201,3824
ladakh,2018,4,pincode,194107,1913
ladakh,2018,4,pincode,194401,1632
ladakh,2018,4,pincode,194103,1460
ladakh,2018,4,pincode,194102,970
ladakh,2018,4,pincode,194105,800
ladakh,2018,4,pincode,194106,706
ladakh,2018,4,pincode,194703,640
assam,2022,1,district,kamrup metropolitan,767859
assam,2022,1,district,nagaon,268636
assam,2022,1,district,barpeta,238871
assam,2022,1,district,cachar,230089
assam,2022,1,district,sonitpur,211236
assam,2022,1,district,dibrugarh,210525
assam,2022,1,district,kamrup,198189
assam,2022,1,district,tinsukia,179301
assam,2022,1,district,jorhat,154589
assam,2022,1,district,dhubri,137698
assam,2022,1,pincode,781032,60632
assam,2022,1,pincode,781022,48859
assam,2022,1,pincode,781001,44765
assam,2022,1,pincode,781038,39366
assam,2022,1,pincode,783380,38840
assam,2022,1,pincode,781011,36583
assam,2022,1,pincode,785001,35517
assam,2022,1,pincode,786001,34879
assam,2022,1,pincode,782435,32753
assam,2022,1,pincode,781028,32414
assam,2022,2,district,kamrup metropolitan,810057
assam,2022,2,district,nagaon,284558
assam,2022,2,district,barpeta,253194
assam,2022,2,district,cachar,243727
assam,2022,2,district,sonitpur,223514
assam,2022,2,district,dibrugarh,222494
assam,2022,2,district,kamrup,210048
assam,2022,2,district,tinsukia,189633
assam,2022,2,district,jorhat,163307
assam,2022,2,district,dhubri,146304
assam,2022,2,pincode,781032,63866
assam,2022,2,pincode,781022,51543
assam,2022,2,pincode,781001,47222
assam,2022,2,pincode,781038,41519
assam,2022,2,pincode,783380,41067
assam,2022,2,pincode,781011,38612
assam,2022,2,pincode,785001,37438
assam,2022,2,pincode,786001,36760
assam,2022,2,pincode,782435,34642
assam,2022,2,pincode,781028,34231
assam,2022,3,district,kamrup metropolitan,854019
assam,2022,3,district,nagaon,300653
assam,2022,3,district,barpeta,267667
assam,2022,3,district,cachar,257370
assam,2022,3,district,sonitpur,235752
assam,2022,3,district,dibrugarh,234149
assam,2022,3,district,kamrup,221721
assam,2022,3,district,tinsukia,199942
assam,2022,3,district,jorhat,171824
assam,2022,3,district,dhubri,154896
assam,2022,3,pincode,781032,67280
assam,2022,3,pincode,781022,54277
assam,2022,3,pincode,781001,49784
assam,2022,3,pincode,781038,43745
assam,2022,3,pincode,783380,43396
assam,2022,3,pincode,781011,40762
assam,2022,3,pincode,785001,39413
assam,2022,3,pincode,786001,38716
assam,2022,3,pincode,782435,36615
assam,2022,3,pincode,781028,36089
assam,2022,4,district,kamrup metropolitan,897245
assam,2022,4,district,nagaon,314901
assam,2022,4,district,barpeta,280479
assam,2022,4,district,cachar,269556
assam,2022,4,district,sonitpur,246327
assam,2022,4,district,dibrugarh,244755
assam,2022,4,district,kamrup,231849
assam,2022,4,district,tinsukia,209247
assam,2022,4,district,jorhat,179437
assam,2022,4,district,dhubri,162126
assam,2022,4,pincode,781032,70664
assam,2022,4,pincode,781022,57039
assam,2022,4,pincode,781001,52292
assam,2022,4,pincode,781038,45987
assam,2022,4,pincode,783380,45548
assam,2022,4,pincode,781011,42885
assam,2022,4,pincode,785001,41419
assam,2022,4,pincode,786001,40689
assam,2022,4,pincode,782435,38441
assam,2022,4,pincode,781028,37934
assam,2024,1,district,kamrup metropolitan,1092571
assam,2024,1,district,nagaon,392625
assam,2024,1,district,barpeta,348707
assam,2024,1,district,cachar,334056
assam,2024,1,district,sonitpur,304871
assam,2024,1,district,dibrugarh,302007
assam,2024,1,district,kamrup,288710
assam,2024,1,district,tinsukia,259521
assam,2024,1,district,jorhat,221581
assam,2024,1,district,dhubri,202576
assam,2024,1,pincode,781032,85683
assam,2024,1,pincode,781022,69378
assam,2024,1,pincode,781001,63508
assam,2024,1,pincode,783380,56144
assam,2024,1,pincode,781038,55781
assam,2024,1,pincode,781011,52141
assam,2024,1,pincode,785001,50527
assam,2024,1,pincode,786001,49628
assam,2024,1,pincode,782435,47562
assam,2024,1,pincode,782003,46442
assam,2024,2,district,kamrup metropolitan,1134211
assam,2024,2,district,nagaon,408632
assam,2024,2,district,barpeta,362595
assam,2024,2,district,cachar,347107
assam,2024,2,district,sonitpur,316789
assam,2024,2,district,dibrugarh,313699
assam,2024,2,district,kamrup,300373
assam,2024,2,district,tinsukia,269522
assam,2024,2,district,jorhat,230436
assam,2024,2,district,dhubri,210719
assam,2024,2,pincode,781032,88920
assam,2024,2,pincode,781022,71920
assam,2024,2,pincode,781001,65921
assam,2024,2,pincode,783380,58373
assam,2024,2,pincode,781038,57902
assam,2024,2,pincode,781011,54066
assam,2024,2,pincode,785001,52493
assam,2024,2,pincode,786001,51487
assam,2024,2,pincode,782435,49528
assam,2024,2,pincode,782003,48326
assam,2024,3,district,kamrup metropolitan,1334268
assam,2024,3,district,nagaon,558602
assam,2024,3,district,barpeta,540352
assam,2024,3,district,kamrup,503346
assam,2024,3,district,cachar,503200
assam,2024,3,district,dhubri,457560
assam,2024,3,district,dibrugarh,373759
assam,2024,3,district,sonitpur,360775
assam,2024,3,district,goalpara,350819
assam,2024,3,district,tinsukia,350223
assam,2024,3,pincode,781003,99139
assam,2024,3,pincode,782446,93833
assam,2024,3,pincode,783380,93298
assam,2024,3,pincode,783348,92313
assam,2024,3,pincode,785001,86311
assam,2024,3,pincode,783101,85206
assam,2024,3,pincode,781308,80391
assam,2024,3,pincode,781025,75499
assam,2024,3,pincode,783370,73240
assam,2024,3,pincode,782435,72564
assam,2024,4,district,kamrup metropolitan,1380871
assam,2024,4,district,nagaon,580140
assam,2024,4,district,barpeta,558059
assam,2024,4,district,cachar,522779
assam,2024,4,district,kamrup,522595
assam,2024,4,district,dhubri,473943
assam,2024,4,district,dibrugarh,387487
assam,2024,4,district,sonitpur,374004
assam,2024,4,district,goalpara,363792
assam,2024,4,district,tinsukia,363224
assam,2024,4,pincode,781003,102310
assam,2024,4,pincode,782446,97436
assam,2024,4,pincode,783380,96232
assam,2024,4,pincode,783348,95786
assam,2024,4,pincode,785001,88986
assam,2024,4,pincode,783101,88467
assam,2024,4,pincode,781308,82536
assam,2024,4,pincode,781025,77987
assam,2024,4,pincode,783370,76469
assam,2024,4,pincode,782435,75295
assam,2023,1,district,kamrup metropolitan,938802
assam,2023,1,district,nagaon,330283
assam,2023,1,district,barpeta,294210
assam,2023,1,district,cachar,282643
assam,2023,1,district,sonitpur,258067
assam,2023,1,district,dibrugarh,256050
assam,2023,1,district,kamrup,242982
assam,2023,1,district,tinsukia,219077
assam,2023,1,district,jorhat,187799
assam,2023,1,district,dhubri,170279
assam,2023,1,pincode,781032,73878
assam,2023,1,pincode,781022,59721
assam,2023,1,pincode,781001,54745
assam,2023,1,pincode,781038,48134
assam,2023,1,pincode,783380,47759
assam,2023,1,pincode,781011,44810
assam,2023,1,pincode,785001,43324
assam,2023,1,pincode,786001,42577
assam,2023,1,pincode,782435,40288
assam,2023,1,pincode,781028,39737
assam,2023,2,district,kamrup metropolitan,975409
assam,2023,2,district,nagaon,345756
assam,2023,2,district,barpeta,307888
assam,2023,2,district,cachar,295315
assam,2023,2,district,sonitpur,269578
assam,2023,2,district,dibrugarh,267326
assam,2023,2,district,kamrup,254290
assam,2023,2,district,tinsukia,228972
assam,2023,2,district,jorhat,196116
assam,2023,2,district,dhubri,178594
assam,2023,2,pincode,781032,76617
assam,2023,2,pincode,781022,62035
assam,2023,2,pincode,781001,56858
assam,2023,2,pincode,781038,50048
assam,2023,2,pincode,783380,49755
assam,2023,2,pincode,781011,46533
assam,2023,2,pincode,785001,45031
assam,2023,2,pincode,786001,44226
assam,2023,2,pincode,782435,42067
assam,2023,2,pincode,781028,41323
assam,2023,3,district,kamrup metropolitan,1014178
assam,2023,3,district,nagaon,360999
assam,2023,3,district,barpeta,321557
assam,2023,3,district,cachar,308182
assam,2023,3,district,sonitpur,281112
assam,2023,3,district,dibrugarh,278740
assam,2023,3,district,kamrup,265357
assam,2023,3,district,tinsukia,239058
assam,2023,3,district,jorhat,204393
assam,2023,3,district,dhubri,186435
assam,2023,3,pincode,781032,79587
assam,2023,3,pincode,781022,64409
assam,2023,3,pincode,781001,59036
assam,2023,3,pincode,781038,51966
assam,2023,3,pincode,783380,51854
assam,2023,3,pincode,781011,48416
assam,2023,3,pincode,785001,46869
assam,2023,3,pincode,786001,46000
assam,2023,3,pincode,782435,43920
assam,2023,3,pincode,781028,43026
assam,2023,4,district,kamrup metropolitan,1050970
assam,2023,4,district,nagaon,375835
assam,2023,4,district,barpeta,334209
assam,2023,4,district,cachar,320070
assam,2023,4,district,sonitpur,291996
assam,2023,4,district,dibrugarh,289409
assam,2023,4,district,kamrup,276067
assam,2023,4,district,tinsukia,248429
assam,2023,4,district,jorhat,212335
assam,2023,4,district,dhubri,193881
assam,2023,4,pincode,781032,82438
assam,2023,4,pincode,781022,66776
assam,2023,4,pincode,781001,61117
assam,2023,4,pincode,783380,53847
assam,2023,4,pincode,781038,53768
assam,2023,4,pincode,781011,50128
assam,2023,4,pincode,785001,48543
assam,2023,4,pincode,786001,47682
assam,2023,4,pincode,782435,45621
assam,2023,4,pincode,781028,44524
assam,2019,1,district,kamrup metropolitan,255112
assam,2019,1,district,barpeta,67729
assam,2019,1,district,nagaon,66306
assam,2019,1,district,cachar,64241
assam,2019,1,district,dibrugarh,62656
assam,2019,1,district,sonitpur,62218
assam,2019,1,district,kamrup,54910
assam,2019,1,district,tinsukia,51108
assam,2019,1,district,jorhat,48594
assam,2019,1,district,dhubri,36652
assam,2019,1,pincode,781032,21003
assam,2019,1,pincode,781022,16624
assam,2019,1,pincode,781001,15399
assam,2019,1,pincode,781038,13630
assam,2019,1,pincode,785001,12724
assam,2019,1,pincode,783380,12282
assam,2019,1,pincode,781011,11982
assam,2019,1,pincode,786001,11437
assam,2019,1,pincode,781028,10474
assam,2019,1,pincode,781019,10045
assam,2019,2,district,kamrup metropolitan,299219
assam,2019,2,district,barpeta,80544
assam,2019,2,district,nagaon,79322
assam,2019,2,district,cachar,76533
assam,2019,2,district,dibrugarh,74342
assam,2019,2,district,sonitpur,73717
assam,2019,2,district,kamrup,65883
assam,2019,2,district,tinsukia,60548
assam,2019,2,district,jorhat,56713
assam,2019,2,district,dhubri,43396
assam,2019,2,pincode,781032,24543
assam,2019,2,pincode,781022,19460
assam,2019,2,pincode,781001,17922
assam,2019,2,pincode,781038,15681
assam,2019,2,pincode,783380,14452
assam,2019,2,pincode,785001,14373
assam,2019,2,pincode,781011,13970
assam,2019,2,pincode,786001,13366
assam,2019,2,pincode,781009,12874
assam,2019,2,pincode,781028,12313
assam,2019,3,district,kamrup metropolitan,340588
assam,2019,3,district,nagaon,100993
assam,2019,3,district,barpeta,92001
assam,2019,3,district,cachar,88048
assam,2019,3,district,dibrugarh,84029
assam,2019,3,district,sonitpur,83930
assam,2019,3,district,kamrup,75174
assam,2019,3,district,tinsukia,68999
assam,2019,3,district,jorhat,63858
assam,2019,3,district,dhubri,48953
assam,2019,3,pincode,781032,27912
assam,2019,3,pincode,781022,22162
assam,2019,3,pincode,781001,20205
assam,2019,3,pincode,781038,17651
assam,2019,3,pincode,783380,16289
assam,2019,3,pincode,785001,16065
assam,2019,3,pincode,781011,15923
assam,2019,3,pincode,781009,15432
assam,2019,3,pincode,786001,15231
assam,2019,3,pincode,781028,13989
assam,2019,4,district,kamrup metropolitan,373761
assam,2019,4,district,nagaon,114296
assam,2019,4,district,barpeta,103248
assam,2019,4,district,cachar,98890
assam,2019,4,district,sonitpur,93662
assam,2019,4,district,dibrugarh,93614
assam,2019,4,district,kamrup,84609
assam,2019,4,district,tinsukia,76944
assam,2019,4,district,jorhat,70809
assam,2019,4,district,golaghat,54950
assam,2019,4,pincode,781032,30419
assam,2019,4,pincode,781022,24236
assam,2019,4,pincode,781001,21980
assam,2019,4,pincode,781038,19306
assam,2019,4,pincode,783380,17946
assam,2019,4,pincode,785001,17515
assam,2019,4,pincode,781011,17500
assam,2019,4,pincode,781009,17023
assam,2019,4,pincode,786001,16755
assam,2019,4,pincode,781028,15378
assam,2021,1,district,kamrup metropolitan,589688
assam,2021,1,district,nagaon,200243
assam,2021,1,district,barpeta,177789
assam,2021,1,district,cachar,172056
assam,2021,1,district,sonitpur,158555
assam,2021,1,district,dibrugarh,158509
assam,2021,1,district,kamrup,147671
assam,2021,1,district,tinsukia,134067
assam,2021,1,district,jorhat,116616
assam,2021,1,district,dhubri,101643
assam,2021,1,pincode,781032,46783
assam,2021,1,pincode,781022,37652
assam,2021,1,pincode,781001,34483
assam,2021,1,pincode,781038,30260
assam,2021,1,pincode,783380,29414
assam,2021,1,pincode,781011,28064
assam,2021,1,pincode,785001,27259
assam,2021,1,pincode,786001,26762
assam,2021,1,pincode,781028,24813
assam,2021,1,pincode,782435,24658
assam,2021,2,district,kamrup metropolitan,630676
assam,2021,2,district,nagaon,215750
assam,2021,2,district,barpeta,191700
assam,2021,2,district,cachar,185350
assam,2021,2,district,dibrugarh,170604
assam,2021,2,district,sonitpur,170519
assam,2021,2,district,kamrup,159018
assam,2021,2,district,tinsukia,144571
assam,2021,2,district,jorhat,125247
assam,2021,2,district,dhubri,109873
assam,2021,2,pincode,781032,49999
assam,2021,2,pincode,781022,40254
assam,2021,2,pincode,781001,36847
assam,2021,2,pincode,781038,32353
assam,2021,2,pincode,783380,31551
assam,2021,2,pincode,781011,30045
assam,2021,2,pincode,785001,29194
assam,2021,2,pincode,786001,28664
assam,2021,2,pincode,781028,26557
assam,2021,2,pincode,782435,26455
assam,2021,3,district,kamrup metropolitan,677223
assam,2021,3,district,nagaon,233909
assam,2021,3,district,barpeta,207997
assam,2021,3,district,cachar,200721
assam,2021,3,district,sonitpur,184448
assam,2021,3,district,dibrugarh,184280
assam,2021,3,district,kamrup,172652
assam,2021,3,district,tinsukia,156657
assam,2021,3,district,jorhat,135179
assam,2021,3,district,dhubri,119554
assam,2021,3,pincode,781032,53594
assam,2021,3,pincode,781022,43191
assam,2021,3,pincode,781001,39514
assam,2021,3,pincode,781038,34724
assam,2021,3,pincode,783380,34031
assam,2021,3,pincode,781011,32293
assam,2021,3,pincode,785001,31327
assam,2021,3,pincode,786001,30785
assam,2021,3,pincode,782435,28639
assam,2021,3,pincode,781028,28555
assam,2021,4,district,kamrup metropolitan,723960
assam,2021,4,district,nagaon,251340
assam,2021,4,district,barpeta,223375
assam,2021,4,district,cachar,215876
assam,2021,4,district,sonitpur,198091
assam,2021,4,district,dibrugarh,197521
assam,2021,4,district,kamrup,185421
assam,2021,4,district,tinsukia,168240
assam,2021,4,district,jorhat,145111
assam,2021,4,district,dhubri,128621
assam,2021,4,pincode,781032,57249
assam,2021,4,pincode,781022,46108
assam,2021,4,pincode,781001,42225
assam,2021,4,pincode,781038,37135
assam,2021,4,pincode,783380,36481
assam,2021,4,pincode,781011,34495
assam,2021,4,pincode,785001,33508
assam,2021,4,pincode,786001,32892
assam,2021,4,pincode,782435,30729
assam,2021,4,pincode,781028,30534
assam,2020,1,district,kamrup metropolitan,412013
assam,2020,1,district,nagaon,129371
assam,2020,1,district,barpeta,116286
assam,2020,1,district,cachar,111470
assam,2020,1,district,sonitpur,105050
assam,2020,1,district,dibrugarh,104663
assam,2020,1,district,kamrup,95973
assam,2020,1,district,tinsukia,86763
assam,2020,1,district,jorhat,78731
assam,2020,1,district,dhubri,62477
assam,2020,1,pincode,781032,33205
assam,2020,1,pincode,781022,26607
assam,2020,1,pincode,781001,24106
assam,2020,1,pincode,781038,21242
assam,2020,1,pincode,783380,19871
assam,2020,1,pincode,781011,19355
assam,2020,1,pincode,785001,19193
assam,2020,1,pincode,781009,18666
assam,2020,1,pincode,786001,18552
assam,2020,1,pincode,781028,17121
assam,2020,2,district,kamrup metropolitan,457023
assam,2020,2,district,nagaon,151932
assam,2020,2,district,barpeta,135525
assam,2020,2,district,cachar,129067
assam,2020,2,district,sonitpur,121435
assam,2020,2,district,dibrugarh,121028
assam,2020,2,district,kamrup,112992
assam,2020,2,district,tinsukia,101864
assam,2020,2,district,jorhat,90601
assam,2020,2,district,dhubri,76285
assam,2020,2,pincode,781032,36494
assam,2020,2,pincode,781022,29237
assam,2020,2,pincode,781001,26634
assam,2020,2,pincode,781038,23439
assam,2020,2,pincode,783380,22873
assam,2020,2,pincode,781011,21654
assam,2020,2,pincode,785001,21271
assam,2020,2,pincode,786001,20738
assam,2020,2,pincode,781009,19800
assam,2020,2,pincode,781028,19046
assam,2020,3,district,kamrup metropolitan,499403
assam,2020,3,district,nagaon,168903
assam,2020,3,district,barpeta,150166
assam,2020,3,district,cachar,143851
assam,2020,3,district,dibrugarh,134339
assam,2020,3,district,sonitpur,134006
assam,2020,3,district,kamrup,124944
assam,2020,3,district,tinsukia,113239
assam,2020,3,district,jorhat,99517
assam,2020,3,district,dhubri,84816
assam,2020,3,pincode,781032,39646
assam,2020,3,pincode,781022,31853
assam,2020,3,pincode,781001,29045
assam,2020,3,pincode,781038,25600
assam,2020,3,pincode,783380,25150
assam,2020,3,pincode,781011,23762
assam,2020,3,pincode,785001,23212
assam,2020,3,pincode,786001,22736
assam,2020,3,pincode,781028,20913
assam,2020,3,pincode,781009,20809
assam,2020,4,district,kamrup metropolitan,546458
assam,2020,4,district,nagaon,185101
assam,2020,4,district,barpeta,164341
assam,2020,4,district,cachar,158821
assam,2020,4,district,dibrugarh,147001
assam,2020,4,district,sonitpur,146796
assam,2020,4,district,kamrup,136799
assam,2020,4,district,tinsukia,124067
assam,2020,4,district,jorhat,108380
assam,2020,4,district,dhubri,93699
assam,2020,4,pincode,781032,43335
assam,2020,4,pincode,781022,34873
assam,2020,4,pincode,781001,31894
assam,2020,4,pincode,781038,27985
assam,2020,4,pincode,783380,27308
assam,2020,4,pincode,781011,26044
assam,2020,4,pincode,785001,25298
assam,2020,4,pincode,786001,24846
assam,2020,4,pincode,781028,22952
assam,2020,4,pincode,782435,22802
assam,2018,1,district,kamrup metropolitan,87336
assam,2018,1,district,dibrugarh,21182
assam,2018,1,district,barpeta,20485
assam,2018,1,district,nagaon,19619
assam,2018,1,district,cachar,19567
assam,2018,1,district,sonitpur,18986
assam,2018,1,district,jorhat,16442
assam,2018,1,district,tinsukia,15998
assam,2018,1,district,kamrup,15241
assam,2018,1,district,dhubri,11421
assam,2018,1,pincode,781032,7209
assam,2018,1,pincode,781001,5507
assam,2018,1,pincode,781022,5418
assam,2018,1,pincode,781038,4731
assam,2018,1,pincode,783380,4571
assam,2018,1,pincode,785001,4526
assam,2018,1,pincode,781011,4127
assam,2018,1,pincode,786001,4122
assam,2018,1,pincode,781009,3639
assam,2018,1,pincode,781028,3517
assam,2018,2,district,kamrup metropolitan,124720
assam,2018,2,district,dibrugarh,30527
assam,2018,2,district,barpeta,29882
assam,2018,2,district,nagaon,29412
assam,2018,2,district,cachar,29381
assam,2018,2,district,sonitpur,28409
assam,2018,2,district,tinsukia,23900
assam,2018,2,district,jorhat,23683
assam,2018,2,district,kamrup,23595
assam,2018,2,district,dhubri,16701
assam,2018,2,pincode,781032,10189
assam,2018,2,pincode,781022,7914
assam,2018,2,pincode,781001,7685
assam,2018,2,pincode,781038,6711
assam,2018,2,pincode,783380,6411
assam,2018,2,pincode,785001,6375
assam,2018,2,pincode,781011,5954
assam,2018,2,pincode,786001,5881
assam,2018,2,pincode,781009,5216
assam,2018,2,pincode,781028,5010
assam,2018,3,district,kamrup metropolitan,164101
assam,2018,3,district,barpeta,41158
assam,2018,3,district,cachar,40888
assam,2018,3,district,dibrugarh,40711
assam,2018,3,district,nagaon,40687
assam,2018,3,district,sonitpur,38797
assam,2018,3,district,kamrup,33197
assam,2018,3,district,tinsukia,32870
assam,2018,3,district,jorhat,32134
assam,2018,3,district,dhubri,22705
assam,2018,3,pincode,781032,13555
assam,2018,3,pincode,781022,10377
assam,2018,3,pincode,781001,10057
assam,2018,3,pincode,785001,8633
assam,2018,3,pincode,781038,8582
assam,2018,3,pincode,783380,8312
assam,2018,3,pincode,781011,7916
assam,2018,3,pincode,786001,7732
assam,2018,3,pincode,781028,6759
assam,2018,3,pincode,781009,6651
assam,2018,4,district,kamrup metropolitan,214212
assam,2018,4,district,barpeta,55068
assam,2018,4,district,nagaon,54395
assam,2018,4,district,cachar,53209
assam,2018,4,district,dibrugarh,52539
assam,2018,4,district,sonitpur,51420
assam,2018,4,district,kamrup,44868
assam,2018,4,district,tinsukia,42624
assam,2018,4,district,jorhat,41100
assam,2018,4,district,dhubri,30132
assam,2018,4,pincode,781032,17802
assam,2018,4,pincode,781022,13976
assam,2018,4,pincode,781001,12969
assam,2018,4,pincode,781038,11283
assam,2018,4,pincode,785001,10937
assam,2018,4,pincode,783380,10374
assam,2018,4,pincode,781011,10054
assam,2018,4,pincode,786001,9765
assam,2018,4,pincode,781028,8801
assam,2018,4,pincode,781019,8559
meghalaya,2022,1,district,east khasi hills,102838
meghalaya,2022,1,district,west garo hills,55028
meghalaya,2022,1,district,ribhoi,25112
meghalaya,2022,1,district,east jaintia hills,18301
meghalaya,2022,1,district,west jaintia hills,11952
meghalaya,2022,1,district,north garo hills,8795
meghalaya,2022,1,district,south west garo hills,8758
meghalaya,2022,1,district,east garo hills,8578
meghalaya,2022,1,district,south garo hills,7508
meghalaya,2022,1,district,west khasi hills,6839
meghalaya,2022,1,pincode,793001,25549
meghalaya,2022,1,pincode,793002,14982
meghalaya,2022,1,pincode,794001,12581
meghalaya,2022,1,pincode,794104,12299
meghalaya,2022,1,pincode,794105,12278
meghalaya,2022,1,pincode,793011,11198
meghalaya,2022,1,pincode,793101,11049
meghalaya,2022,1,pincode,794101,9581
meghalaya,2022,1,pincode,793210,9469
meghalaya,2022,1,pincode,793150,8140
meghalaya,2022,2,district,east khasi hills,108330
meghalaya,2022,2,district,west garo hills,58178
meghalaya,2022,2,district,ribhoi,26541
meghalaya,2022,2,district,east jaintia hills,19314
meghalaya,2022,2,district,west jaintia hills,12593
meghalaya,2022,2,district,north garo hills,9312
meghalaya,2022,2,district,south west garo hills,9266
meghalaya,2022,2,district,east garo hills,9052
meghalaya,2022,2,district,south garo hills,7922
meghalaya,2022,2,district,west khasi hills,7196
meghalaya,2022,2,pincode,793001,26896
meghalaya,2022,2,pincode,793002,15794
meghalaya,2022,2,pincode,794001,13275
meghalaya,2022,2,pincode,794104,13038
meghalaya,2022,2,pincode,794105,13006
meghalaya,2022,2,pincode,793011,11798
meghalaya,2022,2,pincode,793101,11696
meghalaya,2022,2,pincode,794101,10115
meghalaya,2022,2,pincode,793210,10028
meghalaya,2022,2,pincode,793150,8576
meghalaya,2022,3,district,east khasi hills,113816
meghalaya,2022,3,district,west garo hills,61273
meghalaya,2022,3,district,ribhoi,27844
meghalaya,2022,3,district,east jaintia hills,20320
meghalaya,2022,3,district,west jaintia hills,13176
meghalaya,2022,3,district,north garo hills,9773
meghalaya,2022,3,district,south west garo hills,9735
meghalaya,2022,3,district,east garo hills,9484
meghalaya,2022,3,district,south garo hills,8265
meghalaya,2022,3,district,west khasi hills,7493
meghalaya,2022,3,pincode,793001,28296
meghalaya,2022,3,pincode,793002,16624
meghalaya,2022,3,pincode,794001,13969
meghalaya,2022,3,pincode,794104,13803
meghalaya,2022,3,pincode,794105,13711
meghalaya,2022,3,pincode,793011,12419
meghalaya,2022,3,pincode,793101,12305
meghalaya,2022,3,pincode,794101,10631
meghalaya,2022,3,pincode,793210,10565
meghalaya,2022,3,pincode,793150,8991
meghalaya,2022,4,district,east khasi hills,118978
meghalaya,2022,4,district,west garo hills,63792
meghalaya,2022,4,district,ribhoi,29041
meghalaya,2022,4,district,east jaintia hills,21201
meghalaya,2022,4,district,west jaintia hills,13633
meghalaya,2022,4,district,north garo hills,10145
meghalaya,2022,4,district,south west garo hills,10062
meghalaya,2022,4,district,east garo hills,9846
meghalaya,2022,4,district,south garo hills,8553
meghalaya,2022,4,district,west khasi hills,7705
meghalaya,2022,4,pincode,793001,29682
meghalaya,2022,4,pincode,793002,17452
meghalaya,2022,4,pincode,794001,14596
meghalaya,2022,4,pincode,794104,14408
meghalaya,2022,4,pincode,794105,14338
meghalaya,2022,4,pincode,793011,13052
meghalaya,2022,4,pincode,793101,12917
meghalaya,2022,4,pincode,794101,11082
meghalaya,2022,4,pincode,793210,11069
meghalaya,2022,4,pincode,793150,9332
meghalaya,2024,1,district,east khasi hills,145281
meghalaya,2024,1,district,west garo hills,79443
meghalaya,2024,1,district,ribhoi,36099
meghalaya,2024,1,district,east jaintia hills,26338
meghalaya,2024,1,district,west jaintia hills,17113
meghalaya,2024,1,district,south west garo hills,12769
meghalaya,2024,1,district,north garo hills,12685
meghalaya,2024,1,district,east garo hills,12249
meghalaya,2024,1,district,south garo hills,10792
meghalaya,2024,1,district,west khasi hills,9685
meghalaya,2024,1,pincode,793001,35904
meghalaya,2024,1,pincode,793002,21141
meghalaya,2024,1,pincode,794104,18348
meghalaya,2024,1,pincode,794105,18068
meghalaya,2024,1,pincode,794001,17631
meghalaya,2024,1,pincode,793101,15911
meghalaya,2024,1,pincode,793011,15879
meghalaya,2024,1,pincode,793210,13709
meghalaya,2024,1,pincode,794101,13540
meghalaya,2024,1,pincode,793150,11650
meghalaya,2024,2,district,east khasi hills,150809
meghalaya,2024,2,district,west garo hills,82499
meghalaya,2024,2,district,ribhoi,37444
meghalaya,2024,2,district,east jaintia hills,27419
meghalaya,2024,2,district,west jaintia hills,17766
meghalaya,2024,2,district,south west garo hills,13255
meghalaya,2024,2,district,north garo hills,13156
meghalaya,2024,2,district,east garo hills,12734
meghalaya,2024,2,district,south garo hills,11161
meghalaya,2024,2,district,west khasi hills,10013
meghalaya,2024,2,pincode,793001,37289
meghalaya,2024,2,pincode,793002,22002
meghalaya,2024,2,pincode,794104,19087
meghalaya,2024,2,pincode,794105,18759
meghalaya,2024,2,pincode,794001,18301
meghalaya,2024,2,pincode,793101,16537
meghalaya,2024,2,pincode,793011,16476
meghalaya,2024,2,pincode,793210,14282
meghalaya,2024,2,pincode,794101,14086
meghalaya,2024,2,pincode,793150,12087
meghalaya,2024,3,district,east khasi hills,177957
meghalaya,2024,3,district,west garo hills,129037
meghalaya,2024,3,district,ri bhoi,62726
meghalaya,2024,3,district,east jaintia hills,41061
meghalaya,2024,3,district,south west garo hills,27906
meghalaya,2024,3,district,north garo hills,25555
meghalaya,2024,3,district,east garo hills,23080
meghalaya,2024,3,district,west jaintia hills,22926
meghalaya,2024,3,district,south garo hills,18167
meghalaya,2024,3,district,west khasi hills,9967
meghalaya,2024,3,pincode,793001,45078
meghalaya,2024,3,pincode,794104,44487
meghalaya,2024,3,pincode,793101,29610
meghalaya,2024,3,pincode,794001,24730
meghalaya,2024,3,pincode,793210,21171
meghalaya,2024,3,pincode,794105,20284
meghalaya,2024,3,pincode,793006,18036
meghalaya,2024,3,pincode,794101,17433
meghalaya,2024,3,pincode,793102,16859
meghalaya,2024,3,pincode,794111,15162
meghalaya,2024,4,district,east khasi hills,184163
meghalaya,2024,4,district,west garo hills,134833
meghalaya,2024,4,district,ri bhoi,65395
meghalaya,2024,4,district,east jaintia hills,42383
meghalaya,2024,4,district,south west garo hills,29222
meghalaya,2024,4,district,north garo hills,26823
meghalaya,2024,4,district,east garo hills,24279
meghalaya,2024,4,district,west jaintia hills,23920
meghalaya,2024,4,district,south garo hills,19117
meghalaya,2024,4,district,west khasi hills,10476
meghalaya,2024,4,pincode,793001,46559
meghalaya,2024,4,pincode,794104,46391
meghalaya,2024,4,pincode,793101,30862
meghalaya,2024,4,pincode,794001,25693
meghalaya,2024,4,pincode,793210,21684
meghalaya,2024,4,pincode,794105,21231
meghalaya,2024,4,pincode,793006,18666
meghalaya,2024,4,pincode,794101,18089
meghalaya,2024,4,pincode,793102,17618
meghalaya,2024,4,pincode,794111,15939
meghalaya,2023,1,district,east khasi hills,124181
meghalaya,2023,1,district,west garo hills,66808
meghalaya,2023,1,district,ribhoi,30369
meghalaya,2023,1,district,east jaintia hills,22122
meghalaya,2023,1,district,west jaintia hills,14218
meghalaya,2023,1,district,north garo hills,10580
meghalaya,2023,1,district,south west garo hills,10504
meghalaya,2023,1,district,east garo hills,10235
meghalaya,2023,1,district,south garo hills,8897
meghalaya,2023,1,district,west khasi hills,7981
meghalaya,2023,1,pincode,793001,30984
meghalaya,2023,1,pincode,793002,18216
meghalaya,2023,1,pincode,794001,15236
meghalaya,2023,1,pincode,794104,15143
meghalaya,2023,1,pincode,794105,15093
meghalaya,2023,1,pincode,793011,13649
meghalaya,2023,1,pincode,793101,13552
meghalaya,2023,1,pincode,793210,11590
meghalaya,2023,1,pincode,794101,11553
meghalaya,2023,1,pincode,793150,9742
meghalaya,2023,2,district,east khasi hills,129260
meghalaya,2023,2,district,west garo hills,69925
meghalaya,2023,2,district,ribhoi,31744
meghalaya,2023,2,district,east jaintia hills,23231
meghalaya,2023,2,district,west jaintia hills,14912
meghalaya,2023,2,district,north garo hills,11135
meghalaya,2023,2,district,south west garo hills,11073
meghalaya,2023,2,district,east garo hills,10727
meghalaya,2023,2,district,south garo hills,9386
meghalaya,2023,2,district,west khasi hills,8423
meghalaya,2023,2,pincode,793001,32160
meghalaya,2023,2,pincode,793002,18905
meghalaya,2023,2,pincode,794104,15992
meghalaya,2023,2,pincode,794105,15823
meghalaya,2023,2,pincode,794001,15770
meghalaya,2023,2,pincode,793011,14174
meghalaya,2023,2,pincode,793101,14113
meghalaya,2023,2,pincode,793210,12143
meghalaya,2023,2,pincode,794101,12034
meghalaya,2023,2,pincode,793150,10217
meghalaya,2023,3,district,east khasi hills,134378
meghalaya,2023,3,district,west garo hills,73025
meghalaya,2023,3,district,ribhoi,33175
meghalaya,2023,3,district,east jaintia hills,24260
meghalaya,2023,3,district,west jaintia hills,15633
meghalaya,2023,3,district,south west garo hills,11626
meghalaya,2023,3,district,north garo hills,11624
meghalaya,2023,3,district,east garo hills,11212
meghalaya,2023,3,district,south garo hills,9809
meghalaya,2023,3,district,west khasi hills,8831
meghalaya,2023,3,pincode,793001,33371
meghalaya,2023,3,pincode,793002,19635
meghalaya,2023,3,pincode,794104,16744
meghalaya,2023,3,pincode,794105,16563
meghalaya,2023,3,pincode,794001,16399
meghalaya,2023,3,pincode,793011,14728
meghalaya,2023,3,pincode,793101,14692
meghalaya,2023,3,pincode,793210,12660
meghalaya,2023,3,pincode,794101,12534
meghalaya,2023,3,pincode,793150,10672
meghalaya,2023,4,district,east khasi hills,139387
meghalaya,2023,4,district,west garo hills,75911
meghalaya,2023,4,district,ribhoi,34488
meghalaya,2023,4,district,east jaintia hills,25185
meghalaya,2023,4,district,west jaintia hills,16280
meghalaya,2023,4,district,south west garo hills,12113
meghalaya,2023,4,district,north garo hills,12086
meghalaya,2023,4,district,east garo hills,11648
meghalaya,2023,4,district,south garo hills,10230
meghalaya,2023,4,district,west khasi hills,9182
meghalaya,2023,4,pincode,793001,34548
meghalaya,2023,4,pincode,793002,20370
meghalaya,2023,4,pincode,794104,17453
meghalaya,2023,4,pincode,794105,17260
meghalaya,2023,4,pincode,794001,16969
meghalaya,2023,4,pincode,793011,15264
meghalaya,2023,4,pincode,793101,15249
meghalaya,2023,4,pincode,793210,13126
meghalaya,2023,4,pincode,794101,12989
meghalaya,2023,4,pincode,793150,11117
meghalaya,2019,1,district,east khasi hills,27937
meghalaya,2019,1,district,west garo hills,12932
meghalaya,2019,1,district,ribhoi,6543
meghalaya,2019,1,district,east jaintia hills,4643
meghalaya,2019,1,district,west jaintia hills,2276
meghalaya,2019,1,district,north garo hills,1482
meghalaya,2019,1,district,south west garo hills,1434
meghalaya,2019,1,district,east garo hills,1424
meghalaya,2019,1,district,south garo hills,1296
meghalaya,2019,1,district,west khasi hills,1191
meghalaya,2019,1,pincode,793001,7108
meghalaya,2019,1,pincode,793002,4005
meghalaya,2019,1,pincode,794001,3368
meghalaya,2019,1,pincode,793101,3084
meghalaya,2019,1,pincode,793210,2994
meghalaya,2019,1,pincode,793011,2947
meghalaya,2019,1,pincode,794105,2884
meghalaya,2019,1,pincode,794101,2675
meghalaya,2019,1,pincode,794104,2322
meghalaya,2019,1,pincode,793007,1970
meghalaya,2019,2,district,east khasi hills,33377
meghalaya,2019,2,district,west garo hills,15673
meghalaya,2019,2,district,ribhoi,7894
meghalaya,2019,2,district,east jaintia hills,5580
meghalaya,2019,2,district,west jaintia hills,2846
meghalaya,2019,2,district,north garo hills,1965
meghalaya,2019,2,district,south west garo hills,1902
meghalaya,2019,2,district,east garo hills,1855
meghalaya,2019,2,district,south garo hills,1640
meghalaya,2019,2,district,west khasi hills,1566
meghalaya,2019,2,pincode,793001,8597
meghalaya,2019,2,pincode,793002,4984
meghalaya,2019,2,pincode,794001,4119
meghalaya,2019,2,pincode,793101,3703
meghalaya,2019,2,pincode,793210,3445
meghalaya,2019,2,pincode,794105,3435
meghalaya,2019,2,pincode,793011,3426
meghalaya,2019,2,pincode,794101,3166
meghalaya,2019,2,pincode,794104,2826
meghalaya,2019,2,pincode,793007,2315
meghalaya,2019,3,district,east khasi hills,38761
meghalaya,2019,3,district,west garo hills,18509
meghalaya,2019,3,district,ribhoi,9007
meghalaya,2019,3,district,east jaintia hills,6371
meghalaya,2019,3,district,west jaintia hills,3346
meghalaya,2019,3,district,north garo hills,2403
meghalaya,2019,3,district,east garo hills,2313
meghalaya,2019,3,district,south west garo hills,2306
meghalaya,2019,3,district,south garo hills,2020
meghalaya,2019,3,district,west khasi hills,1838
meghalaya,2019,3,pincode,793001,10069
meghalaya,2019,3,pincode,793002,5866
meghalaya,2019,3,pincode,794001,4860
meghalaya,2019,3,pincode,793101,4254
meghalaya,2019,3,pincode,793011,4074
meghalaya,2019,3,pincode,794105,4031
meghalaya,2019,3,pincode,793210,3890
meghalaya,2019,3,pincode,794101,3736
meghalaya,2019,3,pincode,794104,3358
meghalaya,2019,3,pincode,793007,2747
meghalaya,2019,4,district,east khasi hills,43484
meghalaya,2019,4,district,west garo hills,21300
meghalaya,2019,4,district,ribhoi,10308
meghalaya,2019,4,district,east jaintia hills,7343
meghalaya,2019,4,district,west jaintia hills,3946
meghalaya,2019,4,district,north garo hills,2871
meghalaya,2019,4,district,east garo hills,2788
meghalaya,2019,4,district,south west garo hills,2757
meghalaya,2019,4,district,south garo hills,2434
meghalaya,2019,4,district,west khasi hills,2180
meghalaya,2019,4,pincode,793001,11243
meghalaya,2019,4,pincode,793002,6629
meghalaya,2019,4,pincode,794001,5473
meghalaya,2019,4,pincode,793101,4803
meghalaya,2019,4,pincode,794105,4678
meghalaya,2019,4,pincode,793011,4575
meghalaya,2019,4,pincode,793210,4376
meghalaya,2019,4,pincode,794101,4209
meghalaya,2019,4,pincode,794104,3989
meghalaya,2019,4,pincode,793007,3067
meghalaya,2021,1,district,east khasi hills,78429
meghalaya,2021,1,district,west garo hills,40993
meghalaya,2021,1,district,ribhoi,18641
meghalaya,2021,1,district,east jaintia hills,13460
meghalaya,2021,1,district,west jaintia hills,8665
meghalaya,2021,1,district,north garo hills,6392
meghalaya,2021,1,district,south west garo hills,6276
meghalaya,2021,1,district,east garo hills,6237
meghalaya,2021,1,district,south garo hills,5439
meghalaya,2021,1,district,west khasi hills,4858
meghalaya,2021,1,pincode,793001,19753
meghalaya,2021,1,pincode,793002,11566
meghalaya,2021,1,pincode,794001,9727
meghalaya,2021,1,pincode,794105,9011
meghalaya,2021,1,pincode,794104,8869
meghalaya,2021,1,pincode,793011,8646
meghalaya,2021,1,pincode,793101,8317
meghalaya,2021,1,pincode,794101,7337
meghalaya,2021,1,pincode,793210,7113
meghalaya,2021,1,pincode,793150,5969
meghalaya,2021,2,district,east khasi hills,84124
meghalaya,2021,2,district,west garo hills,44151
meghalaya,2021,2,district,ribhoi,20098
meghalaya,2021,2,district,east jaintia hills,14530
meghalaya,2021,2,district,west jaintia hills,9409
meghalaya,2021,2,district,north garo hills,6951
meghalaya,2021,2,district,south west garo hills,6835
meghalaya,2021,2,district,east garo hills,6754
meghalaya,2021,2,district,south garo hills,5922
meghalaya,2021,2,district,west khasi hills,5296
meghalaya,2021,2,pincode,793001,21124
meghalaya,2021,2,pincode,793002,12348
meghalaya,2021,2,pincode,794001,10389
meghalaya,2021,2,pincode,794105,9742
meghalaya,2021,2,pincode,794104,9602
meghalaya,2021,2,pincode,793011,9244
meghalaya,2021,2,pincode,793101,8921
meghalaya,2021,2,pincode,794101,7866
meghalaya,2021,2,pincode,793210,7644
meghalaya,2021,2,pincode,793150,6477
meghalaya,2021,3,district,east khasi hills,90505
meghalaya,2021,3,district,west garo hills,47869
meghalaya,2021,3,district,ribhoi,21875
meghalaya,2021,3,district,east jaintia hills,15847
meghalaya,2021,3,district,west jaintia hills,10337
meghalaya,2021,3,district,north garo hills,7584
meghalaya,2021,3,district,south west garo hills,7531
meghalaya,2021,3,district,east garo hills,7389
meghalaya,2021,3,district,south garo hills,6442
meghalaya,2021,3,district,west khasi hills,5884
meghalaya,2021,3,pincode,793001,22612
meghalaya,2021,3,pincode,793002,13223
meghalaya,2021,3,pincode,794001,11130
meghalaya,2021,3,pincode,794105,10597
meghalaya,2021,3,pincode,794104,10547
meghalaya,2021,3,pincode,793011,9914
meghalaya,2021,3,pincode,793101,9665
meghalaya,2021,3,pincode,794101,8448
meghalaya,2021,3,pincode,793210,8257
meghalaya,2021,3,pincode,793150,7068
meghalaya,2021,4,district,east khasi hills,96942
meghalaya,2021,4,district,west garo hills,51617
meghalaya,2021,4,district,ribhoi,23562
meghalaya,2021,4,district,east jaintia hills,17115
meghalaya,2021,4,district,west jaintia hills,11189
meghalaya,2021,4,district,north garo hills,8212
meghalaya,2021,4,district,south west garo hills,8197
meghalaya,2021,4,district,east garo hills,8015
meghalaya,2021,4,district,south garo hills,7005
meghalaya,2021,4,district,west khasi hills,6428
meghalaya,2021,4,pincode,793001,24127
meghalaya,2021,4,pincode,793002,14142
meghalaya,2021,4,pincode,794001,11874
meghalaya,2021,4,pincode,794105,11487
meghalaya,2021,4,pincode,794104,11446
meghalaya,2021,4,pincode,793011,10570
meghalaya,2021,4,pincode,793101,10353
meghalaya,2021,4,pincode,794101,9032
meghalaya,2021,4,pincode,793210,8857
meghalaya,2021,4,pincode,793150,7635
meghalaya,2020,1,district,east khasi hills,49251
meghalaya,2020,1,district,west garo hills,24124
meghalaya,2020,1,district,ribhoi,11689
meghalaya,2020,1,district,east jaintia hills,8368
meghalaya,2020,1,district,west jaintia hills,4530
meghalaya,2020,1,district,north garo hills,3311
meghalaya,2020,1,district,east garo hills,3251
meghalaya,2020,1,district,south west garo hills,3234
meghalaya,2020,1,district,south garo hills,2810
meghalaya,2020,1,district,west khasi hills,2522
meghalaya,2020,1,pincode,793001,12683
meghalaya,2020,1,pincode,793002,7456
meghalaya,2020,1,pincode,794001,6105
meghalaya,2020,1,pincode,793101,5466
meghalaya,2020,1,pincode,794105,5314
meghalaya,2020,1,pincode,793011,5248
meghalaya,2020,1,pincode,793210,4873
meghalaya,2020,1,pincode,794101,4682
meghalaya,2020,1,pincode,794104,4673
meghalaya,2020,1,pincode,793007,3524
meghalaya,2020,2,district,east khasi hills,57322
meghalaya,2020,2,district,west garo hills,29492
meghalaya,2020,2,district,ribhoi,13550
meghalaya,2020,2,district,east jaintia hills,9695
meghalaya,2020,2,district,west jaintia hills,5717
meghalaya,2020,2,district,north garo hills,4318
meghalaya,2020,2,district,south west garo hills,4266
meghalaya,2020,2,district,east garo hills,4132
meghalaya,2020,2,district,south garo hills,3590
meghalaya,2020,2,district,west khasi hills,3195
meghalaya,2020,2,pincode,793001,14552
meghalaya,2020,2,pincode,793002,8623
meghalaya,2020,2,pincode,794001,7198
meghalaya,2020,2,pincode,794105,6521
meghalaya,2020,2,pincode,793011,6232
meghalaya,2020,2,pincode,793101,6219
meghalaya,2020,2,pincode,794104,6083
meghalaya,2020,2,pincode,794101,5464
meghalaya,2020,2,pincode,793210,5434
meghalaya,2020,2,pincode,793007,4166
meghalaya,2020,3,district,east khasi hills,65268
meghalaya,2020,3,district,west garo hills,34201
meghalaya,2020,3,district,ribhoi,15427
meghalaya,2020,3,district,east jaintia hills,11084
meghalaya,2020,3,district,west jaintia hills,6997
meghalaya,2020,3,district,north garo hills,5242
meghalaya,2020,3,district,south west garo hills,5082
meghalaya,2020,3,district,east garo hills,5002
meghalaya,2020,3,district,south garo hills,4370
meghalaya,2020,3,district,west khasi hills,3899
meghalaya,2020,3,pincode,793001,16464
meghalaya,2020,3,pincode,793002,9658
meghalaya,2020,3,pincode,794001,8252
meghalaya,2020,3,pincode,794105,7516
meghalaya,2020,3,pincode,793011,7165
meghalaya,2020,3,pincode,794104,7151
meghalaya,2020,3,pincode,793101,6925
meghalaya,2020,3,pincode,794101,6212
meghalaya,2020,3,pincode,793210,6014
meghalaya,2020,3,pincode,793150,4865
meghalaya,2020,4,district,east khasi hills,72639
meghalaya,2020,4,district,west garo hills,37988
meghalaya,2020,4,district,ribhoi,17198
meghalaya,2020,4,district,east jaintia hills,12337
meghalaya,2020,4,district,west jaintia hills,7968
meghalaya,2020,4,district,north garo hills,5914
meghalaya,2020,4,district,east garo hills,5777
meghalaya,2020,4,district,south west garo hills,5772
meghalaya,2020,4,district,south garo hills,5006
meghalaya,2020,4,district,west khasi hills,4484
meghalaya,2020,4,pincode,793001,18247
meghalaya,2020,4,pincode,793002,10753
meghalaya,2020,4,pincode,794001,9064
meghalaya,2020,4,pincode,794105,8293
meghalaya,2020,4,pincode,794104,8140
meghalaya,2020,4,pincode,793011,8005
meghalaya,2020,4,pincode,793101,7641
meghalaya,2020,4,pincode,794101,6857
meghalaya,2020,4,pincode,793210,6558
meghalaya,2020,4,pincode,793150,5486
meghalaya,2018,1,district,east khasi hills,9310
meghalaya,2018,1,district,west garo hills,3671
meghalaya,2018,1,district,ribhoi,1891
meghalaya,2018,1,district,east jaintia hills,1419
meghalaya,2018,1,district,west jaintia hills,736
meghalaya,2018,1,district,south garo hills,343
meghalaya,2018,1,district,south west garo hills,299
meghalaya,2018,1,district,west khasi hills,299
meghalaya,2018,1,district,north garo hills,254
meghalaya,2018,1,district,east garo hills,236
meghalaya,2018,1,pincode,793001,2493
meghalaya,2018,1,pincode,793002,1386
meghalaya,2018,1,pincode,794001,1033
meghalaya,2018,1,pincode,793210,999
meghalaya,2018,1,pincode,793011,943
meghalaya,2018,1,pincode,793101,908
meghalaya,2018,1,pincode,794105,855
meghalaya,2018,1,pincode,794101,752
meghalaya,2018,1,pincode,793007,646
meghalaya,2018,1,pincode,793004,613
meghalaya,2018,2,district,east khasi hills,12907
meghalaya,2018,2,district,west garo hills,5289
meghalaya,2018,2,district,ribhoi,2869
meghalaya,2018,2,district,east jaintia hills,2051
meghalaya,2018,2,district,west jaintia hills,1023
meghalaya,2018,2,district,south garo hills,530
meghalaya,2018,2,district,south west garo hills,485
meghalaya,2018,2,district,west khasi hills,472
meghalaya,2018,2,district,north garo hills,445
meghalaya,2018,2,district,east garo hills,437
meghalaya,2018,2,pincode,793001,3410
meghalaya,2018,2,pincode,793002,1857
meghalaya,2018,2,pincode,793210,1430
meghalaya,2018,2,pincode,794001,1415
meghalaya,2018,2,pincode,793101,1379
meghalaya,2018,2,pincode,793011,1320
meghalaya,2018,2,pincode,794105,1233
meghalaya,2018,2,pincode,794101,1144
meghalaya,2018,2,pincode,793007,895
meghalaya,2018,2,pincode,793004,878
meghalaya,2018,3,district,east khasi hills,17543
meghalaya,2018,3,district,west garo hills,7529
meghalaya,2018,3,district,ribhoi,3889
meghalaya,2018,3,district,east jaintia hills,2886
meghalaya,2018,3,district,west jaintia hills,1465
meghalaya,2018,3,district,south garo hills,821
meghalaya,2018,3,district,south west garo hills,810
meghalaya,2018,3,district,north garo hills,737
meghalaya,2018,3,district,west khasi hills,730
meghalaya,2018,3,district,east garo hills,694
meghalaya,2018,3,pincode,793001,4591
meghalaya,2018,3,pincode,793002,2453
meghalaya,2018,3,pincode,794001,2006
meghalaya,2018,3,pincode,793210,1964
meghalaya,2018,3,pincode,793101,1851
meghalaya,2018,3,pincode,793011,1798
meghalaya,2018,3,pincode,794105,1690
meghalaya,2018,3,pincode,794101,1597
meghalaya,2018,3,pincode,794104,1242
meghalaya,2018,3,pincode,793007,1209
meghalaya,2018,4,district,east khasi hills,22845
meghalaya,2018,4,district,west garo hills,10445
meghalaya,2018,4,district,ribhoi,5207
meghalaya,2018,4,district,east jaintia hills,3735
meghalaya,2018,4,district,west jaintia hills,1861
meghalaya,2018,4,district,south west garo hills,1115
meghalaya,2018,4,district,north garo hills,1092
meghalaya,2018,4,district,east garo hills,1067
meghalaya,2018,4,district,south garo hills,1057
meghalaya,2018,4,district,west khasi hills,957
meghalaya,2018,4,pincode,793001,5880
meghalaya,2018,4,pincode,793002,3195
meghalaya,2018,4,pincode,794001,2785
meghalaya,2018,4,pincode,793101,2480
meghalaya,2018,4,pincode,793210,2438
meghalaya,2018,4,pincode,793011,2340
meghalaya,2018,4,pincode,794105,2307
meghalaya,2018,4,pincode,794101,2184
meghalaya,2018,4,pincode,794104,1774
meghalaya,2018,4,pincode,793004,1600
uttarakhand,2022,1,district,dehradun,1088710
uttarakhand,2022,1,district,haridwar,760173
uttarakhand,2022,1,district,udham singh nagar,647495
uttarakhand,2022,1,district,nainital,351226
uttarakhand,2022,1,district,pauri garhwal,177248
uttarakhand,2022,1,district,tehri garhwal,136364
uttarakhand,2022,1,district,almora,117262
uttarakhand,2022,1,district,pithoragarh,96837
uttarakhand,2022,1,district,chamoli,84165
uttarakhand,2022,1,district,uttarkashi,67713
uttarakhand,2022,1,pincode,248001,295984
uttarakhand,2022,1,pincode,263139,182129
uttarakhand,2022,1,pincode,263153,180198
uttarakhand,2022,1,pincode,247667,134342
uttarakhand,2022,1,pincode,249403,131244
uttarakhand,2022,1,pincode,244713,115663
uttarakhand,2022,1,pincode,248007,95374
uttarakhand,2022,1,pincode,248008,69484
uttarakhand,2022,1,pincode,263148,67108
uttarakhand,2022,1,pincode,249404,63631
uttarakhand,2022,2,district,dehradun,1146386
uttarakhand,2022,2,district,haridwar,802321
uttarakhand,2022,2,district,udham singh nagar,683908
uttarakhand,2022,2,district,nainital,370360
uttarakhand,2022,2,district,pauri garhwal,187078
uttarakhand,2022,2,district,tehri garhwal,144049
uttarakhand,2022,2,district,almora,123856
uttarakhand,2022,2,district,pithoragarh,102347
uttarakhand,2022,2,district,chamoli,88939
uttarakhand,2022,2,district,uttarkashi,71641
uttarakhand,2022,2,pincode,248001,311271
uttarakhand,2022,2,pincode,263139,191979
uttarakhand,2022,2,pincode,263153,190185
uttarakhand,2022,2,pincode,247667,141465
uttarakhand,2022,2,pincode,249403,138582
uttarakhand,2022,2,pincode,244713,122158
uttarakhand,2022,2,pincode,248007,100406
uttarakhand,2022,2,pincode,248008,73141
uttarakhand,2022,2,pincode,263148,70945
uttarakhand,2022,2,pincode,249404,67040
uttarakhand,2022,3,district,dehradun,1205785
uttarakhand,2022,3,district,haridwar,846066
uttarakhand,2022,3,district,udham singh nagar,722008
uttarakhand,2022,3,district,nainital,389791
uttarakhand,2022,3,district,pauri garhwal,196481
uttarakhand,2022,3,district,tehri garhwal,151445
uttarakhand,2022,3,district,almora,129898
uttarakhand,2022,3,district,pithoragarh,107498
uttarakhand,2022,3,district,chamoli,93488
uttarakhand,2022,3,district,uttarkashi,75369
uttarakhand,2022,3,pincode,248001,326983
uttarakhand,2022,3,pincode,263139,202029
uttarakhand,2022,3,pincode,263153,200811
uttarakhand,2022,3,pincode,247667,148897
uttarakhand,2022,3,pincode,249403,146342
uttarakhand,2022,3,pincode,244713,128905
uttarakhand,2022,3,pincode,248007,105620
uttarakhand,2022,3,pincode,248008,76924
uttarakhand,2022,3,pincode,263148,74888
uttarakhand,2022,3,pincode,249404,70628
uttarakhand,2022,4,district,dehradun,1262999
uttarakhand,2022,4,district,haridwar,887967
uttarakhand,2022,4,district,udham singh nagar,757652
uttarakhand,2022,4,district,nainital,407806
uttarakhand,2022,4,district,pauri garhwal,204585
uttarakhand,2022,4,district,tehri garhwal,157634
uttarakhand,2022,4,district,almora,134730
uttarakhand,2022,4,district,pithoragarh,111983
uttarakhand,2022,4,district,chamoli,97308
uttarakhand,2022,4,district,uttarkashi,78484
uttarakhand,2022,4,pincode,248001,342610
uttarakhand,2022,4,pincode,263139,211843
uttarakhand,2022,4,pincode,263153,211157
uttarakhand,2022,4,pincode,247667,156058
uttarakhand,2022,4,pincode,249403,154116
uttarakhand,2022,4,pincode,244713,135226
uttarakhand,2022,4,pincode,248007,110486
uttarakhand,2022,4,pincode,248008,80606
uttarakhand,2022,4,pincode,263148,78674
uttarakhand,2022,4,pincode,249404,74067
uttarakhand,2024,1,district,dehradun,1521402
uttarakhand,2024,1,district,haridwar,1079967
uttarakhand,2024,1,district,udham singh nagar,926596
uttarakhand,2024,1,district,nainital,495055
uttarakhand,2024,1,district,pauri garhwal,251419
uttarakhand,2024,1,district,tehri garhwal,194028
uttarakhand,2024,1,district,almora,166660
uttarakhand,2024,1,district,pithoragarh,138218
uttarakhand,2024,1,district,chamoli,120266
uttarakhand,2024,1,district,uttarkashi,97077
uttarakhand,2024,1,pincode,248001,409859
uttarakhand,2024,1,pincode,263153,257362
uttarakhand,2024,1,pincode,263139,256097
uttarakhand,2024,1,pincode,249403,188419
uttarakhand,2024,1,pincode,247667,187762
uttarakhand,2024,1,pincode,244713,164733
uttarakhand,2024,1,pincode,248007,133055
uttarakhand,2024,1,pincode,248008,97108
uttarakhand,2024,1,pincode,263148,96384
uttarakhand,2024,1,pincode,247661,89641
uttarakhand,2024,2,district,dehradun,1575668
uttarakhand,2024,2,district,haridwar,1120174
uttarakhand,2024,2,district,udham singh nagar,961363
uttarakhand,2024,2,district,nainital,513541
uttarakhand,2024,2,district,pauri garhwal,260947
uttarakhand,2024,2,district,tehri garhwal,201389
uttarakhand,2024,2,district,almora,173316
uttarakhand,2024,2,district,pithoragarh,143506
uttarakhand,2024,2,district,chamoli,124901
uttarakhand,2024,2,district,uttarkashi,100761
uttarakhand,2024,2,pincode,248001,424282
uttarakhand,2024,2,pincode,263153,267136
uttarakhand,2024,2,pincode,263139,265522
uttarakhand,2024,2,pincode,249403,195716
uttarakhand,2024,2,pincode,247667,194361
uttarakhand,2024,2,pincode,244713,170929
uttarakhand,2024,2,pincode,248007,137853
uttarakhand,2024,2,pincode,248008,100552
uttarakhand,2024,2,pincode,263148,99933
uttarakhand,2024,2,pincode,247661,93011
uttarakhand,2024,3,district,dehradun,1587955
uttarakhand,2024,3,district,haridwar,1214585
uttarakhand,2024,3,district,udham singh nagar,992828
uttarakhand,2024,3,district,nainital,517594
uttarakhand,2024,3,district,pauri garhwal,216628
uttarakhand,2024,3,district,tehri garhwal,189713
uttarakhand,2024,3,district,almora,143267
uttarakhand,2024,3,district,pithoragarh,134196
uttarakhand,2024,3,district,chamoli,116505
uttarakhand,2024,3,district,uttarkashi,94223
uttarakhand,2024,3,pincode,248001,393181
uttarakhand,2024,3,pincode,263139,270006
uttarakhand,2024,3,pincode,263153,255142
uttarakhand,2024,3,pincode,247667,233764
uttarakhand,2024,3,pincode,244713,192465
uttarakhand,2024,3,pincode,249403,166835
uttarakhand,2024,3,pincode,249402,159100
uttarakhand,2024,3,pincode,248007,144857
uttarakhand,2024,3,pincode,263148,138541
uttarakhand,2024,3,pincode,247661,114334
uttarakhand,2024,4,district,dehradun,1632341
uttarakhand,2024,4,district,haridwar,1248271
uttarakhand,2024,4,district,udham singh nagar,1023155
uttarakhand,2024,4,district,nainital,532824
uttarakhand,2024,4,district,pauri garhwal,222404
uttarakhand,2024,4,district,tehri garhwal,194882
uttarakhand,2024,4,district,almora,147939
uttarakhand,2024,4,district,pithoragarh,138569
uttarakhand,2024,4,district,chamoli,118782
uttarakhand,2024,4,district,uttarkashi,96095
uttarakhand,2024,4,pincode,248001,404626
uttarakhand,2024,4,pincode,263139,278153
uttarakhand,2024,4,pincode,263153,262637
uttarakhand,2024,4,pincode,247667,239868
uttarakhand,2024,4,pincode,244713,197981
uttarakhand,2024,4,pincode,249403,171418
uttarakhand,2024,4,pincode,249402,163937
uttarakhand,2024,4,pincode,248007,148729
uttarakhand,2024,4,pincode,263148,142627
uttarakhand,2024,4,pincode,247661,117560
uttarakhand,2023,1,district,dehradun,1318049
uttarakhand,2023,1,district,haridwar,928785
uttarakhand,2023,1,district,udham singh nagar,792853
uttarakhand,2023,1,district,nainital,425816
uttarakhand,2023,1,district,pauri garhwal,213655
uttarakhand,2023,1,district,tehri garhwal,164792
uttarakhand,2023,1,district,almora,140885
uttarakhand,2023,1,district,pithoragarh,117070
uttarakhand,2023,1,district,chamoli,101718
uttarakhand,2023,1,district,uttarkashi,82107
uttarakhand,2023,1,pincode,248001,357372
uttarakhand,2023,1,pincode,263139,221113
uttarakhand,2023,1,pincode,263153,221090
uttarakhand,2023,1,pincode,247667,162931
uttarakhand,2023,1,pincode,249403,161570
uttarakhand,2023,1,pincode,244713,141433
uttarakhand,2023,1,pincode,248007,115242
uttarakhand,2023,1,pincode,248008,84131
uttarakhand,2023,1,pincode,263148,82295
uttarakhand,2023,1,pincode,249404,77375
uttarakhand,2023,2,district,dehradun,1367275
uttarakhand,2023,2,district,haridwar,965635
uttarakhand,2023,2,district,udham singh nagar,825744
uttarakhand,2023,2,district,nainital,442626
uttarakhand,2023,2,district,pauri garhwal,222967
uttarakhand,2023,2,district,tehri garhwal,172215
uttarakhand,2023,2,district,almora,147376
uttarakhand,2023,2,district,pithoragarh,122297
uttarakhand,2023,2,district,chamoli,106415
uttarakhand,2023,2,district,uttarkashi,85915
uttarakhand,2023,2,pincode,248001,370003
uttarakhand,2023,2,pincode,263153,229961
uttarakhand,2023,2,pincode,263139,229504
uttarakhand,2023,2,pincode,247667,168884
uttarakhand,2023,2,pincode,249403,168035
uttarakhand,2023,2,pincode,244713,147122
uttarakhand,2023,2,pincode,248007,119534
uttarakhand,2023,2,pincode,248008,87242
uttarakhand,2023,2,pincode,263148,85744
uttarakhand,2023,2,pincode,249404,80316
uttarakhand,2023,3,district,dehradun,1419173
uttarakhand,2023,3,district,haridwar,1003648
uttarakhand,2023,3,district,udham singh nagar,858970
uttarakhand,2023,3,district,nainital,460046
uttarakhand,2023,3,district,pauri garhwal,232186
uttarakhand,2023,3,district,tehri garhwal,179437
uttarakhand,2023,3,district,almora,153779
uttarakhand,2023,3,district,pithoragarh,127530
uttarakhand,2023,3,district,chamoli,110883
uttarakhand,2023,3,district,uttarkashi,89519
uttarakhand,2023,3,pincode,248001,383460
uttarakhand,2023,3,pincode,263153,239018
uttarakhand,2023,3,pincode,263139,238409
uttarakhand,2023,3,pincode,247667,175317
uttarakhand,2023,3,pincode,249403,174571
uttarakhand,2023,3,pincode,244713,152927
uttarakhand,2023,3,pincode,248007,124120
uttarakhand,2023,3,pincode,248008,90571
uttarakhand,2023,3,pincode,263148,89331
uttarakhand,2023,3,pincode,249404,83422
uttarakhand,2023,4,district,dehradun,1466612
uttarakhand,2023,4,district,haridwar,1039146
uttarakhand,2023,4,district,udham singh nagar,890334
uttarakhand,2023,4,district,nainital,476343
uttarakhand,2023,4,district,pauri garhwal,240922
uttarakhand,2023,4,district,tehri garhwal,186005
uttarakhand,2023,4,district,almora,159623
uttarakhand,2023,4,district,pithoragarh,132323
uttarakhand,2023,4,district,chamoli,115112
uttarakhand,2023,4,district,uttarkashi,92982
uttarakhand,2023,4,pincode,248001,395756
uttarakhand,2023,4,pincode,263153,247537
uttarakhand,2023,4,pincode,263139,246707
uttarakhand,2023,4,pincode,247667,181093
uttarakhand,2023,4,pincode,249403,181063
uttarakhand,2023,4,pincode,244713,158457
uttarakhand,2023,4,pincode,248007,128269
uttarakhand,2023,4,pincode,248008,93668
uttarakhand,2023,4,pincode,263148,92543
uttarakhand,2023,4,pincode,249404,86238
uttarakhand,2019,1,district,dehradun,369578
uttarakhand,2019,1,district,haridwar,262411
uttarakhand,2019,1,district,udham singh nagar,238514
uttarakhand,2019,1,district,nainital,118824
uttarakhand,2019,1,district,pauri garhwal,56173
uttarakhand,2019,1,district,tehri garhwal,37689
uttarakhand,2019,1,district,almora,33092
uttarakhand,2019,1,district,pithoragarh,26621
uttarakhand,2019,1,district,chamoli,23274
uttarakhand,2019,1,district,uttarkashi,17873
uttarakhand,2019,1,pincode,248001,105135
uttarakhand,2019,1,pincode,263153,70441
uttarakhand,2019,1,pincode,263139,63864
uttarakhand,2019,1,pincode,249403,50869
uttarakhand,2019,1,pincode,247667,46574
uttarakhand,2019,1,pincode,244713,40130
uttarakhand,2019,1,pincode,248007,33290
uttarakhand,2019,1,pincode,263148,24314
uttarakhand,2019,1,pincode,248008,23314
uttarakhand,2019,1,pincode,249404,23175
uttarakhand,2019,2,district,dehradun,428353
uttarakhand,2019,2,district,haridwar,299436
uttarakhand,2019,2,district,udham singh nagar,266958
uttarakhand,2019,2,district,nainital,137114
uttarakhand,2019,2,district,pauri garhwal,65607
uttarakhand,2019,2,district,tehri garhwal,45652
uttarakhand,2019,2,district,almora,39593
uttarakhand,2019,2,district,pithoragarh,32308
uttarakhand,2019,2,district,chamoli,28063
uttarakhand,2019,2,district,uttarkashi,21969
uttarakhand,2019,2,pincode,248001,122387
uttarakhand,2019,2,pincode,263153,78422
uttarakhand,2019,2,pincode,263139,73468
uttarakhand,2019,2,pincode,249403,56572
uttarakhand,2019,2,pincode,247667,53454
uttarakhand,2019,2,pincode,244713,45275
uttarakhand,2019,2,pincode,248007,38386
uttarakhand,2019,2,pincode,263148,27145
uttarakhand,2019,2,pincode,248008,26991
uttarakhand,2019,2,pincode,249404,26234
uttarakhand,2019,3,district,dehradun,486157
uttarakhand,2019,3,district,haridwar,334619
uttarakhand,2019,3,district,udham singh nagar,292858
uttarakhand,2019,3,district,nainital,153561
uttarakhand,2019,3,district,pauri garhwal,73363
uttarakhand,2019,3,district,tehri garhwal,52090
uttarakhand,2019,3,district,almora,44182
uttarakhand,2019,3,district,pithoragarh,36353
uttarakhand,2019,3,district,chamoli,32036
uttarakhand,2019,3,district,uttarkashi,25151
uttarakhand,2019,3,pincode,248001,138990
uttarakhand,2019,3,pincode,263153,85399
uttarakhand,2019,3,pincode,263139,82326
uttarakhand,2019,3,pincode,249403,62076
uttarakhand,2019,3,pincode,247667,60160
uttarakhand,2019,3,pincode,244713,50354
uttarakhand,2019,3,pincode,248007,43943
uttarakhand,2019,3,pincode,248008,30492
uttarakhand,2019,3,pincode,263148,29770
uttarakhand,2019,3,pincode,249404,29233
uttarakhand,2019,4,district,dehradun,537026
uttarakhand,2019,4,district,haridwar,368737
uttarakhand,2019,4,district,udham singh nagar,319839
uttarakhand,2019,4,district,nainital,169212
uttarakhand,2019,4,district,pauri garhwal,81489
uttarakhand,2019,4,district,tehri garhwal,58542
uttarakhand,2019,4,district,almora,49664
uttarakhand,2019,4,district,pithoragarh,40980
uttarakhand,2019,4,district,chamoli,35948
uttarakhand,2019,4,district,uttarkashi,28653
uttarakhand,2019,4,pincode,248001,152499
uttarakhand,2019,4,pincode,263153,92876
uttarakhand,2019,4,pincode,263139,90316
uttarakhand,2019,4,pincode,249403,67433
uttarakhand,2019,4,pincode,247667,66153
uttarakhand,2019,4,pincode,244713,55168
uttarakhand,2019,4,pincode,248007,48633
uttarakhand,2019,4,pincode,248008,33613
uttarakhand,2019,4,pincode,263148,32479
uttarakhand,2019,4,pincode,249404,31967
uttarakhand,2021,1,district,dehradun,840361
uttarakhand,2021,1,district,haridwar,580532
uttarakhand,2021,1,district,udham singh nagar,492646
uttarakhand,2021,1,district,nainital,269308
uttarakhand,2021,1,district,pauri garhwal,133484
uttarakhand,2021,1,district,tehri garhwal,102085
uttarakhand,2021,1,district,almora,87354
uttarakhand,2021,1,district,pithoragarh,72579
uttarakhand,2021,1,district,chamoli,62779
uttarakhand,2021,1,district,uttarkashi,50696
uttarakhand,2021,1,pincode,248001,230378
uttarakhand,2021,1,pincode,263139,140799
uttarakhand,2021,1,pincode,263153,137954
uttarakhand,2021,1,pincode,247667,103466
uttarakhand,2021,1,pincode,249403,100400
uttarakhand,2021,1,pincode,244713,88182
uttarakhand,2021,1,pincode,248007,73657
uttarakhand,2021,1,pincode,248008,53647
uttarakhand,2021,1,pincode,263148,50886
uttarakhand,2021,1,pincode,249404,48958
uttarakhand,2021,2,district,dehradun,898504
uttarakhand,2021,2,district,haridwar,622292
uttarakhand,2021,2,district,udham singh nagar,528392
uttarakhand,2021,2,district,nainital,288162
uttarakhand,2021,2,district,pauri garhwal,143460
uttarakhand,2021,2,district,tehri garhwal,109890
uttarakhand,2021,2,district,almora,94196
uttarakhand,2021,2,district,pithoragarh,78079
uttarakhand,2021,2,district,chamoli,67712
uttarakhand,2021,2,district,uttarkashi,54582
uttarakhand,2021,2,pincode,248001,245790
uttarakhand,2021,2,pincode,263139,150398
uttarakhand,2021,2,pincode,263153,147765
uttarakhand,2021,2,pincode,247667,110702
uttarakhand,2021,2,pincode,249403,107534
uttarakhand,2021,2,pincode,244713,94503
uttarakhand,2021,2,pincode,248007,78753
uttarakhand,2021,2,pincode,248008,57409
uttarakhand,2021,2,pincode,263148,54567
uttarakhand,2021,2,pincode,249404,52383
uttarakhand,2021,3,district,dehradun,963594
uttarakhand,2021,3,district,haridwar,669249
uttarakhand,2021,3,district,udham singh nagar,568881
uttarakhand,2021,3,district,nainital,309820
uttarakhand,2021,3,district,pauri garhwal,155054
uttarakhand,2021,3,district,tehri garhwal,119032
uttarakhand,2021,3,district,almora,102118
uttarakhand,2021,3,district,pithoragarh,84476
uttarakhand,2021,3,district,chamoli,73432
uttarakhand,2021,3,district,uttarkashi,59174
uttarakhand,2021,3,pincode,248001,262855
uttarakhand,2021,3,pincode,263139,161187
uttarakhand,2021,3,pincode,263153,158724
uttarakhand,2021,3,pincode,247667,118780
uttarakhand,2021,3,pincode,249403,115541
uttarakhand,2021,3,pincode,244713,101673
uttarakhand,2021,3,pincode,248007,84416
uttarakhand,2021,3,pincode,248008,61521
uttarakhand,2021,3,pincode,263148,58848
uttarakhand,2021,3,pincode,249404,56219
uttarakhand,2021,4,district,dehradun,1028085
uttarakhand,2021,4,district,haridwar,716044
uttarakhand,2021,4,district,udham singh nagar,609138
uttarakhand,2021,4,district,nainital,330999
uttarakhand,2021,4,district,pauri garhwal,166482
uttarakhand,2021,4,district,tehri garhwal,127893
uttarakhand,2021,4,district,almora,109803
uttarakhand,2021,4,district,pithoragarh,90791
uttarakhand,2021,4,district,chamoli,78848
uttarakhand,2021,4,district,uttarkashi,63536
uttarakhand,2021,4,pincode,248001,280017
uttarakhand,2021,4,pincode,263139,171962
uttarakhand,2021,4,pincode,263153,169748
uttarakhand,2021,4,pincode,247667,126841
uttarakhand,2021,4,pincode,249403,123554
uttarakhand,2021,4,pincode,244713,108918
uttarakhand,2021,4,pincode,248007,90039
uttarakhand,2021,4,pincode,248008,65592
uttarakhand,2021,4,pincode,263148,63051
uttarakhand,2021,4,pincode,249404,60069
uttarakhand,2020,1,district,dehradun,593420
uttarakhand,2020,1,district,haridwar,408768
uttarakhand,2020,1,district,udham singh nagar,351112
uttarakhand,2020,1,district,nainital,186948
uttarakhand,2020,1,district,pauri garhwal,90270
uttarakhand,2020,1,district,tehri garhwal,66293
uttarakhand,2020,1,district,almora,55964
uttarakhand,2020,1,district,pithoragarh,46554
uttarakhand,2020,1,district,chamoli,40668
uttarakhand,2020,1,district,uttarkashi,32713
uttarakhand,2020,1,pincode,248001,167128
uttarakhand,2020,1,pincode,263153,101035
uttarakhand,2020,1,pincode,263139,99310
uttarakhand,2020,1,pincode,249403,73299
uttarakhand,2020,1,pincode,247667,73268
uttarakhand,2020,1,pincode,244713,61242
uttarakhand,2020,1,pincode,248007,53342
uttarakhand,2020,1,pincode,248008,37215
uttarakhand,2020,1,pincode,263148,35816
uttarakhand,2020,1,pincode,249404,35047
uttarakhand,2020,2,district,dehradun,649026
uttarakhand,2020,2,district,haridwar,448939
uttarakhand,2020,2,district,udham singh nagar,383547
uttarakhand,2020,2,district,nainital,206076
uttarakhand,2020,2,district,pauri garhwal,101276
uttarakhand,2020,2,district,tehri garhwal,75996
uttarakhand,2020,2,district,almora,64523
uttarakhand,2020,2,district,pithoragarh,53375
uttarakhand,2020,2,district,chamoli,46467
uttarakhand,2020,2,district,uttarkashi,37671
uttarakhand,2020,2,pincode,248001,180405
uttarakhand,2020,2,pincode,263153,108650
uttarakhand,2020,2,pincode,263139,108459
uttarakhand,2020,2,pincode,247667,80123
uttarakhand,2020,2,pincode,249403,79076
uttarakhand,2020,2,pincode,244713,67771
uttarakhand,2020,2,pincode,248007,57631
uttarakhand,2020,2,pincode,248008,40946
uttarakhand,2020,2,pincode,263148,39290
uttarakhand,2020,2,pincode,249404,38205
uttarakhand,2020,3,district,dehradun,711303
uttarakhand,2020,3,district,haridwar,491252
uttarakhand,2020,3,district,udham singh nagar,418390
uttarakhand,2020,3,district,nainital,227497
uttarakhand,2020,3,district,pauri garhwal,112287
uttarakhand,2020,3,district,tehri garhwal,85276
uttarakhand,2020,3,district,almora,72829
uttarakhand,2020,3,district,pithoragarh,60279
uttarakhand,2020,3,district,chamoli,52184
uttarakhand,2020,3,district,uttarkashi,42144
uttarakhand,2020,3,pincode,248001,196414
uttarakhand,2020,3,pincode,263139,119265
uttarakhand,2020,3,pincode,263153,117596
uttarakhand,2020,3,pincode,247667,87577
uttarakhand,2020,3,pincode,249403,85731
uttarakhand,2020,3,pincode,244713,74529
uttarakhand,2020,3,pincode,248007,62484
uttarakhand,2020,3,pincode,248008,45231
uttarakhand,2020,3,pincode,263148,42926
uttarakhand,2020,3,pincode,249404,41745
uttarakhand,2020,4,district,dehradun,779564
uttarakhand,2020,4,district,haridwar,537058
uttarakhand,2020,4,district,udham singh nagar,456356
uttarakhand,2020,4,district,nainital,249856
uttarakhand,2020,4,district,pauri garhwal,123892
uttarakhand,2020,4,district,tehri garhwal,94520
uttarakhand,2020,4,district,almora,81020
uttarakhand,2020,4,district,pithoragarh,67024
uttarakhand,2020,4,district,chamoli,58039
uttarakhand,2020,4,district,uttarkashi,46810
uttarakhand,2020,4,pincode,248001,214162
uttarakhand,2020,4,pincode,263139,130684
uttarakhand,2020,4,pincode,263153,127869
uttarakhand,2020,4,pincode,247667,95688
uttarakhand,2020,4,pincode,249403,93197
uttarakhand,2020,4,pincode,244713,81687
uttarakhand,2020,4,pincode,248007,68280
uttarakhand,2020,4,pincode,248008,49821
uttarakhand,2020,4,pincode,263148,46923
uttarakhand,2020,4,pincode,249404,45495
uttarakhand,2018,1,district,dehradun,147998
uttarakhand,2018,1,district,haridwar,104823
uttarakhand,2018,1,district,udham singh nagar,100236
uttarakhand,2018,1,district,nainital,49083
uttarakhand,2018,1,district,pauri garhwal,20425
uttarakhand,2018,1,district,tehri garhwal,13030
uttarakhand,2018,1,district,almora,11367
uttarakhand,2018,1,district,pithoragarh,8836
uttarakhand,2018,1,district,chamoli,7493
uttarakhand,2018,1,district,uttarkashi,5816
uttarakhand,2018,1,pincode,248001,43810
uttarakhand,2018,1,pincode,263153,29988
uttarakhand,2018,1,pincode,263139,27575
uttarakhand,2018,1,pincode,249403,21416
uttarakhand,2018,1,pincode,247667,19733
uttarakhand,2018,1,pincode,244713,16234
uttarakhand,2018,1,pincode,248007,13798
uttarakhand,2018,1,pincode,263148,10414
uttarakhand,2018,1,pincode,249404,9525
uttarakhand,2018,1,pincode,248008,9462
uttarakhand,2018,2,district,dehradun,198296
uttarakhand,2018,2,district,haridwar,140718
uttarakhand,2018,2,district,udham singh nagar,132549
uttarakhand,2018,2,district,nainital,65142
uttarakhand,2018,2,district,pauri garhwal,28153
uttarakhand,2018,2,district,tehri garhwal,18021
uttarakhand,2018,2,district,almora,15473
uttarakhand,2018,2,district,pithoragarh,12486
uttarakhand,2018,2,district,chamoli,10502
uttarakhand,2018,2,district,uttarkashi,8227
uttarakhand,2018,2,pincode,248001,57987
uttarakhand,2018,2,pincode,263153,39375
uttarakhand,2018,2,pincode,263139,35979
uttarakhand,2018,2,pincode,249403,28237
uttarakhand,2018,2,pincode,247667,25914
uttarakhand,2018,2,pincode,244713,21915
uttarakhand,2018,2,pincode,248007,18155
uttarakhand,2018,2,pincode,263148,13571
uttarakhand,2018,2,pincode,249404,12565
uttarakhand,2018,2,pincode,248008,12507
uttarakhand,2018,3,district,dehradun,246477
uttarakhand,2018,3,district,haridwar,174526
uttarakhand,2018,3,district,udham singh nagar,162754
uttarakhand,2018,3,district,nainital,79936
uttarakhand,2018,3,district,pauri garhwal,36059
uttarakhand,2018,3,district,tehri garhwal,23575
uttarakhand,2018,3,district,almora,20152
uttarakhand,2018,3,district,pithoragarh,16483
uttarakhand,2018,3,district,chamoli,14112
uttarakhand,2018,3,district,uttarkashi,10793
uttarakhand,2018,3,pincode,248001,71108
uttarakhand,2018,3,pincode,263153,47954
uttarakhand,2018,3,pincode,263139,43573
uttarakhand,2018,3,pincode,249403,34499
uttarakhand,2018,3,pincode,247667,31596
uttarakhand,2018,3,pincode,244713,27418
uttarakhand,2018,3,pincode,248007,22459
uttarakhand,2018,3,pincode,263148,16571
uttarakhand,2018,3,pincode,249404,15762
uttarakhand,2018,3,pincode,248008,15440
uttarakhand,2018,4,district,dehradun,306969
uttarakhand,2018,4,district,haridwar,217634
uttarakhand,2018,4,district,udham singh nagar,200079
uttarakhand,2018,4,district,nainital,98591
uttarakhand,2018,4,district,pauri garhwal,45898
uttarakhand,2018,4,district,tehri garhwal,30089
uttarakhand,2018,4,district,almora,26282
uttarakhand,2018,4,district,pithoragarh,21378
uttarakhand,2018,4,district,chamoli,18391
uttarakhand,2018,4,district,uttarkashi,14114
uttarakhand,2018,4,pincode,248001,88106
uttarakhand,2018,4,pincode,263153,58968
uttarakhand,2018,4,pincode,263139,53288
uttarakhand,2018,4,pincode,249403,42546
uttarakhand,2018,4,pincode,247667,39066
uttarakhand,2018,4,pincode,244713,34073
uttarakhand,2018,4,pincode,248007,27725
uttarakhand,2018,4,pincode,263148,20135
uttarakhand,2018,4,pincode,249404,19425
uttarakhand,2018,4,pincode,248008,19187
puducherry,2022,1,district,puducherry,375238
puducherry,2022,1,district,karaikal,44201
puducherry,2022,1,district,yanam,16747
puducherry,2022,1,district,mahe,11865
puducherry,2022,1,pincode,605110,51639
puducherry,2022,1,pincode,605107,38173
puducherry,2022,1,pincode,605008,35063
puducherry,2022,1,pincode,605004,34846
puducherry,2022,1,pincode,605009,28729
puducherry,2022,1,pincode,605011,23684
puducherry,2022,1,pincode,605007,22006
puducherry,2022,1,pincode,605001,21245
puducherry,2022,1,pincode,605010,21139
puducherry,2022,1,pincode,605013,21038
puducherry,2022,2,district,puducherry,394977
puducherry,2022,2,district,karaikal,46573
puducherry,2022,2,district,yanam,17644
puducherry,2022,2,district,mahe,12469
puducherry,2022,2,pincode,605110,54423
puducherry,2022,2,pincode,605107,40308
puducherry,2022,2,pincode,605008,36856
puducherry,2022,2,pincode,605004,36618
puducherry,2022,2,pincode,605009,30254
puducherry,2022,2,pincode,605011,24910
puducherry,2022,2,pincode,605007,23152
puducherry,2022,2,pincode,605001,22300
puducherry,2022,2,pincode,605010,22248
puducherry,2022,2,pincode,605013,22133
puducherry,2022,3,district,puducherry,415847
puducherry,2022,3,district,karaikal,49034
puducherry,2022,3,district,yanam,18606
puducherry,2022,3,district,mahe,13083
puducherry,2022,3,pincode,605110,57334
puducherry,2022,3,pincode,605107,42562
puducherry,2022,3,pincode,605008,38768
puducherry,2022,3,pincode,605004,38540
puducherry,2022,3,pincode,605009,31818
puducherry,2022,3,pincode,605011,26199
puducherry,2022,3,pincode,605007,24425
puducherry,2022,3,pincode,605001,23444
puducherry,2022,3,pincode,605010,23414
puducherry,2022,3,pincode,605013,23272
puducherry,2022,4,district,puducherry,436067
puducherry,2022,4,district,karaikal,51364
puducherry,2022,4,district,yanam,19579
puducherry,2022,4,district,mahe,13639
puducherry,2022,4,pincode,605110,60161
puducherry,2022,4,pincode,605107,44713
puducherry,2022,4,pincode,605008,40658
puducherry,2022,4,pincode,605004,40383
puducherry,2022,4,pincode,605009,33355
puducherry,2022,4,pincode,605011,27461
puducherry,2022,4,pincode,605007,25628
puducherry,2022,4,pincode,605001,24593
puducherry,2022,4,pincode,605010,24548
puducherry,2022,4,pincode,605013,24424
puducherry,2024,1,district,puducherry,528736
puducherry,2024,1,district,karaikal,62687
puducherry,2024,1,district,yanam,23967
puducherry,2024,1,district,mahe,16273
puducherry,2024,1,pincode,605110,73542
puducherry,2024,1,pincode,605107,54917
puducherry,2024,1,pincode,605008,49011
puducherry,2024,1,pincode,605004,48829
puducherry,2024,1,pincode,605009,40214
puducherry,2024,1,pincode,605011,33153
puducherry,2024,1,pincode,605007,31246
puducherry,2024,1,pincode,605010,29601
puducherry,2024,1,pincode,605001,29530
puducherry,2024,1,pincode,605013,29454
puducherry,2024,2,district,puducherry,548672
puducherry,2024,2,district,karaikal,65076
puducherry,2024,2,district,yanam,24917
puducherry,2024,2,district,mahe,16821
puducherry,2024,2,pincode,605110,76456
puducherry,2024,2,pincode,605107,57076
puducherry,2024,2,pincode,605008,50786
puducherry,2024,2,pincode,605004,50660
puducherry,2024,2,pincode,605009,41720
puducherry,2024,2,pincode,605011,34347
puducherry,2024,2,pincode,605007,32412
puducherry,2024,2,pincode,605010,30689
puducherry,2024,2,pincode,605001,30589
puducherry,2024,2,pincode,605013,30565
puducherry,2024,3,district,puducherry,511282
puducherry,2024,3,district,karaikal,73963
puducherry,2024,3,district,yanam,22351
puducherry,2024,3,district,mahe,21736
puducherry,2024,3,pincode,605009,53560
puducherry,2024,3,pincode,605110,51156
puducherry,2024,3,pincode,605001,47701
puducherry,2024,3,pincode,605008,43197
puducherry,2024,3,pincode,605007,34883
puducherry,2024,3,pincode,605011,31957
puducherry,2024,3,pincode,609602,28564
puducherry,2024,3,pincode,605004,25305
puducherry,2024,3,pincode,605013,24997
puducherry,2024,3,pincode,533464,22351
puducherry,2024,4,district,puducherry,524684
puducherry,2024,4,district,karaikal,76256
puducherry,2024,4,district,yanam,22823
puducherry,2024,4,district,mahe,22395
puducherry,2024,4,pincode,605009,55189
puducherry,2024,4,pincode,605110,52790
puducherry,2024,4,pincode,605001,48261
puducherry,2024,4,pincode,605008,44448
puducherry,2024,4,pincode,605007,35792
puducherry,2024,4,pincode,605011,32727
puducherry,2024,4,pincode,609602,29382
puducherry,2024,4,pincode,605004,25835
puducherry,2024,4,pincode,605013,25680
puducherry,2024,4,pincode,533464,22823
puducherry,2023,1,district,puducherry,455449
puducherry,2023,1,district,karaikal,53685
puducherry,2023,1,district,yanam,20481
puducherry,2023,1,district,mahe,14204
puducherry,2023,1,pincode,605110,62885
puducherry,2023,1,pincode,605107,46763
puducherry,2023,1,pincode,605008,42383
puducherry,2023,1,pincode,605004,42155
puducherry,2023,1,pincode,605009,34866
puducherry,2023,1,pincode,605011,28704
puducherry,2023,1,pincode,605007,26765
puducherry,2023,1,pincode,605010,25639
puducherry,2023,1,pincode,605001,25633
puducherry,2023,1,pincode,605013,25534
puducherry,2023,2,district,puducherry,472714
puducherry,2023,2,district,karaikal,55776
puducherry,2023,2,district,yanam,21261
puducherry,2023,2,district,mahe,14680
puducherry,2023,2,pincode,605110,65371
puducherry,2023,2,pincode,605107,48667
puducherry,2023,2,pincode,605008,43969
puducherry,2023,2,pincode,605004,43746
puducherry,2023,2,pincode,605009,36129
puducherry,2023,2,pincode,605011,29754
puducherry,2023,2,pincode,605007,27796
puducherry,2023,2,pincode,605010,26577
puducherry,2023,2,pincode,605001,26555
puducherry,2023,2,pincode,605013,26451
puducherry,2023,3,district,puducherry,491130
puducherry,2023,3,district,karaikal,58040
puducherry,2023,3,district,yanam,22161
puducherry,2023,3,district,mahe,15219
puducherry,2023,3,pincode,605110,68001
puducherry,2023,3,pincode,605107,50686
puducherry,2023,3,pincode,605008,45621
puducherry,2023,3,pincode,605004,45469
puducherry,2023,3,pincode,605009,37477
puducherry,2023,3,pincode,605011,30844
puducherry,2023,3,pincode,605007,28923
puducherry,2023,3,pincode,605010,27573
puducherry,2023,3,pincode,605001,27546
puducherry,2023,3,pincode,605013,27482
puducherry,2023,4,district,puducherry,508901
puducherry,2023,4,district,karaikal,60186
puducherry,2023,4,district,yanam,23033
puducherry,2023,4,district,mahe,15718
puducherry,2023,4,pincode,605110,70638
puducherry,2023,4,pincode,605107,52708
puducherry,2023,4,pincode,605008,47193
puducherry,2023,4,pincode,605004,47060
puducherry,2023,4,pincode,605009,38756
puducherry,2023,4,pincode,605011,31926
puducherry,2023,4,pincode,605007,30001
puducherry,2023,4,pincode,605010,28512
puducherry,2023,4,pincode,605001,28499
puducherry,2023,4,pincode,605013,28441
puducherry,2019,1,district,puducherry,112798
puducherry,2019,1,district,karaikal,11549
puducherry,2019,1,district,yanam,5814
puducherry,2019,1,district,mahe,2898
puducherry,2019,1,pincode,605110,14136
puducherry,2019,1,pincode,605008,11169
puducherry,2019,1,pincode,605107,10375
puducherry,2019,1,pincode,605004,10371
puducherry,2019,1,pincode,605009,9199
puducherry,2019,1,pincode,605011,7594
puducherry,2019,1,pincode,605013,6815
puducherry,2019,1,pincode,605010,6802
puducherry,2019,1,pincode,605001,6703
puducherry,2019,1,pincode,605007,6017
puducherry,2019,2,district,puducherry,132703
puducherry,2019,2,district,karaikal,13827
puducherry,2019,2,district,yanam,6485
puducherry,2019,2,district,mahe,3443
puducherry,2019,2,pincode,605110,16837
puducherry,2019,2,pincode,605008,13076
puducherry,2019,2,pincode,605004,12215
puducherry,2019,2,pincode,605107,12205
puducherry,2019,2,pincode,605009,10650
puducherry,2019,2,pincode,605011,9000
puducherry,2019,2,pincode,605001,8190
puducherry,2019,2,pincode,605013,7982
puducherry,2019,2,pincode,605010,7830
puducherry,2019,2,pincode,605007,7155
puducherry,2019,3,district,puducherry,150642
puducherry,2019,3,district,karaikal,15875
puducherry,2019,3,district,yanam,7342
puducherry,2019,3,district,mahe,4009
puducherry,2019,3,pincode,605110,19211
puducherry,2019,3,pincode,605008,14756
puducherry,2019,3,pincode,605107,13994
puducherry,2019,3,pincode,605004,13911
puducherry,2019,3,pincode,605009,11926
puducherry,2019,3,pincode,605011,10048
puducherry,2019,3,pincode,605001,9516
puducherry,2019,3,pincode,605013,9036
puducherry,2019,3,pincode,605010,8819
puducherry,2019,3,pincode,605007,8286
puducherry,2019,4,district,puducherry,173175
puducherry,2019,4,district,karaikal,18134
puducherry,2019,4,district,yanam,8287
puducherry,2019,4,district,mahe,4696
puducherry,2019,4,pincode,605110,22470
puducherry,2019,4,pincode,605008,16680
puducherry,2019,4,pincode,605107,16318
puducherry,2019,4,pincode,605004,15963
puducherry,2019,4,pincode,605009,13635
puducherry,2019,4,pincode,605011,11461
puducherry,2019,4,pincode,605001,10910
puducherry,2019,4,pincode,605013,10207
puducherry,2019,4,pincode,605010,10117
puducherry,2019,4,pincode,605007,9513
puducherry,2021,1,district,puducherry,290107
puducherry,2021,1,district,karaikal,33876
puducherry,2021,1,district,yanam,13005
puducherry,2021,1,district,mahe,9291
puducherry,2021,1,pincode,605110,39705
puducherry,2021,1,pincode,605107,29175
puducherry,2021,1,pincode,605008,27263
puducherry,2021,1,pincode,605004,27010
puducherry,2021,1,pincode,605009,22267
puducherry,2021,1,pincode,605011,18462
puducherry,2021,1,pincode,605007,16918
puducherry,2021,1,pincode,605001,16548
puducherry,2021,1,pincode,605010,16417
puducherry,2021,1,pincode,605013,16376
puducherry,2021,2,district,puducherry,309892
puducherry,2021,2,district,karaikal,36328
puducherry,2021,2,district,yanam,13854
puducherry,2021,2,district,mahe,9887
puducherry,2021,2,pincode,605110,42482
puducherry,2021,2,pincode,605107,31257
puducherry,2021,2,pincode,605008,29084
puducherry,2021,2,pincode,605004,28831
puducherry,2021,2,pincode,605009,23778
puducherry,2021,2,pincode,605011,19690
puducherry,2021,2,pincode,605007,18079
puducherry,2021,2,pincode,605001,17658
puducherry,2021,2,pincode,605010,17498
puducherry,2021,2,pincode,605013,17467
puducherry,2021,3,district,puducherry,332193
puducherry,2021,3,district,karaikal,39011
puducherry,2021,3,district,yanam,14823
puducherry,2021,3,district,mahe,10582
puducherry,2021,3,pincode,605110,45619
puducherry,2021,3,pincode,605107,33660
puducherry,2021,3,pincode,605008,31097
puducherry,2021,3,pincode,605004,30853
puducherry,2021,3,pincode,605009,25458
puducherry,2021,3,pincode,605011,21041
puducherry,2021,3,pincode,605007,19440
puducherry,2021,3,pincode,605001,18888
puducherry,2021,3,pincode,605010,18753
puducherry,2021,3,pincode,605013,18675
puducherry,2021,4,district,puducherry,354425
puducherry,2021,4,district,karaikal,41695
puducherry,2021,4,district,yanam,15809
puducherry,2021,4,district,mahe,11238
puducherry,2021,4,pincode,605110,48727
puducherry,2021,4,pincode,605107,35995
puducherry,2021,4,pincode,605008,33154
puducherry,2021,4,pincode,605004,32915
puducherry,2021,4,pincode,605009,27171
puducherry,2021,4,pincode,605011,22408
puducherry,2021,4,pincode,605007,20753
puducherry,2021,4,pincode,605001,20108
puducherry,2021,4,pincode,605010,19971
puducherry,2021,4,pincode,605013,19909
puducherry,2020,1,district,puducherry,195398
puducherry,2020,1,district,karaikal,20775
puducherry,2020,1,district,yanam,9266
puducherry,2020,1,district,mahe,5469
puducherry,2020,1,pincode,605110,25687
puducherry,2020,1,pincode,605008,18656
puducherry,2020,1,pincode,605107,18556
puducherry,2020,1,pincode,605004,18046
puducherry,2020,1,pincode,605009,15245
puducherry,2020,1,pincode,605011,12795
puducherry,2020,1,pincode,605001,12186
puducherry,2020,1,pincode,605013,11425
puducherry,2020,1,pincode,605010,11275
puducherry,2020,1,pincode,605007,10904
puducherry,2020,2,district,puducherry,215429
puducherry,2020,2,district,karaikal,23612
puducherry,2020,2,district,yanam,10164
puducherry,2020,2,district,mahe,6395
puducherry,2020,2,pincode,605110,28750
puducherry,2020,2,pincode,605107,20938
puducherry,2020,2,pincode,605008,20563
puducherry,2020,2,pincode,605004,20030
puducherry,2020,2,pincode,605009,16663
puducherry,2020,2,pincode,605011,13873
puducherry,2020,2,pincode,605001,12977
puducherry,2020,2,pincode,605013,12367
puducherry,2020,2,pincode,605010,12294
puducherry,2020,2,pincode,605007,12240
puducherry,2020,3,district,puducherry,239707
puducherry,2020,3,district,karaikal,26910
puducherry,2020,3,district,yanam,11054
puducherry,2020,3,district,mahe,7502
puducherry,2020,3,pincode,605110,32402
puducherry,2020,3,pincode,605107,23636
puducherry,2020,3,pincode,605008,22798
puducherry,2020,3,pincode,605004,22436
puducherry,2020,3,pincode,605009,18479
puducherry,2020,3,pincode,605011,15322
puducherry,2020,3,pincode,605001,14054
puducherry,2020,3,pincode,605007,13851
puducherry,2020,3,pincode,605010,13587
puducherry,2020,3,pincode,605013,13559
puducherry,2020,4,district,puducherry,267946
puducherry,2020,4,district,karaikal,30982
puducherry,2020,4,district,yanam,12131
puducherry,2020,4,district,mahe,8567
puducherry,2020,4,pincode,605110,36516
puducherry,2020,4,pincode,605107,26885
puducherry,2020,4,pincode,605008,25225
puducherry,2020,4,pincode,605004,24940
puducherry,2020,4,pincode,605009,20600
puducherry,2020,4,pincode,605011,17122
puducherry,2020,4,pincode,605007,15539
puducherry,2020,4,pincode,605001,15397
puducherry,2020,4,pincode,605010,15198
puducherry,2020,4,pincode,605013,15108
puducherry,2018,1,district,puducherry,42117
puducherry,2018,1,district,karaikal,3628
puducherry,2018,1,district,yanam,2500
puducherry,2018,1,district,mahe,1073
puducherry,2018,1,pincode,605110,5295
puducherry,2018,1,pincode,605008,4326
puducherry,2018,1,pincode,605107,3824
puducherry,2018,1,pincode,605004,3765
puducherry,2018,1,pincode,605009,3488
puducherry,2018,1,pincode,605011,2833
puducherry,2018,1,pincode,605013,2631
puducherry,2018,1,pincode,605001,2603
puducherry,2018,1,pincode,605010,2577
puducherry,2018,1,pincode,533464,2500
puducherry,2018,2,district,puducherry,55513
puducherry,2018,2,district,karaikal,5393
puducherry,2018,2,district,yanam,3232
puducherry,2018,2,district,mahe,1442
puducherry,2018,2,pincode,605110,6941
puducherry,2018,2,pincode,605008,5562
puducherry,2018,2,pincode,605107,5088
puducherry,2018,2,pincode,605004,4951
puducherry,2018,2,pincode,605009,4559
puducherry,2018,2,pincode,605011,3734
puducherry,2018,2,pincode,605010,3468
puducherry,2018,2,pincode,605001,3430
puducherry,2018,2,pincode,605013,3429
puducherry,2018,2,pincode,533464,3232
puducherry,2018,3,district,puducherry,68634
puducherry,2018,3,district,karaikal,7174
puducherry,2018,3,district,yanam,3926
puducherry,2018,3,district,mahe,1812
puducherry,2018,3,pincode,605110,8620
puducherry,2018,3,pincode,605008,6777
puducherry,2018,3,pincode,605107,6258
puducherry,2018,3,pincode,605004,6118
puducherry,2018,3,pincode,605009,5721
puducherry,2018,3,pincode,605011,4602
puducherry,2018,3,pincode,605001,4229
puducherry,2018,3,pincode,605010,4208
puducherry,2018,3,pincode,605013,4174
puducherry,2018,3,pincode,533464,3926
puducherry,2018,4,district,puducherry,92629
puducherry,2018,4,district,karaikal,9578
puducherry,2018,4,district,yanam,4901
puducherry,2018,4,district,mahe,2386
puducherry,2018,4,pincode,605110,11531
puducherry,2018,4,pincode,605008,9152
puducherry,2018,4,pincode,605107,8479
puducherry,2018,4,pincode,605004,8467
puducherry,2018,4,pincode,605009,7573
puducherry,2018,4,pincode,605011,6222
puducherry,2018,4,pincode,605010,5692
puducherry,2018,4,pincode,605013,5628
puducherry,2018,4,pincode,605001,5486
puducherry,2018,4,pincode,533464,4901
bihar,2022,1,district,patna,2443356
bihar,2022,1,district,muzaffarpur,962924
bihar,2022,1,district,purbi champaran,912427
bihar,2022,1,district,gaya,769265
bihar,2022,1,district,pashchim champaran,692182
bihar,2022,1,district,saran,673849
bihar,2022,1,district,samastipur,672508
bihar,2022,1,district,madhubani,672303
bihar,2022,1,district,darbhanga,669850
bihar,2022,1,district,vaishali,614159
bihar,2022,1,pincode,800001,374585
bihar,2022,1,pincode,800006,244496
bihar,2022,1,pincode,800020,226982
bihar,2022,1,pincode,845401,199667
bihar,2022,1,pincode,845438,164043
bihar,2022,1,pincode,823001,138345
bihar,2022,1,pincode,842001,125613
bihar,2022,1,pincode,846004,120989
bihar,2022,1,pincode,802301,119021
bihar,2022,1,pincode,801503,118829
bihar,2022,2,district,patna,2577123
bihar,2022,2,district,muzaffarpur,1018560
bihar,2022,2,district,purbi champaran,967838
bihar,2022,2,district,gaya,814180
bihar,2022,2,district,pashchim champaran,734476
bihar,2022,2,district,saran,714109
bihar,2022,2,district,samastipur,712626
bihar,2022,2,district,madhubani,711897
bihar,2022,2,district,darbhanga,708828
bihar,2022,2,district,vaishali,650319
bihar,2022,2,pincode,800001,394289
bihar,2022,2,pincode,800006,257919
bihar,2022,2,pincode,800020,239192
bihar,2022,2,pincode,845401,211280
bihar,2022,2,pincode,845438,173688
bihar,2022,2,pincode,823001,145953
bihar,2022,2,pincode,842001,132578
bihar,2022,2,pincode,846004,127805
bihar,2022,2,pincode,802301,125702
bihar,2022,2,pincode,801503,125223
bihar,2022,3,district,patna,2716533
bihar,2022,3,district,muzaffarpur,1077200
bihar,2022,3,district,purbi champaran,1025772
bihar,2022,3,district,gaya,859903
bihar,2022,3,district,pashchim champaran,777977
bihar,2022,3,district,saran,756293
bihar,2022,3,district,samastipur,754322
bihar,2022,3,district,madhubani,753153
bihar,2022,3,district,darbhanga,749430
bihar,2022,3,district,vaishali,688248
bihar,2022,3,pincode,800001,414926
bihar,2022,3,pincode,800006,272017
bihar,2022,3,pincode,800020,251896
bihar,2022,3,pincode,845401,223461
bihar,2022,3,pincode,845438,183758
bihar,2022,3,pincode,823001,153810
bihar,2022,3,pincode,842001,139844
bihar,2022,3,pincode,846004,134888
bihar,2022,3,pincode,802301,132748
bihar,2022,3,pincode,801503,131911
bihar,2022,4,district,patna,2854738
bihar,2022,4,district,muzaffarpur,1132096
bihar,2022,4,district,purbi champaran,1079466
bihar,2022,4,district,gaya,902593
bihar,2022,4,district,pashchim champaran,817644
bihar,2022,4,district,saran,795553
bihar,2022,4,district,samastipur,793296
bihar,2022,4,district,madhubani,790218
bihar,2022,4,district,darbhanga,787306
bihar,2022,4,district,vaishali,723338
bihar,2022,4,pincode,800001,435858
bihar,2022,4,pincode,800006,286403
bihar,2022,4,pincode,800020,264853
bihar,2022,4,pincode,845401,235479
bihar,2022,4,pincode,845438,193467
bihar,2022,4,pincode,823001,161778
bihar,2022,4,pincode,842001,147230
bihar,2022,4,pincode,846004,142051
bihar,2022,4,pincode,802301,139772
bihar,2022,4,pincode,801503,138639
bihar,2024,1,district,patna,3464540
bihar,2024,1,district,muzaffarpur,1391427
bihar,2024,1,district,purbi champaran,1335289
bihar,2024,1,district,gaya,1110224
bihar,2024,1,district,pashchim champaran,1011106
bihar,2024,1,district,saran,983188
bihar,2024,1,district,samastipur,980091
bihar,2024,1,district,madhubani,975263
bihar,2024,1,district,darbhanga,967610
bihar,2024,1,district,vaishali,891651
bihar,2024,1,pincode,800001,524465
bihar,2024,1,pincode,800006,348192
bihar,2024,1,pincode,800020,319873
bihar,2024,1,pincode,845401,288419
bihar,2024,1,pincode,845438,237551
bihar,2024,1,pincode,823001,196368
bihar,2024,1,pincode,842001,179344
bihar,2024,1,pincode,846004,172938
bihar,2024,1,pincode,802301,170583
bihar,2024,1,pincode,801503,167806
bihar,2024,2,district,patna,3591041
bihar,2024,2,district,muzaffarpur,1444988
bihar,2024,2,district,purbi champaran,1386400
bihar,2024,2,district,gaya,1152573
bihar,2024,2,district,pashchim champaran,1049701
bihar,2024,2,district,saran,1021494
bihar,2024,2,district,samastipur,1018329
bihar,2024,2,district,madhubani,1012965
bihar,2024,2,district,darbhanga,1005036
bihar,2024,2,district,vaishali,926039
bihar,2024,2,pincode,800001,543315
bihar,2024,2,pincode,800006,360950
bihar,2024,2,pincode,800020,331336
bihar,2024,2,pincode,845401,299257
bihar,2024,2,pincode,845438,246484
bihar,2024,2,pincode,823001,203574
bihar,2024,2,pincode,842001,186146
bihar,2024,2,pincode,846004,179401
bihar,2024,2,pincode,802301,176952
bihar,2024,2,pincode,801503,173770
bihar,2024,3,district,patna,3685436
bihar,2024,3,district,muzaffarpur,1639344
bihar,2024,3,district,purbi champaran,1628560
bihar,2024,3,district,gaya,1346892
bihar,2024,3,district,pashchim champaran,1207481
bihar,2024,3,district,samastipur,1189767
bihar,2024,3,district,darbhanga,1116870
bihar,2024,3,district,saran,1102559
bihar,2024,3,district,madhubani,1081298
bihar,2024,3,district,bhagalpur,1052571
bihar,2024,3,pincode,800001,478115
bihar,2024,3,pincode,823001,351211
bihar,2024,3,pincode,845401,330558
bihar,2024,3,pincode,800006,308163
bihar,2024,3,pincode,800020,237898
bihar,2024,3,pincode,800007,214781
bihar,2024,3,pincode,843302,202753
bihar,2024,3,pincode,802301,197129
bihar,2024,3,pincode,842001,189671
bihar,2024,3,pincode,845438,184606
bihar,2024,4,district,patna,3796825
bihar,2024,4,district,purbi champaran,1719763
bihar,2024,4,district,muzaffarpur,1716695
bihar,2024,4,district,gaya,1401871
bihar,2024,4,district,pashchim champaran,1275889
bihar,2024,4,district,samastipur,1250419
bihar,2024,4,district,saran,1166480
bihar,2024,4,district,darbhanga,1166330
bihar,2024,4,district,madhubani,1134617
bihar,2024,4,district,vaishali,1097072
bihar,2024,4,pincode,800001,491519
bihar,2024,4,pincode,823001,362262
bihar,2024,4,pincode,845401,343290
bihar,2024,4,pincode,800006,313810
bihar,2024,4,pincode,800020,243821
bihar,2024,4,pincode,800007,221544
bihar,2024,4,pincode,843302,211048
bihar,2024,4,pincode,802301,203971
bihar,2024,4,pincode,842001,196786
bihar,2024,4,pincode,845438,191980
bihar,2023,1,district,patna,2988174
bihar,2023,1,district,muzaffarpur,1186500
bihar,2023,1,district,purbi champaran,1133269
bihar,2023,1,district,gaya,946050
bihar,2023,1,district,pashchim champaran,858644
bihar,2023,1,district,saran,834739
bihar,2023,1,district,samastipur,832148
bihar,2023,1,district,madhubani,828561
bihar,2023,1,district,darbhanga,824935
bihar,2023,1,district,vaishali,758603
bihar,2023,1,pincode,800001,455854
bihar,2023,1,pincode,800006,300230
bihar,2023,1,pincode,800020,277169
bihar,2023,1,pincode,845401,246901
bihar,2023,1,pincode,845438,203029
bihar,2023,1,pincode,823001,169449
bihar,2023,1,pincode,842001,154271
bihar,2023,1,pincode,846004,148858
bihar,2023,1,pincode,802301,146579
bihar,2023,1,pincode,801503,144944
bihar,2023,2,district,patna,3102247
bihar,2023,2,district,muzaffarpur,1236642
bihar,2023,2,district,purbi champaran,1183746
bihar,2023,2,district,gaya,987115
bihar,2023,2,district,pashchim champaran,896967
bihar,2023,2,district,saran,871017
bihar,2023,2,district,samastipur,868715
bihar,2023,2,district,madhubani,865373
bihar,2023,2,district,darbhanga,860625
bihar,2023,2,district,vaishali,791100
bihar,2023,2,pincode,800001,472016
bihar,2023,2,pincode,800006,311558
bihar,2023,2,pincode,800020,287226
bihar,2023,2,pincode,845401,256921
bihar,2023,2,pincode,845438,211285
bihar,2023,2,pincode,823001,175779
bihar,2023,2,pincode,842001,160164
bihar,2023,2,pincode,846004,154656
bihar,2023,2,pincode,802301,152195
bihar,2023,2,pincode,801503,150388
bihar,2023,3,district,patna,3224750
bihar,2023,3,district,muzaffarpur,1287940
bihar,2023,3,district,purbi champaran,1234014
bihar,2023,3,district,gaya,1028527
bihar,2023,3,district,pashchim champaran,934834
bihar,2023,3,district,saran,908065
bihar,2023,3,district,samastipur,905652
bihar,2023,3,district,madhubani,901607
bihar,2023,3,district,darbhanga,896190
bihar,2023,3,district,vaishali,824848
bihar,2023,3,pincode,800001,489967
bihar,2023,3,pincode,800006,323960
bihar,2023,3,pincode,800020,298213
bihar,2023,3,pincode,845401,267457
bihar,2023,3,pincode,845438,220063
bihar,2023,3,pincode,823001,182756
bihar,2023,3,pincode,842001,166557
bihar,2023,3,pincode,846004,160667
bihar,2023,3,pincode,802301,158488
bihar,2023,3,pincode,801503,156227
bihar,2023,4,district,patna,3335655
bihar,2023,4,district,muzaffarpur,1336058
bihar,2023,4,district,purbi champaran,1280593
bihar,2023,4,district,gaya,1066119
bihar,2023,4,district,pashchim champaran,969579
bihar,2023,4,district,saran,942850
bihar,2023,4,district,samastipur,939833
bihar,2023,4,district,madhubani,935884
bihar,2023,4,district,darbhanga,929423
bihar,2023,4,district,vaishali,855913
bihar,2023,4,pincode,800001,505940
bihar,2023,4,pincode,800006,335209
bihar,2023,4,pincode,800020,308191
bihar,2023,4,pincode,845401,276952
bihar,2023,4,pincode,845438,227990
bihar,2023,4,pincode,823001,188992
bihar,2023,4,pincode,842001,172397
bihar,2023,4,pincode,846004,166478
bihar,2023,4,pincode,802301,164095
bihar,2023,4,pincode,801503,161538
bihar,2019,1,district,patna,964432
bihar,2019,1,district,muzaffarpur,309416
bihar,2019,1,district,purbi champaran,252394
bihar,2019,1,district,gaya,245773
bihar,2019,1,district,samastipur,204544
bihar,2019,1,district,darbhanga,202521
bihar,2019,1,district,saran,197928
bihar,2019,1,district,pashchim champaran,197074
bihar,2019,1,district,bhagalpur,195057
bihar,2019,1,district,madhubani,195036
bihar,2019,1,pincode,800001,155763
bihar,2019,1,pincode,800006,112180
bihar,2019,1,pincode,800020,98591
bihar,2019,1,pincode,845401,67473
bihar,2019,1,pincode,823001,53758
bihar,2019,1,pincode,845438,53452
bihar,2019,1,pincode,801503,45773
bihar,2019,1,pincode,842001,45763
bihar,2019,1,pincode,802301,44801
bihar,2019,1,pincode,812001,44256
bihar,2019,2,district,patna,1076012
bihar,2019,2,district,muzaffarpur,353459
bihar,2019,2,district,purbi champaran,292711
bihar,2019,2,district,gaya,281107
bihar,2019,2,district,samastipur,234046
bihar,2019,2,district,darbhanga,232722
bihar,2019,2,district,saran,230068
bihar,2019,2,district,pashchim champaran,227901
bihar,2019,2,district,madhubani,226202
bihar,2019,2,district,bhagalpur,223725
bihar,2019,2,pincode,800001,176131
bihar,2019,2,pincode,800006,122307
bihar,2019,2,pincode,800020,108548
bihar,2019,2,pincode,845401,76909
bihar,2019,2,pincode,845438,61028
bihar,2019,2,pincode,823001,59743
bihar,2019,2,pincode,842001,52549
bihar,2019,2,pincode,801503,51154
bihar,2019,2,pincode,802301,50446
bihar,2019,2,pincode,812001,50398
bihar,2019,3,district,patna,1180262
bihar,2019,3,district,muzaffarpur,396343
bihar,2019,3,district,purbi champaran,330361
bihar,2019,3,district,gaya,315649
bihar,2019,3,district,samastipur,262875
bihar,2019,3,district,darbhanga,262421
bihar,2019,3,district,saran,260966
bihar,2019,3,district,pashchim champaran,256491
bihar,2019,3,district,madhubani,255761
bihar,2019,3,district,bhagalpur,249214
bihar,2019,3,pincode,800001,194197
bihar,2019,3,pincode,800006,131686
bihar,2019,3,pincode,800020,117437
bihar,2019,3,pincode,845401,85543
bihar,2019,3,pincode,845438,68041
bihar,2019,3,pincode,823001,65720
bihar,2019,3,pincode,842001,58919
bihar,2019,3,pincode,801503,56571
bihar,2019,3,pincode,812001,55738
bihar,2019,3,pincode,802301,55612
bihar,2019,4,district,patna,1289426
bihar,2019,4,district,muzaffarpur,445815
bihar,2019,4,district,purbi champaran,378861
bihar,2019,4,district,gaya,356225
bihar,2019,4,district,samastipur,297942
bihar,2019,4,district,saran,297022
bihar,2019,4,district,darbhanga,296008
bihar,2019,4,district,pashchim champaran,293867
bihar,2019,4,district,madhubani,291613
bihar,2019,4,district,bhagalpur,279580
bihar,2019,4,pincode,800001,210421
bihar,2019,4,pincode,800006,141267
bihar,2019,4,pincode,800020,126595
bihar,2019,4,pincode,845401,95162
bihar,2019,4,pincode,845438,76410
bihar,2019,4,pincode,823001,71999
bihar,2019,4,pincode,842001,64740
bihar,2019,4,pincode,801503,61692
bihar,2019,4,pincode,802301,61027
bihar,2019,4,pincode,812001,60690
bihar,2021,1,district,patna,1881439
bihar,2021,1,district,muzaffarpur,728384
bihar,2021,1,district,purbi champaran,681660
bihar,2021,1,district,gaya,581376
bihar,2021,1,district,pashchim champaran,517219
bihar,2021,1,district,saran,507177
bihar,2021,1,district,darbhanga,506381
bihar,2021,1,district,madhubani,506293
bihar,2021,1,district,samastipur,505806
bihar,2021,1,district,vaishali,463655
bihar,2021,1,pincode,800001,291064
bihar,2021,1,pincode,800006,188807
bihar,2021,1,pincode,800020,176118
bihar,2021,1,pincode,845401,151249
bihar,2021,1,pincode,845438,124418
bihar,2021,1,pincode,823001,106623
bihar,2021,1,pincode,842001,96473
bihar,2021,1,pincode,846004,92791
bihar,2021,1,pincode,801503,91718
bihar,2021,1,pincode,802301,91053
bihar,2021,2,district,patna,2010353
bihar,2021,2,district,muzaffarpur,781251
bihar,2021,2,district,purbi champaran,733817
bihar,2021,2,district,gaya,624010
bihar,2021,2,district,pashchim champaran,556408
bihar,2021,2,district,saran,544975
bihar,2021,2,district,samastipur,543782
bihar,2021,2,district,darbhanga,543496
bihar,2021,2,district,madhubani,543493
bihar,2021,2,district,vaishali,497933
bihar,2021,2,pincode,800001,310396
bihar,2021,2,pincode,800006,201509
bihar,2021,2,pincode,800020,187797
bihar,2021,2,pincode,845401,162194
bihar,2021,2,pincode,845438,133423
bihar,2021,2,pincode,823001,113959
bihar,2021,2,pincode,842001,103177
bihar,2021,2,pincode,846004,99223
bihar,2021,2,pincode,801503,98037
bihar,2021,2,pincode,802301,97433
bihar,2021,3,district,patna,2156402
bihar,2021,3,district,muzaffarpur,842701
bihar,2021,3,district,purbi champaran,794120
bihar,2021,3,district,gaya,673356
bihar,2021,3,district,pashchim champaran,602251
bihar,2021,3,district,saran,588276
bihar,2021,3,district,madhubani,587337
bihar,2021,3,district,samastipur,586990
bihar,2021,3,district,darbhanga,586251
bihar,2021,3,district,vaishali,536933
bihar,2021,3,pincode,800001,331994
bihar,2021,3,pincode,800006,215907
bihar,2021,3,pincode,800020,200899
bihar,2021,3,pincode,845401,174765
bihar,2021,3,pincode,845438,143642
bihar,2021,3,pincode,823001,122153
bihar,2021,3,pincode,842001,110719
bihar,2021,3,pincode,846004,106541
bihar,2021,3,pincode,801503,105096
bihar,2021,3,pincode,802301,104690
bihar,2021,4,district,patna,2303852
bihar,2021,4,district,muzaffarpur,903775
bihar,2021,4,district,purbi champaran,853893
bihar,2021,4,district,gaya,721905
bihar,2021,4,district,pashchim champaran,647450
bihar,2021,4,district,saran,631469
bihar,2021,4,district,samastipur,630218
bihar,2021,4,district,madhubani,629986
bihar,2021,4,district,darbhanga,628529
bihar,2021,4,district,vaishali,576156
bihar,2021,4,pincode,800001,354049
bihar,2021,4,pincode,800006,230673
bihar,2021,4,pincode,800020,214343
bihar,2021,4,pincode,845401,187426
bihar,2021,4,pincode,845438,154094
bihar,2021,4,pincode,823001,130535
bihar,2021,4,pincode,842001,118411
bihar,2021,4,pincode,846004,113937
bihar,2021,4,pincode,801503,112216
bihar,2021,4,pincode,802301,112066
bihar,2020,1,district,patna,1397342
bihar,2020,1,district,muzaffarpur,498548
bihar,2020,1,district,purbi champaran,431458
bihar,2020,1,district,gaya,398678
bihar,2020,1,district,saran,335039
bihar,2020,1,district,samastipur,334935
bihar,2020,1,district,pashchim champaran,334931
bihar,2020,1,district,darbhanga,332707
bihar,2020,1,district,madhubani,328630
bihar,2020,1,district,vaishali,312949
bihar,2020,1,pincode,800001,226061
bihar,2020,1,pincode,800006,149937
bihar,2020,1,pincode,800020,135524
bihar,2020,1,pincode,845401,105308
bihar,2020,1,pincode,845438,85599
bihar,2020,1,pincode,823001,78258
bihar,2020,1,pincode,842001,70891
bihar,2020,1,pincode,801503,66952
bihar,2020,1,pincode,846004,66311
bihar,2020,1,pincode,802301,66179
bihar,2020,2,district,patna,1506233
bihar,2020,2,district,muzaffarpur,558435
bihar,2020,2,district,purbi champaran,505364
bihar,2020,2,district,gaya,447895
bihar,2020,2,district,pashchim champaran,390547
bihar,2020,2,district,samastipur,381913
bihar,2020,2,district,saran,381281
bihar,2020,2,district,darbhanga,379555
bihar,2020,2,district,madhubani,379217
bihar,2020,2,district,bhagalpur,352316
bihar,2020,2,pincode,800001,239180
bihar,2020,2,pincode,800006,156697
bihar,2020,2,pincode,800020,143564
bihar,2020,2,pincode,845401,116500
bihar,2020,2,pincode,845438,95794
bihar,2020,2,pincode,823001,84238
bihar,2020,2,pincode,842001,76881
bihar,2020,2,pincode,801503,72440
bihar,2020,2,pincode,846004,72384
bihar,2020,2,pincode,802301,71937
bihar,2020,3,district,patna,1625305
bihar,2020,3,district,muzaffarpur,617383
bihar,2020,3,district,purbi champaran,570592
bihar,2020,3,district,gaya,493207
bihar,2020,3,district,pashchim champaran,435319
bihar,2020,3,district,madhubani,425154
bihar,2020,3,district,saran,424821
bihar,2020,3,district,samastipur,424696
bihar,2020,3,district,darbhanga,424611
bihar,2020,3,district,vaishali,391002
bihar,2020,3,pincode,800001,254577
bihar,2020,3,pincode,800006,165587
bihar,2020,3,pincode,800020,153436
bihar,2020,3,pincode,845401,128397
bihar,2020,3,pincode,845438,105491
bihar,2020,3,pincode,823001,91491
bihar,2020,3,pincode,842001,83156
bihar,2020,3,pincode,846004,79075
bihar,2020,3,pincode,801503,78835
bihar,2020,3,pincode,802301,77893
bihar,2020,4,district,patna,1752007
bihar,2020,4,district,muzaffarpur,673397
bihar,2020,4,district,purbi champaran,627214
bihar,2020,4,district,gaya,538319
bihar,2020,4,district,pashchim champaran,476717
bihar,2020,4,district,saran,467918
bihar,2020,4,district,madhubani,467849
bihar,2020,4,district,darbhanga,467317
bihar,2020,4,district,samastipur,466536
bihar,2020,4,district,bhagalpur,428157
bihar,2020,4,pincode,800001,271953
bihar,2020,4,pincode,800006,176286
bihar,2020,4,pincode,800020,164391
bihar,2020,4,pincode,845401,139691
bihar,2020,4,pincode,845438,114907
bihar,2020,4,pincode,823001,98986
bihar,2020,4,pincode,842001,89605
bihar,2020,4,pincode,846004,85920
bihar,2020,4,pincode,801503,85326
bihar,2020,4,pincode,802301,84588
bihar,2018,1,district,patna,425009
bihar,2018,1,district,muzaffarpur,125298
bihar,2018,1,district,gaya,91015
bihar,2018,1,district,purbi champaran,87561
bihar,2018,1,district,samastipur,76068
bihar,2018,1,district,bhagalpur,76063
bihar,2018,1,district,nalanda,75201
bihar,2018,1,district,darbhanga,74414
bihar,2018,1,district,vaishali,67921
bihar,2018,1,district,pashchim champaran,67656
bihar,2018,1,pincode,800001,71092
bihar,2018,1,pincode,800006,51989
bihar,2018,1,pincode,800020,46299
bihar,2018,1,pincode,845401,26349
bihar,2018,1,pincode,823001,22311
bihar,2018,1,pincode,801503,20404
bihar,2018,1,pincode,845438,20223
bihar,2018,1,pincode,842001,20084
bihar,2018,1,pincode,812001,20071
bihar,2018,1,pincode,842002,20024
bihar,2018,2,district,patna,568657
bihar,2018,2,district,muzaffarpur,172315
bihar,2018,2,district,gaya,126422
bihar,2018,2,district,purbi champaran,125890
bihar,2018,2,district,samastipur,107143
bihar,2018,2,district,bhagalpur,106461
bihar,2018,2,district,darbhanga,105558
bihar,2018,2,district,nalanda,104076
bihar,2018,2,district,pashchim champaran,97301
bihar,2018,2,district,vaishali,96694
bihar,2018,2,pincode,800001,94711
bihar,2018,2,pincode,800006,68659
bihar,2018,2,pincode,800020,60774
bihar,2018,2,pincode,845401,36977
bihar,2018,2,pincode,823001,30395
bihar,2018,2,pincode,845438,28375
bihar,2018,2,pincode,842001,27334
bihar,2018,2,pincode,801503,27233
bihar,2018,2,pincode,812001,26979
bihar,2018,2,pincode,842002,26341
bihar,2018,3,district,patna,684421
bihar,2018,3,district,muzaffarpur,211519
bihar,2018,3,district,purbi champaran,162122
bihar,2018,3,district,gaya,160375
bihar,2018,3,district,samastipur,134680
bihar,2018,3,district,darbhanga,132803
bihar,2018,3,district,bhagalpur,131270
bihar,2018,3,district,nalanda,128472
bihar,2018,3,district,pashchim champaran,124955
bihar,2018,3,district,saran,123407
bihar,2018,3,pincode,800001,112494
bihar,2018,3,pincode,800006,82368
bihar,2018,3,pincode,800020,72430
bihar,2018,3,pincode,845401,45977
bihar,2018,3,pincode,823001,37326
bihar,2018,3,pincode,845438,35432
bihar,2018,3,pincode,842001,32797
bihar,2018,3,pincode,801503,32597
bihar,2018,3,pincode,812001,31778
bihar,2018,3,pincode,842002,31195
bihar,2018,4,district,patna,826399
bihar,2018,4,district,muzaffarpur,260789
bihar,2018,4,district,purbi champaran,206934
bihar,2018,4,district,gaya,203926
bihar,2018,4,district,samastipur,169774
bihar,2018,4,district,darbhanga,167302
bihar,2018,4,district,bhagalpur,164162
bihar,2018,4,district,saran,161486
bihar,2018,4,district,pashchim champaran,161063
bihar,2018,4,district,nalanda,160167
bihar,2018,4,pincode,800001,134254
bihar,2018,4,pincode,800006,97937
bihar,2018,4,pincode,800020,86072
bihar,2018,4,pincode,845401,56938
bihar,2018,4,pincode,823001,46023
bihar,2018,4,pincode,845438,44617
bihar,2018,4,pincode,842001,39428
bihar,2018,4,pincode,801503,39106
bihar,2018,4,pincode,812001,38300
bihar,2018,4,pincode,802301,38256
jharkhand,2022,1,district,ranchi,1115386
jharkhand,2022,1,district,dhanbad,862955
jharkhand,2022,1,district,east singhbhum,728043
jharkhand,2022,1,district,bokaro,626182
jharkhand,2022,1,district,hazaribagh,485388
jharkhand,2022,1,district,giridih,387949
jharkhand,2022,1,district,deoghar,375345
jharkhand,2022,1,district,palamu,333409
jharkhand,2022,1,district,ramgarh,284993
jharkhand,2022,1,district,saraikela kharsawan,234284
jharkhand,2022,1,pincode,834001,296441
jharkhand,2022,1,pincode,826001,146243
jharkhand,2022,1,pincode,827013,120585
jharkhand,2022,1,pincode,815353,108014
jharkhand,2022,1,pincode,831001,96699
jharkhand,2022,1,pincode,825303,95743
jharkhand,2022,1,pincode,834002,82470
jharkhand,2022,1,pincode,832108,77368
jharkhand,2022,1,pincode,825409,68925
jharkhand,2022,1,pincode,832107,68755
jharkhand,2022,2,district,ranchi,1176707
jharkhand,2022,2,district,dhanbad,910885
jharkhand,2022,2,district,east singhbhum,767451
jharkhand,2022,2,district,bokaro,661123
jharkhand,2022,2,district,hazaribagh,513316
jharkhand,2022,2,district,giridih,411014
jharkhand,2022,2,district,deoghar,397542
jharkhand,2022,2,district,palamu,353653
jharkhand,2022,2,district,ramgarh,301481
jharkhand,2022,2,district,saraikela kharsawan,247346
jharkhand,2022,2,pincode,834001,312393
jharkhand,2022,2,pincode,826001,154052
jharkhand,2022,2,pincode,827013,127298
jharkhand,2022,2,pincode,815353,114546
jharkhand,2022,2,pincode,831001,101772
jharkhand,2022,2,pincode,825303,101120
jharkhand,2022,2,pincode,834002,86847
jharkhand,2022,2,pincode,832108,81602
jharkhand,2022,2,pincode,825409,72941
jharkhand,2022,2,pincode,832107,72439
jharkhand,2022,3,district,ranchi,1240013
jharkhand,2022,3,district,dhanbad,961257
jharkhand,2022,3,district,east singhbhum,808077
jharkhand,2022,3,district,bokaro,697249
jharkhand,2022,3,district,hazaribagh,542145
jharkhand,2022,3,district,giridih,434250
jharkhand,2022,3,district,deoghar,420404
jharkhand,2022,3,district,palamu,374369
jharkhand,2022,3,district,ramgarh,318524
jharkhand,2022,3,district,saraikela kharsawan,260605
jharkhand,2022,3,pincode,834001,329046
jharkhand,2022,3,pincode,826001,162195
jharkhand,2022,3,pincode,827013,134187
jharkhand,2022,3,pincode,815353,121429
jharkhand,2022,3,pincode,831001,107039
jharkhand,2022,3,pincode,825303,106810
jharkhand,2022,3,pincode,834002,91392
jharkhand,2022,3,pincode,832108,86036
jharkhand,2022,3,pincode,825409,77097
jharkhand,2022,3,pincode,832107,76283
jharkhand,2022,4,district,ranchi,1301412
jharkhand,2022,4,district,dhanbad,1009397
jharkhand,2022,4,district,east singhbhum,847360
jharkhand,2022,4,district,bokaro,731714
jharkhand,2022,4,district,hazaribagh,569551
jharkhand,2022,4,district,giridih,454873
jharkhand,2022,4,district,deoghar,441349
jharkhand,2022,4,district,palamu,393187
jharkhand,2022,4,district,ramgarh,334310
jharkhand,2022,4,district,saraikela kharsawan,272780
jharkhand,2022,4,pincode,834001,345775
jharkhand,2022,4,pincode,826001,170390
jharkhand,2022,4,pincode,827013,141023
jharkhand,2022,4,pincode,815353,127685
jharkhand,2022,4,pincode,825303,112498
jharkhand,2022,4,pincode,831001,112288
jharkhand,2022,4,pincode,834002,95925
jharkhand,2022,4,pincode,832108,90318
jharkhand,2022,4,pincode,825409,81101
jharkhand,2022,4,pincode,832107,80065
jharkhand,2024,1,district,ranchi,1584765
jharkhand,2024,1,district,dhanbad,1234913
jharkhand,2024,1,district,east singhbhum,1032308
jharkhand,2024,1,district,bokaro,897500
jharkhand,2024,1,district,hazaribagh,702582
jharkhand,2024,1,district,giridih,563876
jharkhand,2024,1,district,deoghar,546402
jharkhand,2024,1,district,palamu,488959
jharkhand,2024,1,district,ramgarh,411863
jharkhand,2024,1,district,saraikela kharsawan,334955
jharkhand,2024,1,pincode,834001,418181
jharkhand,2024,1,pincode,826001,206099
jharkhand,2024,1,pincode,827013,172328
jharkhand,2024,1,pincode,815353,158731
jharkhand,2024,1,pincode,825303,137641
jharkhand,2024,1,pincode,831001,135678
jharkhand,2024,1,pincode,834002,115573
jharkhand,2024,1,pincode,832108,110144
jharkhand,2024,1,pincode,825409,100070
jharkhand,2024,1,pincode,832107,97712
jharkhand,2024,2,district,ranchi,1643401
jharkhand,2024,2,district,dhanbad,1281663
jharkhand,2024,2,district,east singhbhum,1071026
jharkhand,2024,2,district,bokaro,931807
jharkhand,2024,2,district,hazaribagh,729302
jharkhand,2024,2,district,giridih,585561
jharkhand,2024,2,district,deoghar,567684
jharkhand,2024,2,district,palamu,507883
jharkhand,2024,2,district,ramgarh,427745
jharkhand,2024,2,district,saraikela kharsawan,347684
jharkhand,2024,2,pincode,834001,433330
jharkhand,2024,2,pincode,826001,213687
jharkhand,2024,2,pincode,827013,178946
jharkhand,2024,2,pincode,815353,165018
jharkhand,2024,2,pincode,825303,142712
jharkhand,2024,2,pincode,831001,140731
jharkhand,2024,2,pincode,834002,119691
jharkhand,2024,2,pincode,832108,114279
jharkhand,2024,2,pincode,825409,103843
jharkhand,2024,2,pincode,832107,101382
jharkhand,2024,3,district,ranchi,1872419
jharkhand,2024,3,district,dhanbad,1181029
jharkhand,2024,3,district,east singhbhum,1027203
jharkhand,2024,3,district,bokaro,842271
jharkhand,2024,3,district,hazaribag,799110
jharkhand,2024,3,district,giridih,713603
jharkhand,2024,3,district,deoghar,671808
jharkhand,2024,3,district,palamu,636687
jharkhand,2024,3,district,ramgarh,429178
jharkhand,2024,3,district,garhwa,397627
jharkhand,2024,3,pincode,834001,570264
jharkhand,2024,3,pincode,826001,212114
jharkhand,2024,3,pincode,825301,186009
jharkhand,2024,3,pincode,831012,174335
jharkhand,2024,3,pincode,827013,158207
jharkhand,2024,3,pincode,814112,152004
jharkhand,2024,3,pincode,831001,143940
jharkhand,2024,3,pincode,834002,136842
jharkhand,2024,3,pincode,815353,129864
jharkhand,2024,3,pincode,822114,120966
jharkhand,2024,4,district,ranchi,1925740
jharkhand,2024,4,district,dhanbad,1217905
jharkhand,2024,4,district,east singhbhum,1058824
jharkhand,2024,4,district,bokaro,870396
jharkhand,2024,4,district,hazaribag,828548
jharkhand,2024,4,district,giridih,747541
jharkhand,2024,4,district,deoghar,695715
jharkhand,2024,4,district,palamu,667463
jharkhand,2024,4,district,ramgarh,443708
jharkhand,2024,4,district,garhwa,419043
jharkhand,2024,4,pincode,834001,582216
jharkhand,2024,4,pincode,826001,218699
jharkhand,2024,4,pincode,825301,189435
jharkhand,2024,4,pincode,831012,179873
jharkhand,2024,4,pincode,827013,162923
jharkhand,2024,4,pincode,814112,156834
jharkhand,2024,4,pincode,831001,146025
jharkhand,2024,4,pincode,834002,140330
jharkhand,2024,4,pincode,815353,134570
jharkhand,2024,4,pincode,822114,125580
jharkhand,2023,1,district,ranchi,1361772
jharkhand,2023,1,district,dhanbad,1056568
jharkhand,2023,1,district,east singhbhum,886341
jharkhand,2023,1,district,bokaro,766067
jharkhand,2023,1,district,hazaribagh,596924
jharkhand,2023,1,district,giridih,477295
jharkhand,2023,1,district,deoghar,463198
jharkhand,2023,1,district,palamu,412757
jharkhand,2023,1,district,ramgarh,350515
jharkhand,2023,1,district,saraikela kharsawan,285388
jharkhand,2023,1,pincode,834001,361778
jharkhand,2023,1,pincode,826001,178130
jharkhand,2023,1,pincode,827013,147650
jharkhand,2023,1,pincode,815353,134073
jharkhand,2023,1,pincode,825303,117868
jharkhand,2023,1,pincode,831001,117405
jharkhand,2023,1,pincode,834002,100178
jharkhand,2023,1,pincode,832108,94485
jharkhand,2023,1,pincode,825409,85009
jharkhand,2023,1,pincode,832107,83800
jharkhand,2023,2,district,ranchi,1415752
jharkhand,2023,2,district,dhanbad,1099543
jharkhand,2023,2,district,east singhbhum,921184
jharkhand,2023,2,district,bokaro,797723
jharkhand,2023,2,district,hazaribagh,622872
jharkhand,2023,2,district,giridih,499487
jharkhand,2023,2,district,deoghar,483926
jharkhand,2023,2,district,palamu,431928
jharkhand,2023,2,district,ramgarh,365384
jharkhand,2023,2,district,saraikela kharsawan,297520
jharkhand,2023,2,pincode,834001,375215
jharkhand,2023,2,pincode,826001,184800
jharkhand,2023,2,pincode,827013,153474
jharkhand,2023,2,pincode,815353,140185
jharkhand,2023,2,pincode,825303,122527
jharkhand,2023,2,pincode,831001,121661
jharkhand,2023,2,pincode,834002,103789
jharkhand,2023,2,pincode,832108,98171
jharkhand,2023,2,pincode,825409,88723
jharkhand,2023,2,pincode,832107,87073
jharkhand,2023,3,district,ranchi,1472886
jharkhand,2023,3,district,dhanbad,1145055
jharkhand,2023,3,district,east singhbhum,958456
jharkhand,2023,3,district,bokaro,830731
jharkhand,2023,3,district,hazaribagh,649586
jharkhand,2023,3,district,giridih,520993
jharkhand,2023,3,district,deoghar,504651
jharkhand,2023,3,district,palamu,450874
jharkhand,2023,3,district,ramgarh,380913
jharkhand,2023,3,district,saraikela kharsawan,310059
jharkhand,2023,3,pincode,834001,389874
jharkhand,2023,3,pincode,826001,192089
jharkhand,2023,3,pincode,827013,159755
jharkhand,2023,3,pincode,815353,146378
jharkhand,2023,3,pincode,825303,127486
jharkhand,2023,3,pincode,831001,126430
jharkhand,2023,3,pincode,834002,107816
jharkhand,2023,3,pincode,832108,102231
jharkhand,2023,3,pincode,825409,92468
jharkhand,2023,3,pincode,832107,90713
jharkhand,2023,4,district,ranchi,1524444
jharkhand,2023,4,district,dhanbad,1186497
jharkhand,2023,4,district,east singhbhum,992524
jharkhand,2023,4,district,bokaro,861553
jharkhand,2023,4,district,hazaribagh,673853
jharkhand,2023,4,district,giridih,540555
jharkhand,2023,4,district,deoghar,523947
jharkhand,2023,4,district,palamu,468199
jharkhand,2023,4,district,ramgarh,395054
jharkhand,2023,4,district,saraikela kharsawan,321437
jharkhand,2023,4,pincode,834001,402901
jharkhand,2023,4,pincode,826001,198414
jharkhand,2023,4,pincode,827013,165590
jharkhand,2023,4,pincode,815353,152156
jharkhand,2023,4,pincode,825303,132183
jharkhand,2023,4,pincode,831001,130659
jharkhand,2023,4,pincode,834002,111447
jharkhand,2023,4,pincode,832108,105935
jharkhand,2023,4,pincode,825409,96009
jharkhand,2023,4,pincode,832107,93923
jharkhand,2019,1,district,ranchi,386608
jharkhand,2019,1,district,dhanbad,313255
jharkhand,2019,1,district,east singhbhum,256344
jharkhand,2019,1,district,bokaro,235969
jharkhand,2019,1,district,hazaribagh,151904
jharkhand,2019,1,district,giridih,123889
jharkhand,2019,1,district,deoghar,97449
jharkhand,2019,1,district,palamu,94917
jharkhand,2019,1,district,ramgarh,93606
jharkhand,2019,1,district,saraikela kharsawan,81052
jharkhand,2019,1,pincode,834001,112703
jharkhand,2019,1,pincode,826001,56790
jharkhand,2019,1,pincode,827013,48155
jharkhand,2019,1,pincode,831001,37652
jharkhand,2019,1,pincode,825303,33318
jharkhand,2019,1,pincode,834002,30520
jharkhand,2019,1,pincode,832108,29975
jharkhand,2019,1,pincode,834008,24357
jharkhand,2019,1,pincode,825409,24233
jharkhand,2019,1,pincode,834005,24142
jharkhand,2019,2,district,ranchi,441616
jharkhand,2019,2,district,dhanbad,350861
jharkhand,2019,2,district,east singhbhum,293761
jharkhand,2019,2,district,bokaro,263361
jharkhand,2019,2,district,hazaribagh,174278
jharkhand,2019,2,district,giridih,140800
jharkhand,2019,2,district,deoghar,115129
jharkhand,2019,2,district,palamu,109508
jharkhand,2019,2,district,ramgarh,106681
jharkhand,2019,2,district,saraikela kharsawan,91579
jharkhand,2019,2,pincode,834001,128715
jharkhand,2019,2,pincode,826001,64230
jharkhand,2019,2,pincode,827013,53157
jharkhand,2019,2,pincode,831001,42814
jharkhand,2019,2,pincode,825303,37882
jharkhand,2019,2,pincode,834002,34707
jharkhand,2019,2,pincode,832108,33258
jharkhand,2019,2,pincode,834008,27603
jharkhand,2019,2,pincode,825409,27261
jharkhand,2019,2,pincode,834005,27249
jharkhand,2019,3,district,ranchi,495155
jharkhand,2019,3,district,dhanbad,388528
jharkhand,2019,3,district,east singhbhum,329319
jharkhand,2019,3,district,bokaro,290252
jharkhand,2019,3,district,hazaribagh,196452
jharkhand,2019,3,district,giridih,155689
jharkhand,2019,3,district,deoghar,132603
jharkhand,2019,3,district,palamu,123609
jharkhand,2019,3,district,ramgarh,119804
jharkhand,2019,3,district,saraikela kharsawan,101247
jharkhand,2019,3,pincode,834001,144151
jharkhand,2019,3,pincode,826001,71185
jharkhand,2019,3,pincode,827013,58368
jharkhand,2019,3,pincode,831001,47767
jharkhand,2019,3,pincode,825303,42673
jharkhand,2019,3,pincode,834002,38891
jharkhand,2019,3,pincode,832108,36551
jharkhand,2019,3,pincode,815353,32458
jharkhand,2019,3,pincode,834008,30854
jharkhand,2019,3,pincode,834005,30404
jharkhand,2019,4,district,ranchi,548293
jharkhand,2019,4,district,dhanbad,436201
jharkhand,2019,4,district,east singhbhum,364379
jharkhand,2019,4,district,bokaro,322689
jharkhand,2019,4,district,hazaribagh,222038
jharkhand,2019,4,district,giridih,175648
jharkhand,2019,4,district,deoghar,155132
jharkhand,2019,4,district,palamu,141817
jharkhand,2019,4,district,ramgarh,134423
jharkhand,2019,4,district,saraikela kharsawan,112827
jharkhand,2019,4,pincode,834001,158095
jharkhand,2019,4,pincode,826001,78310
jharkhand,2019,4,pincode,827013,64768
jharkhand,2019,4,pincode,831001,52005
jharkhand,2019,4,pincode,825303,47530
jharkhand,2019,4,pincode,834002,42526
jharkhand,2019,4,pincode,832108,40181
jharkhand,2019,4,pincode,815353,39881
jharkhand,2019,4,pincode,834008,33864
jharkhand,2019,4,pincode,834005,33595
jharkhand,2021,1,district,ranchi,853943
jharkhand,2021,1,district,dhanbad,661077
jharkhand,2021,1,district,east singhbhum,560083
jharkhand,2021,1,district,bokaro,480036
jharkhand,2021,1,district,hazaribagh,366460
jharkhand,2021,1,district,giridih,288800
jharkhand,2021,1,district,deoghar,281799
jharkhand,2021,1,district,palamu,247954
jharkhand,2021,1,district,ramgarh,216188
jharkhand,2021,1,district,saraikela kharsawan,177952
jharkhand,2021,1,pincode,834001,229343
jharkhand,2021,1,pincode,826001,113312
jharkhand,2021,1,pincode,827013,93171
jharkhand,2021,1,pincode,815353,80609
jharkhand,2021,1,pincode,831001,75214
jharkhand,2021,1,pincode,825303,73360
jharkhand,2021,1,pincode,834002,64001
jharkhand,2021,1,pincode,832108,59500
jharkhand,2021,1,pincode,832107,52876
jharkhand,2021,1,pincode,825409,52059
jharkhand,2021,2,district,ranchi,913972
jharkhand,2021,2,district,dhanbad,707255
jharkhand,2021,2,district,east singhbhum,598988
jharkhand,2021,2,district,bokaro,513303
jharkhand,2021,2,district,hazaribagh,393223
jharkhand,2021,2,district,giridih,311161
jharkhand,2021,2,district,deoghar,302724
jharkhand,2021,2,district,palamu,267081
jharkhand,2021,2,district,ramgarh,231819
jharkhand,2021,2,district,saraikela kharsawan,190784
jharkhand,2021,2,pincode,834001,244918
jharkhand,2021,2,pincode,826001,120936
jharkhand,2021,2,pincode,827013,99483
jharkhand,2021,2,pincode,815353,86679
jharkhand,2021,2,pincode,831001,80242
jharkhand,2021,2,pincode,825303,78418
jharkhand,2021,2,pincode,834002,68322
jharkhand,2021,2,pincode,832108,63618
jharkhand,2021,2,pincode,832107,56542
jharkhand,2021,2,pincode,825409,55831
jharkhand,2021,3,district,ranchi,982147
jharkhand,2021,3,district,dhanbad,759888
jharkhand,2021,3,district,east singhbhum,642805
jharkhand,2021,3,district,bokaro,551517
jharkhand,2021,3,district,hazaribagh,424328
jharkhand,2021,3,district,giridih,337529
jharkhand,2021,3,district,deoghar,327586
jharkhand,2021,3,district,palamu,289617
jharkhand,2021,3,district,ramgarh,250016
jharkhand,2021,3,district,saraikela kharsawan,205625
jharkhand,2021,3,pincode,834001,262227
jharkhand,2021,3,pincode,826001,129475
jharkhand,2021,3,pincode,827013,106574
jharkhand,2021,3,pincode,815353,94024
jharkhand,2021,3,pincode,831001,85789
jharkhand,2021,3,pincode,825303,84208
jharkhand,2021,3,pincode,834002,73117
jharkhand,2021,3,pincode,832108,68282
jharkhand,2021,3,pincode,832107,60699
jharkhand,2021,3,pincode,825409,60264
jharkhand,2021,4,district,ranchi,1050479
jharkhand,2021,4,district,dhanbad,812467
jharkhand,2021,4,district,east singhbhum,686766
jharkhand,2021,4,district,bokaro,589361
jharkhand,2021,4,district,hazaribagh,455411
jharkhand,2021,4,district,giridih,362829
jharkhand,2021,4,district,deoghar,351728
jharkhand,2021,4,district,palamu,311702
jharkhand,2021,4,district,ramgarh,267710
jharkhand,2021,4,district,saraikela kharsawan,220378
jharkhand,2021,4,pincode,834001,279897
jharkhand,2021,4,pincode,826001,138132
jharkhand,2021,4,pincode,827013,113698
jharkhand,2021,4,pincode,815353,101090
jharkhand,2021,4,pincode,831001,91432
jharkhand,2021,4,pincode,825303,90123
jharkhand,2021,4,pincode,834002,77941
jharkhand,2021,4,pincode,832108,72950
jharkhand,2021,4,pincode,832107,64891
jharkhand,2021,4,pincode,825409,64659
jharkhand,2020,1,district,ranchi,602664
jharkhand,2020,1,district,dhanbad,479075
jharkhand,2020,1,district,east singhbhum,398663
jharkhand,2020,1,district,bokaro,352220
jharkhand,2020,1,district,hazaribagh,248710
jharkhand,2020,1,district,giridih,195939
jharkhand,2020,1,district,deoghar,179746
jharkhand,2020,1,district,palamu,161215
jharkhand,2020,1,district,ramgarh,149467
jharkhand,2020,1,district,saraikela kharsawan,124479
jharkhand,2020,1,pincode,834001,171313
jharkhand,2020,1,pincode,826001,84718
jharkhand,2020,1,pincode,827013,70085
jharkhand,2020,1,pincode,831001,56392
jharkhand,2020,1,pincode,825303,52292
jharkhand,2020,1,pincode,815353,47822
jharkhand,2020,1,pincode,834002,46195
jharkhand,2020,1,pincode,832108,43921
jharkhand,2020,1,pincode,834008,37103
jharkhand,2020,1,pincode,834005,36829
jharkhand,2020,2,district,ranchi,658759
jharkhand,2020,2,district,dhanbad,519732
jharkhand,2020,2,district,east singhbhum,434360
jharkhand,2020,2,district,bokaro,380895
jharkhand,2020,2,district,hazaribagh,276976
jharkhand,2020,2,district,giridih,220721
jharkhand,2020,2,district,deoghar,210740
jharkhand,2020,2,district,palamu,183579
jharkhand,2020,2,district,ramgarh,165378
jharkhand,2020,2,district,saraikela kharsawan,136923
jharkhand,2020,2,pincode,834001,182646
jharkhand,2020,2,pincode,826001,90365
jharkhand,2020,2,pincode,827013,74789
jharkhand,2020,2,pincode,831001,59952
jharkhand,2020,2,pincode,815353,58445
jharkhand,2020,2,pincode,825303,56067
jharkhand,2020,2,pincode,834002,50114
jharkhand,2020,2,pincode,832108,47351
jharkhand,2020,2,pincode,832107,40344
jharkhand,2020,2,pincode,834008,40189
jharkhand,2020,3,district,ranchi,722352
jharkhand,2020,3,district,dhanbad,564484
jharkhand,2020,3,district,east singhbhum,476881
jharkhand,2020,3,district,bokaro,412560
jharkhand,2020,3,district,hazaribagh,306623
jharkhand,2020,3,district,giridih,242810
jharkhand,2020,3,district,deoghar,238221
jharkhand,2020,3,district,palamu,204809
jharkhand,2020,3,district,ramgarh,182149
jharkhand,2020,3,district,saraikela kharsawan,150480
jharkhand,2020,3,pincode,834001,196754
jharkhand,2020,3,pincode,826001,97514
jharkhand,2020,3,pincode,827013,80521
jharkhand,2020,3,pincode,815353,67713
jharkhand,2020,3,pincode,831001,64865
jharkhand,2020,3,pincode,825303,61329
jharkhand,2020,3,pincode,834002,54546
jharkhand,2020,3,pincode,832108,51168
jharkhand,2020,3,pincode,832107,44659
jharkhand,2020,3,pincode,825409,43832
jharkhand,2020,4,district,ranchi,791146
jharkhand,2020,4,district,dhanbad,614521
jharkhand,2020,4,district,east singhbhum,520692
jharkhand,2020,4,district,bokaro,446968
jharkhand,2020,4,district,hazaribagh,337622
jharkhand,2020,4,district,giridih,266388
jharkhand,2020,4,district,deoghar,261144
jharkhand,2020,4,district,palamu,227735
jharkhand,2020,4,district,ramgarh,199908
jharkhand,2020,4,district,saraikela kharsawan,165120
jharkhand,2020,4,pincode,834001,213049
jharkhand,2020,4,pincode,826001,105475
jharkhand,2020,4,pincode,827013,86858
jharkhand,2020,4,pincode,815353,74586
jharkhand,2020,4,pincode,831001,70171
jharkhand,2020,4,pincode,825303,67450
jharkhand,2020,4,pincode,834002,59435
jharkhand,2020,4,pincode,832108,55326
jharkhand,2020,4,pincode,832107,49040
jharkhand,2020,4,pincode,825409,48011
jharkhand,2018,1,district,ranchi,159444
jharkhand,2018,1,district,dhanbad,130195
jharkhand,2018,1,district,east singhbhum,103016
jharkhand,2018,1,district,bokaro,101673
jharkhand,2018,1,district,hazaribagh,56421
jharkhand,2018,1,district,giridih,45940
jharkhand,2018,1,district,ramgarh,37875
jharkhand,2018,1,district,deoghar,35229
jharkhand,2018,1,district,palamu,31788
jharkhand,2018,1,district,saraikela kharsawan,31177
jharkhand,2018,1,pincode,834001,48548
jharkhand,2018,1,pincode,826001,25207
jharkhand,2018,1,pincode,827013,21680
jharkhand,2018,1,pincode,831001,15661
jharkhand,2018,1,pincode,825303,13476
jharkhand,2018,1,pincode,834002,13270
jharkhand,2018,1,pincode,832108,12041
jharkhand,2018,1,pincode,834008,10546
jharkhand,2018,1,pincode,825409,10069
jharkhand,2018,1,pincode,834005,10018
jharkhand,2018,2,district,ranchi,216019
jharkhand,2018,2,district,dhanbad,181348
jharkhand,2018,2,district,east singhbhum,142493
jharkhand,2018,2,district,bokaro,139675
jharkhand,2018,2,district,hazaribagh,78856
jharkhand,2018,2,district,giridih,63248
jharkhand,2018,2,district,ramgarh,51846
jharkhand,2018,2,district,deoghar,50575
jharkhand,2018,2,district,palamu,45659
jharkhand,2018,2,district,saraikela kharsawan,43186
jharkhand,2018,2,pincode,834001,65047
jharkhand,2018,2,pincode,826001,34164
jharkhand,2018,2,pincode,827013,29476
jharkhand,2018,2,pincode,831001,21281
jharkhand,2018,2,pincode,825303,18569
jharkhand,2018,2,pincode,834002,17708
jharkhand,2018,2,pincode,832108,16695
jharkhand,2018,2,pincode,834008,14151
jharkhand,2018,2,pincode,825409,13519
jharkhand,2018,2,pincode,834005,13446
jharkhand,2018,3,district,ranchi,265341
jharkhand,2018,3,district,dhanbad,219103
jharkhand,2018,3,district,east singhbhum,176668
jharkhand,2018,3,district,bokaro,167183
jharkhand,2018,3,district,hazaribagh,99502
jharkhand,2018,3,district,giridih,80440
jharkhand,2018,3,district,deoghar,63814
jharkhand,2018,3,district,ramgarh,63704
jharkhand,2018,3,district,palamu,59382
jharkhand,2018,3,district,saraikela kharsawan,54706
jharkhand,2018,3,pincode,834001,78932
jharkhand,2018,3,pincode,826001,40717
jharkhand,2018,3,pincode,827013,34760
jharkhand,2018,3,pincode,831001,26182
jharkhand,2018,3,pincode,825303,23130
jharkhand,2018,3,pincode,834002,21287
jharkhand,2018,3,pincode,832108,20744
jharkhand,2018,3,pincode,834008,17266
jharkhand,2018,3,pincode,825409,16594
jharkhand,2018,3,pincode,834005,16556
jharkhand,2018,4,district,ranchi,326599
jharkhand,2018,4,district,dhanbad,268439
jharkhand,2018,4,district,east singhbhum,217406
jharkhand,2018,4,district,bokaro,202242
jharkhand,2018,4,district,hazaribagh,126167
jharkhand,2018,4,district,giridih,103118
jharkhand,2018,4,district,deoghar,80669
jharkhand,2018,4,district,ramgarh,78772
jharkhand,2018,4,district,palamu,77478
jharkhand,2018,4,district,saraikela kharsawan,68611
jharkhand,2018,4,pincode,834001,96208
jharkhand,2018,4,pincode,826001,48832
jharkhand,2018,4,pincode,827013,41506
jharkhand,2018,4,pincode,831001,31957
jharkhand,2018,4,pincode,825303,28344
jharkhand,2018,4,pincode,834002,25949
jharkhand,2018,4,pincode,832108,25666
jharkhand,2018,4,pincode,834008,20840
jharkhand,2018,4,pincode,825409,20532
jharkhand,2018,4,pincode,834005,20264
nagaland,2022,1,district,dimapur,124644
nagaland,2022,1,district,kohima,49523
nagaland,2022,1,district,mon,21773
nagaland,2022,1,district,mokokchung,21029
nagaland,2022,1,district,wokha,12743
nagaland,2022,1,district,tuensang,12057
nagaland,2022,1,district,phek,10413
nagaland,2022,1,district,zunheboto,8280
nagaland,2022,1,district,peren,5881
nagaland,2022,1,district,kiphire,5368
nagaland,2022,1,pincode,797112,44337
nagaland,2022,1,pincode,797115,19632
nagaland,2022,1,pincode,797001,17384
nagaland,2022,1,pincode,797103,16093
nagaland,2022,1,pincode,797113,14412
nagaland,2022,1,pincode,798601,13441
nagaland,2022,1,pincode,798621,12565
nagaland,2022,1,pincode,797120,11765
nagaland,2022,1,pincode,797111,11143
nagaland,2022,1,pincode,798612,10400
nagaland,2022,2,district,dimapur,131738
nagaland,2022,2,district,kohima,52343
nagaland,2022,2,district,mon,23037
nagaland,2022,2,district,mokokchung,22136
nagaland,2022,2,district,wokha,13417
nagaland,2022,2,district,tuensang,12747
nagaland,2022,2,district,phek,11005
nagaland,2022,2,district,zunheboto,8753
nagaland,2022,2,district,peren,6212
nagaland,2022,2,district,kiphire,5687
nagaland,2022,2,pincode,797112,46784
nagaland,2022,2,pincode,797115,20737
nagaland,2022,2,pincode,797001,18359
nagaland,2022,2,pincode,797103,17045
nagaland,2022,2,pincode,797113,15229
nagaland,2022,2,pincode,798601,14157
nagaland,2022,2,pincode,798621,13310
nagaland,2022,2,pincode,797120,12440
nagaland,2022,2,pincode,797111,11723
nagaland,2022,2,pincode,798612,10995
nagaland,2022,3,district,dimapur,139011
nagaland,2022,3,district,kohima,55046
nagaland,2022,3,district,mon,24237
nagaland,2022,3,district,mokokchung,23192
nagaland,2022,3,district,wokha,14092
nagaland,2022,3,district,tuensang,13393
nagaland,2022,3,district,phek,11494
nagaland,2022,3,district,zunheboto,9128
nagaland,2022,3,district,peren,6534
nagaland,2022,3,district,kiphire,5963
nagaland,2022,3,pincode,797112,49392
nagaland,2022,3,pincode,797115,21907
nagaland,2022,3,pincode,797001,19352
nagaland,2022,3,pincode,797103,17971
nagaland,2022,3,pincode,797113,16067
nagaland,2022,3,pincode,798601,14866
nagaland,2022,3,pincode,798621,14021
nagaland,2022,3,pincode,797120,13080
nagaland,2022,3,pincode,797111,12325
nagaland,2022,3,pincode,798612,11569
nagaland,2022,4,district,dimapur,145923
nagaland,2022,4,district,kohima,57592
nagaland,2022,4,district,mon,25340
nagaland,2022,4,district,mokokchung,24045
nagaland,2022,4,district,wokha,14702
nagaland,2022,4,district,tuensang,13900
nagaland,2022,4,district,phek,11847
nagaland,2022,4,district,zunheboto,9422
nagaland,2022,4,district,peren,6750
nagaland,2022,4,district,kiphire,6211
nagaland,2022,4,pincode,797112,52003
nagaland,2022,4,pincode,797115,22989
nagaland,2022,4,pincode,797001,20322
nagaland,2022,4,pincode,797103,18788
nagaland,2022,4,pincode,797113,16887
nagaland,2022,4,pincode,798601,15487
nagaland,2022,4,pincode,798621,14736
nagaland,2022,4,pincode,797120,13713
nagaland,2022,4,pincode,797111,12881
nagaland,2022,4,pincode,798612,12037
nagaland,2024,1,district,dimapur,179628
nagaland,2024,1,district,kohima,70998
nagaland,2024,1,district,mon,31941
nagaland,2024,1,district,mokokchung,29997
nagaland,2024,1,district,wokha,18309
nagaland,2024,1,district,tuensang,17533
nagaland,2024,1,district,phek,15014
nagaland,2024,1,district,zunheboto,11884
nagaland,2024,1,district,peren,8518
nagaland,2024,1,district,kiphire,7857
nagaland,2024,1,pincode,797112,63845
nagaland,2024,1,pincode,797115,28359
nagaland,2024,1,pincode,797001,24917
nagaland,2024,1,pincode,797103,23302
nagaland,2024,1,pincode,797113,20658
nagaland,2024,1,pincode,798601,19119
nagaland,2024,1,pincode,798621,18441
nagaland,2024,1,pincode,797120,16884
nagaland,2024,1,pincode,797111,16015
nagaland,2024,1,pincode,798612,15142
nagaland,2024,2,district,dimapur,186894
nagaland,2024,2,district,kohima,73786
nagaland,2024,2,district,mon,33389
nagaland,2024,2,district,mokokchung,31277
nagaland,2024,2,district,wokha,19109
nagaland,2024,2,district,tuensang,18244
nagaland,2024,2,district,phek,15586
nagaland,2024,2,district,zunheboto,12347
nagaland,2024,2,district,peren,8850
nagaland,2024,2,district,kiphire,8155
nagaland,2024,2,pincode,797112,66400
nagaland,2024,2,pincode,797115,29527
nagaland,2024,2,pincode,797001,25855
nagaland,2024,2,pincode,797103,24268
nagaland,2024,2,pincode,797113,21457
nagaland,2024,2,pincode,798601,19934
nagaland,2024,2,pincode,798621,19256
nagaland,2024,2,pincode,797120,17541
nagaland,2024,2,pincode,797111,16723
nagaland,2024,2,pincode,798612,15769
nagaland,2024,3,district,dimapur,151915
nagaland,2024,3,district,kohima,75287
nagaland,2024,3,district,chumoukedima,69452
nagaland,2024,3,district,mon,30747
nagaland,2024,3,district,mokokchung,30298
nagaland,2024,3,district,wokha,17356
nagaland,2024,3,district,tuensang,15288
nagaland,2024,3,district,phek,14031
nagaland,2024,3,district,zunheboto,11546
nagaland,2024,3,district,peren,10338
nagaland,2024,3,pincode,797112,100407
nagaland,2024,3,pincode,797001,44981
nagaland,2024,3,pincode,797115,37861
nagaland,2024,3,pincode,797103,25370
nagaland,2024,3,pincode,798601,19508
nagaland,2024,3,pincode,798612,17752
nagaland,2024,3,pincode,797113,16519
nagaland,2024,3,pincode,797111,15663
nagaland,2024,3,pincode,798621,15436
nagaland,2024,3,pincode,797117,14406
nagaland,2024,4,district,dimapur,156794
nagaland,2024,4,district,kohima,77834
nagaland,2024,4,district,chumoukedima,72338
nagaland,2024,4,district,mon,32068
nagaland,2024,4,district,mokokchung,31411
nagaland,2024,4,district,wokha,18036
nagaland,2024,4,district,tuensang,15950
nagaland,2024,4,district,phek,14609
nagaland,2024,4,district,zunheboto,12099
nagaland,2024,4,district,peren,10820
nagaland,2024,4,pincode,797112,103584
nagaland,2024,4,pincode,797001,46527
nagaland,2024,4,pincode,797115,39223
nagaland,2024,4,pincode,797103,26533
nagaland,2024,4,pincode,798601,20173
nagaland,2024,4,pincode,798612,18561
nagaland,2024,4,pincode,797113,17157
nagaland,2024,4,pincode,797111,16247
nagaland,2024,4,pincode,798621,16093
nagaland,2024,4,pincode,797117,14843
nagaland,2023,1,district,dimapur,152828
nagaland,2023,1,district,kohima,60269
nagaland,2023,1,district,mon,26501
nagaland,2023,1,district,mokokchung,25058
nagaland,2023,1,district,wokha,15357
nagaland,2023,1,district,tuensang,14523
nagaland,2023,1,district,phek,12359
nagaland,2023,1,district,zunheboto,9817
nagaland,2023,1,district,peren,7042
nagaland,2023,1,district,kiphire,6491
nagaland,2023,1,pincode,797112,54514
nagaland,2023,1,pincode,797115,24075
nagaland,2023,1,pincode,797001,21311
nagaland,2023,1,pincode,797103,19650
nagaland,2023,1,pincode,797113,17653
nagaland,2023,1,pincode,798601,16150
nagaland,2023,1,pincode,798621,15416
nagaland,2023,1,pincode,797120,14353
nagaland,2023,1,pincode,797111,13451
nagaland,2023,1,pincode,798612,12576
nagaland,2023,2,district,dimapur,159224
nagaland,2023,2,district,kohima,62890
nagaland,2023,2,district,mon,27813
nagaland,2023,2,district,mokokchung,26232
nagaland,2023,2,district,wokha,16076
nagaland,2023,2,district,tuensang,15272
nagaland,2023,2,district,phek,13007
nagaland,2023,2,district,zunheboto,10327
nagaland,2023,2,district,peren,7407
nagaland,2023,2,district,kiphire,6792
nagaland,2023,2,pincode,797112,56714
nagaland,2023,2,pincode,797115,25083
nagaland,2023,2,pincode,797001,22187
nagaland,2023,2,pincode,797103,20571
nagaland,2023,2,pincode,797113,18355
nagaland,2023,2,pincode,798601,16847
nagaland,2023,2,pincode,798621,16117
nagaland,2023,2,pincode,797120,14966
nagaland,2023,2,pincode,797111,14066
nagaland,2023,2,pincode,798612,13210
nagaland,2023,3,district,dimapur,165789
nagaland,2023,3,district,kohima,65492
nagaland,2023,3,district,mon,29096
nagaland,2023,3,district,mokokchung,27434
nagaland,2023,3,district,wokha,16792
nagaland,2023,3,district,tuensang,15941
nagaland,2023,3,district,phek,13632
nagaland,2023,3,district,zunheboto,10809
nagaland,2023,3,district,peren,7771
nagaland,2023,3,district,kiphire,7130
nagaland,2023,3,pincode,797112,58987
nagaland,2023,3,pincode,797115,26141
nagaland,2023,3,pincode,797001,23066
nagaland,2023,3,pincode,797103,21479
nagaland,2023,3,pincode,797113,19087
nagaland,2023,3,pincode,798601,17551
nagaland,2023,3,pincode,798621,16825
nagaland,2023,3,pincode,797120,15582
nagaland,2023,3,pincode,797111,14690
nagaland,2023,3,pincode,798612,13787
nagaland,2023,4,district,dimapur,172342
nagaland,2023,4,district,kohima,68041
nagaland,2023,4,district,mon,30439
nagaland,2023,4,district,mokokchung,28574
nagaland,2023,4,district,wokha,17479
nagaland,2023,4,district,tuensang,16666
nagaland,2023,4,district,phek,14221
nagaland,2023,4,district,zunheboto,11283
nagaland,2023,4,district,peren,8085
nagaland,2023,4,district,kiphire,7458
nagaland,2023,4,pincode,797112,61244
nagaland,2023,4,pincode,797115,27202
nagaland,2023,4,pincode,797001,23941
nagaland,2023,4,pincode,797103,22351
nagaland,2023,4,pincode,797113,19833
nagaland,2023,4,pincode,798601,18280
nagaland,2023,4,pincode,798621,17626
nagaland,2023,4,pincode,797120,16191
nagaland,2023,4,pincode,797111,15299
nagaland,2023,4,pincode,798612,14404
nagaland,2019,1,district,dimapur,28091
nagaland,2019,1,district,kohima,10747
nagaland,2019,1,district,mokokchung,3721
nagaland,2019,1,district,mon,2458
nagaland,2019,1,district,wokha,1830
nagaland,2019,1,district,phek,1727
nagaland,2019,1,district,tuensang,1678
nagaland,2019,1,district,zunheboto,1374
nagaland,2019,1,district,peren,884
nagaland,2019,1,district,kiphire,862
nagaland,2019,1,pincode,797112,10884
nagaland,2019,1,pincode,797115,3844
nagaland,2019,1,pincode,797001,3735
nagaland,2019,1,pincode,797103,3254
nagaland,2019,1,pincode,797113,3218
nagaland,2019,1,pincode,797120,2536
nagaland,2019,1,pincode,798601,2461
nagaland,2019,1,pincode,797117,2159
nagaland,2019,1,pincode,797118,1945
nagaland,2019,1,pincode,797116,1802
nagaland,2019,2,district,dimapur,34567
nagaland,2019,2,district,kohima,13108
nagaland,2019,2,district,mokokchung,4655
nagaland,2019,2,district,mon,3210
nagaland,2019,2,district,wokha,2411
nagaland,2019,2,district,tuensang,2152
nagaland,2019,2,district,phek,2143
nagaland,2019,2,district,zunheboto,1680
nagaland,2019,2,district,peren,1148
nagaland,2019,2,district,kiphire,1084
nagaland,2019,2,pincode,797112,13452
nagaland,2019,2,pincode,797115,4763
nagaland,2019,2,pincode,797001,4588
nagaland,2019,2,pincode,797103,4080
nagaland,2019,2,pincode,797113,3926
nagaland,2019,2,pincode,797120,3113
nagaland,2019,2,pincode,798601,3021
nagaland,2019,2,pincode,797117,2542
nagaland,2019,2,pincode,797118,2346
nagaland,2019,2,pincode,797116,2197
nagaland,2019,3,district,dimapur,41036
nagaland,2019,3,district,kohima,15677
nagaland,2019,3,district,mokokchung,5593
nagaland,2019,3,district,mon,3976
nagaland,2019,3,district,wokha,2961
nagaland,2019,3,district,phek,2642
nagaland,2019,3,district,tuensang,2599
nagaland,2019,3,district,zunheboto,2058
nagaland,2019,3,district,peren,1377
nagaland,2019,3,district,kiphire,1251
nagaland,2019,3,pincode,797112,15905
nagaland,2019,3,pincode,797115,5760
nagaland,2019,3,pincode,797001,5505
nagaland,2019,3,pincode,797103,4831
nagaland,2019,3,pincode,797113,4659
nagaland,2019,3,pincode,797120,3738
nagaland,2019,3,pincode,798601,3609
nagaland,2019,3,pincode,797117,2952
nagaland,2019,3,pincode,797118,2805
nagaland,2019,3,pincode,797116,2641
nagaland,2019,4,district,dimapur,47000
nagaland,2019,4,district,kohima,18232
nagaland,2019,4,district,mokokchung,6606
nagaland,2019,4,district,mon,4863
nagaland,2019,4,district,wokha,3540
nagaland,2019,4,district,phek,3109
nagaland,2019,4,district,tuensang,3081
nagaland,2019,4,district,zunheboto,2475
nagaland,2019,4,district,peren,1623
nagaland,2019,4,district,kiphire,1460
nagaland,2019,4,pincode,797112,17953
nagaland,2019,4,pincode,797115,6785
nagaland,2019,4,pincode,797001,6391
nagaland,2019,4,pincode,797103,5601
nagaland,2019,4,pincode,797113,5313
nagaland,2019,4,pincode,797120,4367
nagaland,2019,4,pincode,798601,4286
nagaland,2019,4,pincode,797117,3359
nagaland,2019,4,pincode,797118,3231
nagaland,2019,4,pincode,797116,3045
nagaland,2021,1,district,dimapur,94968
nagaland,2021,1,district,kohima,37488
nagaland,2021,1,district,mon,16154
nagaland,2021,1,district,mokokchung,15634
nagaland,2021,1,district,wokha,9531
nagaland,2021,1,district,tuensang,8866
nagaland,2021,1,district,phek,7536
nagaland,2021,1,district,zunheboto,6013
nagaland,2021,1,district,peren,4286
nagaland,2021,1,district,kiphire,3904
nagaland,2021,1,pincode,797112,33978
nagaland,2021,1,pincode,797115,15033
nagaland,2021,1,pincode,797001,13341
nagaland,2021,1,pincode,797103,12013
nagaland,2021,1,pincode,797113,11089
nagaland,2021,1,pincode,798601,10112
nagaland,2021,1,pincode,798621,9441
nagaland,2021,1,pincode,797120,8954
nagaland,2021,1,pincode,797111,8394
nagaland,2021,1,pincode,798612,7691
nagaland,2021,2,district,dimapur,101835
nagaland,2021,2,district,kohima,40277
nagaland,2021,2,district,mon,17389
nagaland,2021,2,district,mokokchung,16857
nagaland,2021,2,district,wokha,10232
nagaland,2021,2,district,tuensang,9565
nagaland,2021,2,district,phek,8134
nagaland,2021,2,district,zunheboto,6487
nagaland,2021,2,district,peren,4641
nagaland,2021,2,district,kiphire,4224
nagaland,2021,2,pincode,797112,36359
nagaland,2021,2,pincode,797115,16111
nagaland,2021,2,pincode,797001,14273
nagaland,2021,2,pincode,797103,12957
nagaland,2021,2,pincode,797113,11847
nagaland,2021,2,pincode,798601,10869
nagaland,2021,2,pincode,798621,10141
nagaland,2021,2,pincode,797120,9601
nagaland,2021,2,pincode,797111,8997
nagaland,2021,2,pincode,798612,8290
nagaland,2021,3,district,dimapur,109644
nagaland,2021,3,district,kohima,43467
nagaland,2021,3,district,mon,18911
nagaland,2021,3,district,mokokchung,18340
nagaland,2021,3,district,wokha,11126
nagaland,2021,3,district,tuensang,10433
nagaland,2021,3,district,phek,8933
nagaland,2021,3,district,zunheboto,7147
nagaland,2021,3,district,peren,5089
nagaland,2021,3,district,kiphire,4626
nagaland,2021,3,pincode,797112,39088
nagaland,2021,3,pincode,797115,17302
nagaland,2021,3,pincode,797001,15315
nagaland,2021,3,pincode,797103,14089
nagaland,2021,3,pincode,797113,12707
nagaland,2021,3,pincode,798601,11793
nagaland,2021,3,pincode,798621,10982
nagaland,2021,3,pincode,797120,10343
nagaland,2021,3,pincode,797111,9751
nagaland,2021,3,pincode,798612,9010
nagaland,2021,4,district,dimapur,117388
nagaland,2021,4,district,kohima,46621
nagaland,2021,4,district,mon,20409
nagaland,2021,4,district,mokokchung,19747
nagaland,2021,4,district,wokha,11994
nagaland,2021,4,district,tuensang,11300
nagaland,2021,4,district,phek,9753
nagaland,2021,4,district,zunheboto,7765
nagaland,2021,4,district,peren,5509
nagaland,2021,4,district,kiphire,5047
nagaland,2021,4,pincode,797112,41813
nagaland,2021,4,pincode,797115,18475
nagaland,2021,4,pincode,797001,16383
nagaland,2021,4,pincode,797103,15128
nagaland,2021,4,pincode,797113,13595
nagaland,2021,4,pincode,798601,12642
nagaland,2021,4,pincode,798621,11795
nagaland,2021,4,pincode,797120,11079
nagaland,2021,4,pincode,797111,10498
nagaland,2021,4,pincode,798612,9750
nagaland,2020,1,district,dimapur,53696
nagaland,2020,1,district,kohima,20644
nagaland,2020,1,district,mokokchung,7626
nagaland,2020,1,district,mon,5747
nagaland,2020,1,district,wokha,4118
nagaland,2020,1,district,phek,3637
nagaland,2020,1,district,tuensang,3634
nagaland,2020,1,district,zunheboto,2898
nagaland,2020,1,district,peren,1899
nagaland,2020,1,district,kiphire,1814
nagaland,2020,1,pincode,797112,20343
nagaland,2020,1,pincode,797115,7928
nagaland,2020,1,pincode,797001,7238
nagaland,2020,1,pincode,797103,6476
nagaland,2020,1,pincode,797113,6010
nagaland,2020,1,pincode,798601,4927
nagaland,2020,1,pincode,797120,4924
nagaland,2020,1,pincode,797117,3793
nagaland,2020,1,pincode,797118,3712
nagaland,2020,1,pincode,797111,3534
nagaland,2020,2,district,dimapur,63398
nagaland,2020,2,district,kohima,24236
nagaland,2020,2,district,mokokchung,9559
nagaland,2020,2,district,mon,7917
nagaland,2020,2,district,wokha,5296
nagaland,2020,2,district,tuensang,4779
nagaland,2020,2,district,phek,4535
nagaland,2020,2,district,zunheboto,3647
nagaland,2020,2,district,peren,2534
nagaland,2020,2,district,kiphire,2423
nagaland,2020,2,pincode,797112,23618
nagaland,2020,2,pincode,797115,9616
nagaland,2020,2,pincode,797001,8487
nagaland,2020,2,pincode,797103,7784
nagaland,2020,2,pincode,797113,7106
nagaland,2020,2,pincode,798601,6168
nagaland,2020,2,pincode,797120,5825
nagaland,2020,2,pincode,797111,4530
nagaland,2020,2,pincode,797117,4398
nagaland,2020,2,pincode,797118,4360
nagaland,2020,3,district,dimapur,79061
nagaland,2020,3,district,kohima,31483
nagaland,2020,3,district,mon,13591
nagaland,2020,3,district,mokokchung,13155
nagaland,2020,3,district,wokha,7980
nagaland,2020,3,district,tuensang,7220
nagaland,2020,3,district,phek,6151
nagaland,2020,3,district,zunheboto,4942
nagaland,2020,3,district,peren,3486
nagaland,2020,3,district,kiphire,3306
nagaland,2020,3,pincode,797112,28305
nagaland,2020,3,pincode,797115,12485
nagaland,2020,3,pincode,797001,11224
nagaland,2020,3,pincode,797103,10053
nagaland,2020,3,pincode,797113,9310
nagaland,2020,3,pincode,798601,8499
nagaland,2020,3,pincode,798621,7957
nagaland,2020,3,pincode,797120,7573
nagaland,2020,3,pincode,797111,7018
nagaland,2020,3,pincode,798612,6295
nagaland,2020,4,district,dimapur,87807
nagaland,2020,4,district,kohima,34872
nagaland,2020,4,district,mon,14932
nagaland,2020,4,district,mokokchung,14511
nagaland,2020,4,district,wokha,8821
nagaland,2020,4,district,tuensang,8177
nagaland,2020,4,district,phek,6888
nagaland,2020,4,district,zunheboto,5541
nagaland,2020,4,district,peren,3919
nagaland,2020,4,district,kiphire,3629
nagaland,2020,4,pincode,797112,31403
nagaland,2020,4,pincode,797115,13893
nagaland,2020,4,pincode,797001,12395
nagaland,2020,4,pincode,797103,11126
nagaland,2020,4,pincode,797113,10273
nagaland,2020,4,pincode,798601,9384
nagaland,2020,4,pincode,798621,8705
nagaland,2020,4,pincode,797120,8363
nagaland,2020,4,pincode,797111,7765
nagaland,2020,4,pincode,798612,7108
nagaland,2018,1,district,dimapur,8249
nagaland,2018,1,district,kohima,3036
nagaland,2018,1,district,mokokchung,1043
nagaland,2018,1,district,mon,525
nagaland,2018,1,district,phek,487
nagaland,2018,1,district,wokha,465
nagaland,2018,1,district,zunheboto,385
nagaland,2018,1,district,tuensang,377
nagaland,2018,1,district,peren,218
nagaland,2018,1,district,kiphire,168
nagaland,2018,1,pincode,797112,3362
nagaland,2018,1,pincode,797001,1100
nagaland,2018,1,pincode,797115,1034
nagaland,2018,1,pincode,797113,968
nagaland,2018,1,pincode,797103,798
nagaland,2018,1,pincode,797120,780
nagaland,2018,1,pincode,797117,764
nagaland,2018,1,pincode,798601,709
nagaland,2018,1,pincode,797118,520
nagaland,2018,1,pincode,797116,514
nagaland,2018,2,district,dimapur,12093
nagaland,2018,2,district,kohima,4395
nagaland,2018,2,district,mokokchung,1616
nagaland,2018,2,district,mon,892
nagaland,2018,2,district,phek,736
nagaland,2018,2,district,wokha,703
nagaland,2018,2,district,tuensang,594
nagaland,2018,2,district,zunheboto,593
nagaland,2018,2,district,peren,358
nagaland,2018,2,district,kiphire,258
nagaland,2018,2,pincode,797112,4838
nagaland,2018,2,pincode,797001,1576
nagaland,2018,2,pincode,797115,1567
nagaland,2018,2,pincode,797113,1440
nagaland,2018,2,pincode,797103,1245
nagaland,2018,2,pincode,798601,1112
nagaland,2018,2,pincode,797120,1068
nagaland,2018,2,pincode,797117,1057
nagaland,2018,2,pincode,797118,800
nagaland,2018,2,pincode,797116,709
nagaland,2018,3,district,dimapur,17039
nagaland,2018,3,district,kohima,6298
nagaland,2018,3,district,mokokchung,2313
nagaland,2018,3,district,mon,1287
nagaland,2018,3,district,phek,1083
nagaland,2018,3,district,wokha,1017
nagaland,2018,3,district,tuensang,934
nagaland,2018,3,district,zunheboto,821
nagaland,2018,3,district,peren,526
nagaland,2018,3,district,kiphire,465
nagaland,2018,3,pincode,797112,6815
nagaland,2018,3,pincode,797115,2224
nagaland,2018,3,pincode,797001,2219
nagaland,2018,3,pincode,797113,1964
nagaland,2018,3,pincode,797103,1872
nagaland,2018,3,pincode,797120,1518
nagaland,2018,3,pincode,798601,1503
nagaland,2018,3,pincode,797117,1384
nagaland,2018,3,pincode,797118,1142
nagaland,2018,3,pincode,797116,1036
nagaland,2018,4,district,dimapur,22603
nagaland,2018,4,district,kohima,8583
nagaland,2018,4,district,mokokchung,2986
nagaland,2018,4,district,mon,1884
nagaland,2018,4,district,phek,1419
nagaland,2018,4,district,wokha,1391
nagaland,2018,4,district,tuensang,1261
nagaland,2018,4,district,zunheboto,1099
nagaland,2018,4,district,peren,710
nagaland,2018,4,district,kiphire,661
nagaland,2018,4,pincode,797112,8894
nagaland,2018,4,pincode,797115,3022
nagaland,2018,4,pincode,797001,2978
nagaland,2018,4,pincode,797113,2589
nagaland,2018,4,pincode,797103,2549
nagaland,2018,4,pincode,797120,2071
nagaland,2018,4,pincode,798601,1972
nagaland,2018,4,pincode,797117,1752
nagaland,2018,4,pincode,797118,1604
nagaland,2018,4,pincode,797116,1410
