state,year,quarter,district,count,amount
andaman-&-nicobar-islands,2022,1,south andaman,692,982206.0
andaman-&-nicobar-islands,2022,1,north and middle andaman,48,85229.0
andaman-&-nicobar-islands,2022,1,nicobars,28,63852.0
andaman-&-nicobar-islands,2022,2,south andaman,430,633029.0
andaman-&-nicobar-islands,2022,2,north and middle andaman,45,90403.0
andaman-&-nicobar-islands,2022,2,nicobars,26,56308.0
andaman-&-nicobar-islands,2022,3,south andaman,535,687813.0
andaman-&-nicobar-islands,2022,3,north and middle andaman,70,129013.0
andaman-&-nicobar-islands,2022,3,nicobars,38,85640.0
andaman-&-nicobar-islands,2022,4,south andaman,750,1114857.0
andaman-&-nicobar-islands,2022,4,north and middle andaman,112,224198.0
andaman-&-nicobar-islands,2022,4,nicobars,39,102155.0
andaman-&-nicobar-islands,2024,1,south andaman,1190,1657627.0
andaman-&-nicobar-islands,2024,1,north and middle andaman,125,229226.0
andaman-&-nicobar-islands,2024,1,nicobars,56,77703.0
andaman-&-nicobar-islands,2024,2,south andaman,974,1513489.0
andaman-&-nicobar-islands,2024,2,north and middle andaman,74,164686.0
andaman-&-nicobar-islands,2024,2,nicobars,49,66519.0
andaman-&-nicobar-islands,2024,3,south andaman,1044,1530179.0
andaman-&-nicobar-islands,2024,3,north and middle andaman,95,151791.0
andaman-&-nicobar-islands,2024,3,nicobar,51,68638.0
andaman-&-nicobar-islands,2024,3,nicobars,1,2192.0
andaman-&-nicobar-islands,2024,4,south andaman,1085,1670015.0
andaman-&-nicobar-islands,2024,4,north and middle andaman,131,219770.0
andaman-&-nicobar-islands,2024,4,nicobar,77,136595.0
andaman-&-nicobar-islands,2023,1,south andaman,872,1172083.0
andaman-&-nicobar-islands,2023,1,north and middle andaman,85,178969.0
andaman-&-nicobar-islands,2023,1,nicobars,47,88146.0
andaman-&-nicobar-islands,2023,2,south andaman,670,1060976.0
andaman-&-nicobar-islands,2023,2,north and middle andaman,56,109742.0
andaman-&-nicobar-islands,2023,2,nicobars,42,62677.0
andaman-&-nicobar-islands,2023,3,south andaman,682,1052324.0
andaman-&-nicobar-islands,2023,3,north and middle andaman,77,133536.0
andaman-&-nicobar-islands,2023,3,nicobars,36,65285.0
andaman-&-nicobar-islands,2023,4,south andaman,1006,1504528.0
andaman-&-nicobar-islands,2023,4,north and middle andaman,95,156995.0
andaman-&-nicobar-islands,2023,4,nicobars,44,96298.0
andaman-&-nicobar-islands,2021,1,south andaman,164,167044.0
andaman-&-nicobar-islands,2021,1,north and middle andaman,48,63978.0
andaman-&-nicobar-islands,2021,1,nicobars,13,13244.0
andaman-&-nicobar-islands,2021,2,south andaman,105,121104.0
andaman-&-nicobar-islands,2021,2,north and middle andaman,28,45311.0
andaman-&-nicobar-islands,2021,2,nicobars,4,15089.0
andaman-&-nicobar-islands,2021,3,south andaman,182,223699.0
andaman-&-nicobar-islands,2021,3,north and middle andaman,33,50997.0
andaman-&-nicobar-islands,2021,3,nicobars,15,30539.0
andaman-&-nicobar-islands,2021,4,south andaman,632,800758.0
andaman-&-nicobar-islands,2021,4,north and middle andaman,81,182061.0
andaman-&-nicobar-islands,2021,4,nicobars,44,73561.0
andaman-&-nicobar-islands,2020,2,nicobars,3,565.0
andaman-&-nicobar-islands,2020,2,south andaman,3,795.0
andaman-&-nicobar-islands,2020,3,south andaman,35,13651.0
andaman-&-nicobar-islands,2020,3,nicobars,5,1448.0
andaman-&-nicobar-islands,2020,3,north and middle andaman,1,281.0
andaman-&-nicobar-islands,2020,4,south andaman,109,137494.0
andaman-&-nicobar-islands,2020,4,north and middle andaman,13,17734.0
andaman-&-nicobar-islands,2020,4,nicobars,2,2747.0
tamil-nadu,2022,1,chennai,9138,9949256.0
tamil-nadu,2022,1,thiruvallur,5793,7146597.0
tamil-nadu,2022,1,coimbatore,4682,6798923.0
tamil-nadu,2022,1,chengalpattu,4588,5867983.0
tamil-nadu,2022,1,kancheepuram,3182,3910459.0
tamil-nadu,2022,1,tiruppur,2393,3287882.0
tamil-nadu,2022,1,madurai,1996,2487362.0
tamil-nadu,2022,1,krishnagiri,1582,2435788.0
tamil-nadu,2022,1,salem,1415,2147587.0
tamil-nadu,2022,1,erode,1139,1890815.0
tamil-nadu,2022,2,chennai,8966,9428379.0
tamil-nadu,2022,2,thiruvallur,5732,6846087.0
tamil-nadu,2022,2,chengalpattu,5135,6248146.0
tamil-nadu,2022,2,coimbatore,4859,6626440.0
tamil-nadu,2022,2,kancheepuram,3162,3846819.0
tamil-nadu,2022,2,tiruppur,2124,2931960.0
tamil-nadu,2022,2,madurai,1698,2180677.0
tamil-nadu,2022,2,krishnagiri,1589,2378328.0
tamil-nadu,2022,2,salem,1359,1934101.0
tamil-nadu,2022,2,erode,1095,1709224.0
tamil-nadu,2022,3,chennai,12059,12069618.0
tamil-nadu,2022,3,thiruvallur,7766,8767762.0
tamil-nadu,2022,3,coimbatore,6704,8554497.0
tamil-nadu,2022,3,chengalpattu,6535,7905304.0
tamil-nadu,2022,3,kancheepuram,4007,4599265.0
tamil-nadu,2022,3,tiruppur,3159,4086616.0
tamil-nadu,2022,3,madurai,2580,3145380.0
tamil-nadu,2022,3,salem,2209,2747178.0
tamil-nadu,2022,3,krishnagiri,2049,2783886.0
tamil-nadu,2022,3,erode,1604,2050237.0
tamil-nadu,2022,4,chennai,21588,21184965.0
tamil-nadu,2022,4,thiruvallur,14602,15650997.0
tamil-nadu,2022,4,coimbatore,12780,15595276.0
tamil-nadu,2022,4,chengalpattu,12532,14457953.0
tamil-nadu,2022,4,tiruppur,8141,9483703.0
tamil-nadu,2022,4,kancheepuram,7909,8581184.0
tamil-nadu,2022,4,madurai,5446,6050332.0
tamil-nadu,2022,4,salem,3949,4750490.0
tamil-nadu,2022,4,tiruchirappalli,3089,3688816.0
tamil-nadu,2022,4,krishnagiri,3025,3993729.0
tamil-nadu,2024,1,chennai,20315,23283126.0
tamil-nadu,2024,1,thiruvallur,13891,17283816.0
tamil-nadu,2024,1,chengalpattu,12435,17039816.0
tamil-nadu,2024,1,coimbatore,10809,16192243.0
tamil-nadu,2024,1,kancheepuram,7773,9969005.0
tamil-nadu,2024,1,tiruppur,5591,7715676.0
tamil-nadu,2024,1,madurai,4067,4939832.0
tamil-nadu,2024,1,krishnagiri,3285,4832657.0
tamil-nadu,2024,1,salem,3249,4460786.0
tamil-nadu,2024,1,erode,2399,3459007.0
tamil-nadu,2024,2,chennai,18043,21201607.0
tamil-nadu,2024,2,thiruvallur,12220,16133783.0
tamil-nadu,2024,2,chengalpattu,10822,15264686.0
tamil-nadu,2024,2,coimbatore,9096,13918959.0
tamil-nadu,2024,2,kancheepuram,6638,8882250.0
tamil-nadu,2024,2,tiruppur,4693,6791083.0
tamil-nadu,2024,2,madurai,3511,4601610.0
tamil-nadu,2024,2,krishnagiri,3015,4726099.0
tamil-nadu,2024,2,salem,2967,4272739.0
tamil-nadu,2024,2,tiruchirappalli,2063,3041944.0
tamil-nadu,2024,3,chennai,35114,42146763.0
tamil-nadu,2024,3,chengalpattu,11242,15837681.0
tamil-nadu,2024,3,coimbatore,11224,17306024.0
tamil-nadu,2024,3,tiruvallur,6791,9622643.0
tamil-nadu,2024,3,tiruppur,6071,8694793.0
tamil-nadu,2024,3,madurai,4876,6055754.0
tamil-nadu,2024,3,krishnagiri,3510,5636921.0
tamil-nadu,2024,3,salem,3448,5124969.0
tamil-nadu,2024,3,kancheepuram,2630,3465360.0
tamil-nadu,2024,3,erode,2519,4021789.0
tamil-nadu,2024,4,chennai,35408,43569170.0
tamil-nadu,2024,4,coimbatore,12866,19222550.0
tamil-nadu,2024,4,chengalpattu,11836,16887124.0
tamil-nadu,2024,4,tiruppur,7641,10484301.0
tamil-nadu,2024,4,tiruvallur,7606,10166523.0
tamil-nadu,2024,4,madurai,5119,6427615.0
tamil-nadu,2024,4,krishnagiri,3802,5691238.0
tamil-nadu,2024,4,salem,3696,5153549.0
tamil-nadu,2024,4,kancheepuram,3048,3716588.0
tamil-nadu,2024,4,erode,2987,4323698.0
tamil-nadu,2023,1,chennai,20140,20511279.0
tamil-nadu,2023,1,thiruvallur,11786,13822733.0
tamil-nadu,2023,1,chengalpattu,10889,13219385.0
tamil-nadu,2023,1,coimbatore,8237,11516151.0
tamil-nadu,2023,1,kancheepuram,6509,7876962.0
tamil-nadu,2023,1,tiruppur,4156,5722551.0
tamil-nadu,2023,1,madurai,3374,4231159.0
tamil-nadu,2023,1,salem,2276,3567805.0
tamil-nadu,2023,1,krishnagiri,2241,3438813.0
tamil-nadu,2023,1,tiruchirappalli,1856,2656812.0
tamil-nadu,2023,2,chennai,15678,16453783.0
tamil-nadu,2023,2,thiruvallur,10840,12569262.0
tamil-nadu,2023,2,chengalpattu,9446,12053100.0
tamil-nadu,2023,2,coimbatore,7642,11108776.0
tamil-nadu,2023,2,kancheepuram,5617,6741272.0
tamil-nadu,2023,2,tiruppur,3632,5133652.0
tamil-nadu,2023,2,madurai,2807,3493908.0
tamil-nadu,2023,2,krishnagiri,2245,3368129.0
tamil-nadu,2023,2,salem,2159,3040483.0
tamil-nadu,2023,2,tiruchirappalli,1715,2570522.0
tamil-nadu,2023,3,chennai,17189,16904783.0
tamil-nadu,2023,3,thiruvallur,11243,13346229.0
tamil-nadu,2023,3,chengalpattu,10034,12400195.0
tamil-nadu,2023,3,coimbatore,9191,12345880.0
tamil-nadu,2023,3,kancheepuram,6210,7517191.0
tamil-nadu,2023,3,tiruppur,4011,5538630.0
tamil-nadu,2023,3,madurai,3482,3880637.0
tamil-nadu,2023,3,salem,2839,3721101.0
tamil-nadu,2023,3,krishnagiri,2762,3917713.0
tamil-nadu,2023,3,tiruchirappalli,2159,2940470.0
tamil-nadu,2023,4,chennai,18144,19953865.0
tamil-nadu,2023,4,thiruvallur,12314,14959202.0
tamil-nadu,2023,4,coimbatore,11552,16411541.0
tamil-nadu,2023,4,chengalpattu,11085,14820002.0
tamil-nadu,2023,4,kancheepuram,6875,8403688.0
tamil-nadu,2023,4,tiruppur,5883,8071753.0
tamil-nadu,2023,4,madurai,4414,5508470.0
tamil-nadu,2023,4,salem,3180,4420307.0
tamil-nadu,2023,4,krishnagiri,3172,4852330.0
tamil-nadu,2023,4,tiruchirappalli,2475,3470880.0
tamil-nadu,2021,1,chennai,2570,2012553.0
tamil-nadu,2021,1,thiruvallur,1592,1272511.0
tamil-nadu,2021,1,chengalpattu,1311,1231310.0
tamil-nadu,2021,1,coimbatore,1256,882626.0
tamil-nadu,2021,1,kancheepuram,934,721686.0
tamil-nadu,2021,1,tiruppur,710,476739.0
tamil-nadu,2021,1,krishnagiri,556,461927.0
tamil-nadu,2021,1,madurai,502,410270.0
tamil-nadu,2021,1,salem,479,373355.0
tamil-nadu,2021,1,erode,368,274543.0
tamil-nadu,2021,2,chennai,2673,2195652.0
tamil-nadu,2021,2,thiruvallur,2066,1899615.0
tamil-nadu,2021,2,coimbatore,1592,1477281.0
tamil-nadu,2021,2,chengalpattu,1477,1417438.0
tamil-nadu,2021,2,kancheepuram,1140,1118225.0
tamil-nadu,2021,2,tiruppur,861,699383.0
tamil-nadu,2021,2,madurai,793,701143.0
tamil-nadu,2021,2,krishnagiri,606,582625.0
tamil-nadu,2021,2,salem,590,519803.0
tamil-nadu,2021,2,erode,455,425242.0
tamil-nadu,2021,3,chennai,4367,3861435.0
tamil-nadu,2021,3,thiruvallur,2885,2839315.0
tamil-nadu,2021,3,coimbatore,2007,1991798.0
tamil-nadu,2021,3,chengalpattu,1893,2088255.0
tamil-nadu,2021,3,kancheepuram,1442,1367259.0
tamil-nadu,2021,3,tiruppur,1193,1061146.0
tamil-nadu,2021,3,madurai,881,881288.0
tamil-nadu,2021,3,krishnagiri,840,869170.0
tamil-nadu,2021,3,salem,805,1004135.0
tamil-nadu,2021,3,erode,625,682937.0
tamil-nadu,2021,4,chennai,5769,6143037.0
tamil-nadu,2021,4,thiruvallur,3895,4604901.0
tamil-nadu,2021,4,coimbatore,2943,4272322.0
tamil-nadu,2021,4,chengalpattu,2877,3652362.0
tamil-nadu,2021,4,tiruppur,2096,2467072.0
tamil-nadu,2021,4,kancheepuram,2055,2467606.0
tamil-nadu,2021,4,madurai,1507,1719722.0
tamil-nadu,2021,4,krishnagiri,1323,1653893.0
tamil-nadu,2021,4,salem,959,1307980.0
tamil-nadu,2021,4,tiruchirappalli,792,1056977.0
tamil-nadu,2020,2,chennai,1251,220843.0
tamil-nadu,2020,2,chengalpattu,922,167660.0
tamil-nadu,2020,2,thiruvallur,723,141152.0
tamil-nadu,2020,2,kancheepuram,426,81310.0
tamil-nadu,2020,2,coimbatore,404,84687.0
tamil-nadu,2020,2,tiruppur,183,39160.0
tamil-nadu,2020,2,vellore,143,27782.0
tamil-nadu,2020,2,madurai,128,27235.0
tamil-nadu,2020,2,krishnagiri,127,27365.0
tamil-nadu,2020,2,tiruchirappalli,118,23932.0
tamil-nadu,2020,3,chennai,1054,285279.0
tamil-nadu,2020,3,coimbatore,932,282409.0
tamil-nadu,2020,3,thiruvallur,823,245818.0
tamil-nadu,2020,3,chengalpattu,683,205559.0
tamil-nadu,2020,3,kancheepuram,517,137966.0
tamil-nadu,2020,3,tiruppur,474,116510.0
tamil-nadu,2020,3,krishnagiri,305,82355.0
tamil-nadu,2020,3,madurai,280,71534.0
tamil-nadu,2020,3,salem,276,76062.0
tamil-nadu,2020,3,tiruchirappalli,242,63698.0
tamil-nadu,2020,4,chennai,1615,1430154.0
tamil-nadu,2020,4,thiruvallur,1001,937498.0
tamil-nadu,2020,4,coimbatore,989,761940.0
tamil-nadu,2020,4,chengalpattu,937,911872.0
tamil-nadu,2020,4,kancheepuram,696,631757.0
tamil-nadu,2020,4,tiruppur,542,423333.0
tamil-nadu,2020,4,krishnagiri,468,393985.0
tamil-nadu,2020,4,madurai,359,345586.0
tamil-nadu,2020,4,salem,341,236999.0
tamil-nadu,2020,4,tiruchirappalli,269,225395.0
lakshadweep,2022,1,lakshadweep,27,34664.0
lakshadweep,2022,2,lakshadweep,18,27463.0
lakshadweep,2022,3,lakshadweep,38,41504.0
lakshadweep,2022,4,lakshadweep,15,27135.0
lakshadweep,2024,1,lakshadweep,15,12935.0
lakshadweep,2024,2,lakshadweep,26,33630.0
lakshadweep,2024,3,lakshadweep,49,55312.0
lakshadweep,2024,4,lakshadweep,159,185542.0
lakshadweep,2023,1,lakshadweep,26,30199.0
lakshadweep,2023,2,lakshadweep,15,38384.0
lakshadweep,2023,3,lakshadweep,12,12407.0
lakshadweep,2023,4,lakshadweep,53,78346.0
lakshadweep,2021,1,lakshadweep,4,5225.0
lakshadweep,2021,2,lakshadweep,5,6962.0
lakshadweep,2021,3,lakshadweep,19,16034.0
lakshadweep,2021,4,lakshadweep,11,17096.0
lakshadweep,2020,3,lakshadweep,4,1199.0
telangana,2022,1,hyderabad,7434,9813417.0
telangana,2022,1,medchal malkajgiri,7300,10383529.0
telangana,2022,1,rangareddy,7261,10851640.0
telangana,2022,1,warangal urban,1844,2603848.0
telangana,2022,1,sangareddy,1654,2731166.0
telangana,2022,1,karimnagar,949,1122703.0
telangana,2022,1,nalgonda,902,1364965.0
telangana,2022,1,khammam,861,1319040.0
telangana,2022,1,mancherial,860,1294290.0
telangana,2022,1,bhadradri kothagudem,809,1305086.0
telangana,2022,2,rangareddy,10065,13653367.0
telangana,2022,2,hyderabad,9542,11365866.0
telangana,2022,2,medchal malkajgiri,8919,11248856.0
telangana,2022,2,sangareddy,2309,2962591.0
telangana,2022,2,warangal urban,2042,2140645.0
telangana,2022,2,karimnagar,1191,1432900.0
telangana,2022,2,nalgonda,1156,1581874.0
telangana,2022,2,bhadradri kothagudem,1097,1306578.0
telangana,2022,2,khammam,1030,1255370.0
telangana,2022,2,mancherial,774,1007355.0
telangana,2022,3,rangareddy,11801,15523643.0
telangana,2022,3,hyderabad,10560,12374531.0
telangana,2022,3,medchal malkajgiri,10158,12806190.0
telangana,2022,3,sangareddy,2789,3682903.0
telangana,2022,3,warangal urban,2301,2550693.0
telangana,2022,3,nalgonda,1410,1593165.0
telangana,2022,3,bhadradri kothagudem,1180,1626914.0
telangana,2022,3,khammam,1096,1388763.0
telangana,2022,3,karimnagar,1050,1412025.0
telangana,2022,3,peddapalle,897,1031748.0
telangana,2022,4,rangareddy,15005,21565381.0
telangana,2022,4,medchal malkajgiri,12852,17986714.0
telangana,2022,4,hyderabad,12819,15945642.0
telangana,2022,4,sangareddy,3439,4978596.0
telangana,2022,4,warangal urban,3013,3748304.0
telangana,2022,4,bhadradri kothagudem,1592,2285868.0
telangana,2022,4,nalgonda,1431,1845429.0
telangana,2022,4,peddapalle,1399,1878146.0
telangana,2022,4,khammam,1348,1907848.0
telangana,2022,4,karimnagar,1283,1902354.0
telangana,2024,1,rangareddy,16320,28043767.0
telangana,2024,1,medchal malkajgiri,13170,22159517.0
telangana,2024,1,hyderabad,11966,18583125.0
telangana,2024,1,sangareddy,3929,5817730.0
telangana,2024,1,warangal urban,2456,3587490.0
telangana,2024,1,nalgonda,1761,2405921.0
telangana,2024,1,bhadradri kothagudem,1519,2237078.0
telangana,2024,1,khammam,1504,2098139.0
telangana,2024,1,karimnagar,1422,2147320.0
telangana,2024,1,mancherial,1273,1841154.0
telangana,2024,2,rangareddy,14737,27179956.0
telangana,2024,2,medchal malkajgiri,11218,19700267.0
telangana,2024,2,hyderabad,10273,16680628.0
telangana,2024,2,sangareddy,3410,6286518.0
telangana,2024,2,warangal urban,1981,3125808.0
telangana,2024,2,nalgonda,1286,1768007.0
telangana,2024,2,khammam,1149,1968801.0
telangana,2024,2,bhadradri kothagudem,1124,1799362.0
telangana,2024,2,karimnagar,1091,1614647.0
telangana,2024,2,mancherial,959,1318494.0
telangana,2024,3,rangareddy,15791,29402130.0
telangana,2024,3,medchal malkajgiri,13882,23616761.0
telangana,2024,3,hyderabad,11059,18340858.0
telangana,2024,3,sangareddy,3650,6867539.0
telangana,2024,3,hanumakonda,1957,2882250.0
telangana,2024,3,nalgonda,1676,2460859.0
telangana,2024,3,khammam,1395,2122048.0
telangana,2024,3,karimnagar,1349,2270276.0
telangana,2024,3,bhadradri kothagudem,1317,2047712.0
telangana,2024,3,nizamabad,1245,2063413.0
telangana,2024,4,rangareddy,18678,32749841.0
telangana,2024,4,medchal malkajgiri,16649,27751990.0
telangana,2024,4,hyderabad,13218,20197399.0
telangana,2024,4,sangareddy,4430,7699707.0
telangana,2024,4,hanumakonda,2280,3654284.0
telangana,2024,4,nalgonda,2062,2721753.0
telangana,2024,4,khammam,1694,2271424.0
telangana,2024,4,karimnagar,1611,2425786.0
telangana,2024,4,bhadradri kothagudem,1585,2225897.0
telangana,2024,4,peddapalli,1508,2185349.0
telangana,2023,1,rangareddy,13622,21152107.0
telangana,2023,1,medchal malkajgiri,11454,16935012.0
telangana,2023,1,hyderabad,10418,14820277.0
telangana,2023,1,sangareddy,3015,4745090.0
telangana,2023,1,warangal urban,2312,3203776.0
telangana,2023,1,nalgonda,1236,1952099.0
telangana,2023,1,karimnagar,1139,1741178.0
telangana,2023,1,bhadradri kothagudem,1128,1801388.0
telangana,2023,1,khammam,1092,1715072.0
telangana,2023,1,peddapalle,1068,1657846.0
telangana,2023,2,rangareddy,13998,20753771.0
telangana,2023,2,medchal malkajgiri,11833,17077694.0
telangana,2023,2,hyderabad,10818,14610195.0
telangana,2023,2,sangareddy,2919,4750595.0
telangana,2023,2,warangal urban,2155,2533869.0
telangana,2023,2,nalgonda,1238,1675694.0
telangana,2023,2,bhadradri kothagudem,1151,1627129.0
telangana,2023,2,karimnagar,1074,1547293.0
telangana,2023,2,mancherial,980,1356480.0
telangana,2023,2,khammam,977,1455116.0
telangana,2023,3,rangareddy,16236,23374057.0
telangana,2023,3,medchal malkajgiri,13044,17698951.0
telangana,2023,3,hyderabad,11568,14426420.0
telangana,2023,3,sangareddy,3242,4802022.0
telangana,2023,3,warangal urban,2253,2961157.0
telangana,2023,3,nalgonda,1531,1957682.0
telangana,2023,3,bhadradri kothagudem,1189,1750083.0
telangana,2023,3,khammam,1165,1654105.0
telangana,2023,3,karimnagar,1066,1423910.0
telangana,2023,3,peddapalle,937,1375183.0
telangana,2023,4,rangareddy,16541,29175361.0
telangana,2023,4,medchal malkajgiri,13254,22372378.0
telangana,2023,4,hyderabad,12099,18060782.0
telangana,2023,4,sangareddy,3604,6270437.0
telangana,2023,4,warangal urban,2698,3941935.0
telangana,2023,4,nalgonda,1399,2410148.0
telangana,2023,4,karimnagar,1269,2100573.0
telangana,2023,4,bhadradri kothagudem,1224,2079214.0
telangana,2023,4,khammam,1143,1885877.0
telangana,2023,4,peddapalle,1120,1681028.0
telangana,2021,1,hyderabad,5067,2446647.0
telangana,2021,1,rangareddy,4821,2864273.0
telangana,2021,1,medchal malkajgiri,4375,2393448.0
telangana,2021,1,warangal urban,1333,701830.0
telangana,2021,1,sangareddy,1250,790111.0
telangana,2021,1,nalgonda,1034,573172.0
telangana,2021,1,karimnagar,960,472977.0
telangana,2021,1,khammam,906,460358.0
telangana,2021,1,nizamabad,749,330191.0
telangana,2021,1,bhadradri kothagudem,685,366242.0
telangana,2021,2,rangareddy,5618,4515303.0
telangana,2021,2,hyderabad,5616,3945773.0
telangana,2021,2,medchal malkajgiri,5094,3743459.0
telangana,2021,2,warangal urban,1267,944761.0
telangana,2021,2,sangareddy,1264,979882.0
telangana,2021,2,khammam,946,566839.0
telangana,2021,2,nalgonda,834,548380.0
telangana,2021,2,karimnagar,786,446639.0
telangana,2021,2,nizamabad,760,463775.0
telangana,2021,2,bhadradri kothagudem,639,529480.0
telangana,2021,3,hyderabad,5201,3813732.0
telangana,2021,3,rangareddy,5064,4209112.0
telangana,2021,3,medchal malkajgiri,4896,3968450.0
telangana,2021,3,warangal urban,1340,967149.0
telangana,2021,3,sangareddy,1257,1064357.0
telangana,2021,3,nalgonda,822,627098.0
telangana,2021,3,khammam,782,536480.0
telangana,2021,3,karimnagar,760,418556.0
telangana,2021,3,nizamabad,545,423866.0
telangana,2021,3,mancherial,539,413727.0
telangana,2021,4,hyderabad,7016,7001072.0
telangana,2021,4,rangareddy,6835,7932450.0
telangana,2021,4,medchal malkajgiri,6553,7341035.0
telangana,2021,4,warangal urban,2289,2254395.0
telangana,2021,4,sangareddy,1219,1921406.0
telangana,2021,4,khammam,1054,1159144.0
telangana,2021,4,karimnagar,962,970635.0
telangana,2021,4,bhadradri kothagudem,840,953767.0
telangana,2021,4,mancherial,814,909975.0
telangana,2021,4,peddapalle,666,805934.0
telangana,2020,2,hyderabad,4783,805518.0
telangana,2020,2,rangareddy,4495,778492.0
telangana,2020,2,medchal malkajgiri,4150,711890.0
telangana,2020,2,warangal urban,786,147920.0
telangana,2020,2,sangareddy,712,134962.0
telangana,2020,2,karimnagar,410,78638.0
telangana,2020,2,nizamabad,379,73253.0
telangana,2020,2,nalgonda,335,71500.0
telangana,2020,2,khammam,334,68883.0
telangana,2020,2,mancherial,220,42506.0
telangana,2020,3,rangareddy,6340,1509162.0
telangana,2020,3,hyderabad,6331,1397580.0
telangana,2020,3,medchal malkajgiri,5929,1415970.0
telangana,2020,3,warangal urban,1612,385281.0
telangana,2020,3,sangareddy,1442,363881.0
telangana,2020,3,khammam,1226,317612.0
telangana,2020,3,karimnagar,1157,313760.0
telangana,2020,3,nalgonda,1035,269617.0
telangana,2020,3,nizamabad,857,243682.0
telangana,2020,3,bhadradri kothagudem,816,217549.0
telangana,2020,4,hyderabad,3682,1892565.0
telangana,2020,4,rangareddy,3486,2124943.0
telangana,2020,4,medchal malkajgiri,3298,2034226.0
telangana,2020,4,warangal urban,1030,522488.0
telangana,2020,4,nalgonda,834,464673.0
telangana,2020,4,khammam,814,441541.0
telangana,2020,4,sangareddy,797,507751.0
telangana,2020,4,karimnagar,649,307932.0
telangana,2020,4,bhadradri kothagudem,597,290516.0
telangana,2020,4,mancherial,515,274989.0
manipur,2022,1,imphal west,41,129130.0
manipur,2022,1,imphal east,26,91044.0
manipur,2022,1,churachandpur,19,67165.0
manipur,2022,1,bishnupur,18,36519.0
manipur,2022,1,kangpokpi,14,44438.0
manipur,2022,1,thoubal,13,29017.0
manipur,2022,1,ukhrul,9,27864.0
manipur,2022,1,jiribam,7,18718.0
manipur,2022,1,tamenglong,7,20811.0
manipur,2022,1,kakching,6,15769.0
manipur,2022,2,imphal west,69,180186.0
manipur,2022,2,imphal east,55,133221.0
manipur,2022,2,kangpokpi,22,47192.0
manipur,2022,2,churachandpur,18,54577.0
manipur,2022,2,thoubal,15,36232.0
manipur,2022,2,bishnupur,10,20861.0
manipur,2022,2,tengnoupal,9,18880.0
manipur,2022,2,chandel,5,12340.0
manipur,2022,2,ukhrul,5,8304.0
manipur,2022,2,senapati,4,21308.0
manipur,2022,3,imphal west,51,78530.0
manipur,2022,3,imphal east,40,90787.0
manipur,2022,3,kangpokpi,16,35025.0
manipur,2022,3,thoubal,16,38591.0
manipur,2022,3,bishnupur,14,24160.0
manipur,2022,3,churachandpur,12,17773.0
manipur,2022,3,senapati,9,31489.0
manipur,2022,3,jiribam,9,23319.0
manipur,2022,3,chandel,9,15705.0
manipur,2022,3,ukhrul,7,14532.0
manipur,2022,4,imphal west,77,190653.0
manipur,2022,4,imphal east,42,88393.0
manipur,2022,4,churachandpur,36,71508.0
manipur,2022,4,thoubal,24,41743.0
manipur,2022,4,bishnupur,19,62178.0
manipur,2022,4,kangpokpi,16,44552.0
manipur,2022,4,tengnoupal,12,27609.0
manipur,2022,4,ukhrul,11,28523.0
manipur,2022,4,jiribam,10,32186.0
manipur,2022,4,chandel,6,10066.0
manipur,2024,1,imphal west,127,275425.0
manipur,2024,1,imphal east,70,124428.0
manipur,2024,1,thoubal,33,20964.0
manipur,2024,1,bishnupur,27,34396.0
manipur,2024,1,kangpokpi,27,37878.0
manipur,2024,1,churachandpur,17,23717.0
manipur,2024,1,jiribam,17,43972.0
manipur,2024,1,chandel,12,24523.0
manipur,2024,1,tamenglong,12,20744.0
manipur,2024,1,tengnoupal,10,7427.0
manipur,2024,2,imphal west,108,207392.0
manipur,2024,2,imphal east,69,140054.0
manipur,2024,2,kangpokpi,36,80540.0
manipur,2024,2,bishnupur,25,30408.0
manipur,2024,2,churachandpur,19,33256.0
manipur,2024,2,thoubal,16,22555.0
manipur,2024,2,chandel,15,48066.0
manipur,2024,2,jiribam,12,14578.0
manipur,2024,2,ukhrul,11,27333.0
manipur,2024,2,tamenglong,10,21477.0
manipur,2024,3,imphal west,96,224181.0
manipur,2024,3,imphal east,40,78874.0
manipur,2024,3,thoubal,36,68411.0
manipur,2024,3,bishnupur,23,37306.0
manipur,2024,3,churachandpur,19,30718.0
manipur,2024,3,kangpokpi,15,18748.0
manipur,2024,3,senapati,12,24046.0
manipur,2024,3,jiribam,9,26505.0
manipur,2024,3,tamenglong,8,13711.0
manipur,2024,3,chandel,8,23490.0
manipur,2024,4,imphal west,127,271206.0
manipur,2024,4,imphal east,77,140889.0
manipur,2024,4,thoubal,39,66801.0
manipur,2024,4,bishnupur,31,75892.0
manipur,2024,4,kangpokpi,25,74025.0
manipur,2024,4,churachandpur,20,41801.0
manipur,2024,4,kakching,18,56585.0
manipur,2024,4,jiribam,16,17517.0
manipur,2024,4,senapati,14,28034.0
manipur,2024,4,chandel,10,19370.0
manipur,2023,1,imphal west,69,201073.0
manipur,2023,1,imphal east,47,90627.0
manipur,2023,1,churachandpur,29,75246.0
manipur,2023,1,kangpokpi,12,50757.0
manipur,2023,1,bishnupur,11,31927.0
manipur,2023,1,thoubal,10,23968.0
manipur,2023,1,chandel,9,15346.0
manipur,2023,1,senapati,9,30067.0
manipur,2023,1,tengnoupal,8,46764.0
manipur,2023,1,jiribam,5,22938.0
manipur,2023,2,imphal west,37,84234.0
manipur,2023,2,imphal east,30,81733.0
manipur,2023,2,bishnupur,11,54232.0
manipur,2023,2,kangpokpi,11,23066.0
manipur,2023,2,churachandpur,9,17080.0
manipur,2023,2,kakching,8,24668.0
manipur,2023,2,thoubal,5,14680.0
manipur,2023,2,senapati,4,14728.0
manipur,2023,2,jiribam,3,7179.0
manipur,2023,2,tamenglong,3,10701.0
manipur,2023,3,imphal west,35,74416.0
manipur,2023,3,imphal east,11,26461.0
manipur,2023,3,kangpokpi,6,13409.0
manipur,2023,3,churachandpur,4,8758.0
manipur,2023,3,senapati,4,6725.0
manipur,2023,3,jiribam,4,23164.0
manipur,2023,3,thoubal,3,9675.0
manipur,2023,3,tamenglong,3,13492.0
manipur,2023,3,bishnupur,3,8293.0
manipur,2023,3,ukhrul,1,5822.0
manipur,2023,4,imphal west,84,166274.0
manipur,2023,4,imphal east,65,104022.0
manipur,2023,4,kangpokpi,21,63414.0
manipur,2023,4,jiribam,16,32180.0
manipur,2023,4,bishnupur,15,38427.0
manipur,2023,4,churachandpur,4,8832.0
manipur,2023,4,thoubal,4,9424.0
manipur,2023,4,senapati,4,15815.0
manipur,2023,4,ukhrul,3,3639.0
manipur,2023,4,tamenglong,3,6366.0
manipur,2021,1,imphal west,46,13194.0
manipur,2021,1,imphal east,26,17048.0
manipur,2021,1,churachandpur,13,9829.0
manipur,2021,1,kangpokpi,11,17591.0
manipur,2021,1,thoubal,10,1416.0
manipur,2021,1,bishnupur,10,2215.0
manipur,2021,1,tengnoupal,5,4029.0
manipur,2021,1,kakching,4,1069.0
manipur,2021,1,jiribam,3,2330.0
manipur,2021,1,ukhrul,2,501.0
manipur,2021,2,imphal west,37,32816.0
manipur,2021,2,imphal east,36,19393.0
manipur,2021,2,kangpokpi,9,5037.0
manipur,2021,2,ukhrul,8,4637.0
manipur,2021,2,thoubal,7,2340.0
manipur,2021,2,bishnupur,7,1605.0
manipur,2021,2,kakching,6,1638.0
manipur,2021,2,churachandpur,6,5240.0
manipur,2021,2,tengnoupal,4,1439.0
manipur,2021,2,jiribam,3,513.0
manipur,2021,3,imphal west,29,26747.0
manipur,2021,3,imphal east,26,20520.0
manipur,2021,3,kangpokpi,13,11469.0
manipur,2021,3,tengnoupal,7,25125.0
manipur,2021,3,chandel,6,15891.0
manipur,2021,3,ukhrul,6,9998.0
manipur,2021,3,churachandpur,6,6302.0
manipur,2021,3,thoubal,5,7486.0
manipur,2021,3,bishnupur,5,4107.0
manipur,2021,3,kakching,4,191.0
manipur,2021,4,imphal east,34,73197.0
manipur,2021,4,imphal west,31,56814.0
manipur,2021,4,bishnupur,11,13163.0
manipur,2021,4,kangpokpi,9,10192.0
manipur,2021,4,thoubal,9,18135.0
manipur,2021,4,churachandpur,9,25252.0
manipur,2021,4,senapati,8,17318.0
manipur,2021,4,kakching,7,2703.0
manipur,2021,4,ukhrul,7,7055.0
manipur,2021,4,tamenglong,6,18621.0
manipur,2020,2,imphal west,16,3285.0
manipur,2020,2,imphal east,11,1757.0
manipur,2020,2,churachandpur,7,2480.0
manipur,2020,2,thoubal,6,1406.0
manipur,2020,2,tengnoupal,3,693.0
manipur,2020,2,bishnupur,3,739.0
manipur,2020,2,kakching,3,760.0
manipur,2020,2,ukhrul,3,688.0
manipur,2020,2,senapati,1,282.0
manipur,2020,2,tamenglong,1,233.0
manipur,2020,3,imphal west,45,16382.0
manipur,2020,3,imphal east,30,11791.0
manipur,2020,3,bishnupur,12,4417.0
manipur,2020,3,kakching,12,3715.0
manipur,2020,3,kangpokpi,7,1221.0
manipur,2020,3,churachandpur,6,1293.0
manipur,2020,3,jiribam,5,1671.0
manipur,2020,3,ukhrul,4,1613.0
manipur,2020,3,thoubal,4,265.0
manipur,2020,3,chandel,2,484.0
manipur,2020,4,imphal east,20,12570.0
manipur,2020,4,imphal west,18,8367.0
manipur,2020,4,churachandpur,12,7312.0
manipur,2020,4,thoubal,12,4525.0
manipur,2020,4,kakching,7,1931.0
manipur,2020,4,kangpokpi,5,4999.0
manipur,2020,4,bishnupur,5,626.0
manipur,2020,4,senapati,3,2586.0
manipur,2020,4,chandel,2,1514.0
manipur,2020,4,tengnoupal,2,691.0
haryana,2022,1,gurugram,6642,8138262.0
haryana,2022,1,faridabad,3517,4282216.0
haryana,2022,1,rewari,1254,1910239.0
haryana,2022,1,sonipat,1178,1965399.0
haryana,2022,1,jhajjar,869,1532926.0
haryana,2022,1,hisar,855,1334248.0
haryana,2022,1,karnal,850,1119397.0
haryana,2022,1,rohtak,836,1302980.0
haryana,2022,1,panipat,806,1239244.0
haryana,2022,1,mahendragarh,675,1004950.0
haryana,2022,2,gurugram,6554,7627997.0
haryana,2022,2,faridabad,3527,4157319.0
haryana,2022,2,rewari,1449,2050909.0
haryana,2022,2,sonipat,1227,2016582.0
haryana,2022,2,hisar,1141,1695856.0
haryana,2022,2,panipat,1030,1355321.0
haryana,2022,2,jhajjar,987,1449163.0
haryana,2022,2,bhiwani,931,1348492.0
haryana,2022,2,rohtak,908,1318503.0
haryana,2022,2,karnal,901,1294206.0
haryana,2022,3,gurugram,10085,10744733.0
haryana,2022,3,faridabad,4789,5313116.0
haryana,2022,3,rewari,1838,2341723.0
haryana,2022,3,sonipat,1657,2565808.0
haryana,2022,3,hisar,1516,2224226.0
haryana,2022,3,jhajjar,1451,2211785.0
haryana,2022,3,panipat,1432,1773022.0
haryana,2022,3,rohtak,1242,1806212.0
haryana,2022,3,karnal,1150,1799811.0
haryana,2022,3,bhiwani,1147,1597842.0
haryana,2022,4,gurugram,11347,14333166.0
haryana,2022,4,faridabad,5980,7492688.0
haryana,2022,4,rewari,1987,2881000.0
haryana,2022,4,sonipat,1969,3340650.0
haryana,2022,4,jhajjar,1582,2713177.0
haryana,2022,4,hisar,1413,2309773.0
haryana,2022,4,panipat,1375,2059529.0
haryana,2022,4,rohtak,1355,2305432.0
haryana,2022,4,mahendragarh,1211,1666096.0
haryana,2022,4,karnal,1113,2024575.0
haryana,2024,1,gurugram,14505,21783690.0
haryana,2024,1,faridabad,7236,10275823.0
haryana,2024,1,rewari,3110,4640986.0
haryana,2024,1,sonipat,2578,4420850.0
haryana,2024,1,jhajjar,2290,3652995.0
haryana,2024,1,hisar,2257,4098922.0
haryana,2024,1,panipat,1875,2690679.0
haryana,2024,1,rohtak,1738,3167356.0
haryana,2024,1,bhiwani,1650,2866805.0
haryana,2024,1,karnal,1573,2899134.0
haryana,2024,2,gurugram,12964,18926670.0
haryana,2024,2,faridabad,6154,8987725.0
haryana,2024,2,rewari,2772,4028981.0
haryana,2024,2,sonipat,2312,3912847.0
haryana,2024,2,hisar,2224,3926907.0
haryana,2024,2,jhajjar,2041,3443218.0
haryana,2024,2,panipat,1700,2446471.0
haryana,2024,2,rohtak,1651,3142822.0
haryana,2024,2,bhiwani,1544,2636029.0
haryana,2024,2,ambala,1383,2595393.0
haryana,2024,3,gurugram,14956,21502434.0
haryana,2024,3,faridabad,6523,9267676.0
haryana,2024,3,rewari,3002,4363318.0
haryana,2024,3,sonipat,2558,4389086.0
haryana,2024,3,hisar,2396,4055598.0
haryana,2024,3,jhajjar,2195,3617149.0
haryana,2024,3,panipat,1758,2639675.0
haryana,2024,3,rohtak,1733,3087076.0
haryana,2024,3,bhiwani,1635,2539565.0
haryana,2024,3,mahendragarh,1326,2212434.0
haryana,2024,4,gurugram,16973,25145012.0
haryana,2024,4,faridabad,8261,11419458.0
haryana,2024,4,rewari,4037,6018179.0
haryana,2024,4,sonipat,3330,5335496.0
haryana,2024,4,jhajjar,2630,4460177.0
haryana,2024,4,hisar,2396,4349181.0
haryana,2024,4,rohtak,2112,3678163.0
haryana,2024,4,panipat,2026,3004028.0
haryana,2024,4,palwal,1824,2933025.0
haryana,2024,4,bhiwani,1693,2967792.0
haryana,2023,1,gurugram,10981,15057940.0
haryana,2023,1,faridabad,5728,7830067.0
haryana,2023,1,hisar,2090,3545685.0
haryana,2023,1,rewari,1988,3178735.0
haryana,2023,1,sonipat,1780,3324135.0
haryana,2023,1,jhajjar,1432,2772611.0
haryana,2023,1,rohtak,1273,2377291.0
haryana,2023,1,panipat,1190,1891460.0
haryana,2023,1,karnal,1119,2173782.0
haryana,2023,1,ambala,1034,1859227.0
haryana,2023,2,gurugram,11759,15891257.0
haryana,2023,2,faridabad,5775,7426519.0
haryana,2023,2,rewari,2301,3295937.0
haryana,2023,2,hisar,2201,3727277.0
haryana,2023,2,sonipat,2089,3563822.0
haryana,2023,2,jhajjar,1683,2751393.0
haryana,2023,2,panipat,1548,2298671.0
haryana,2023,2,rohtak,1425,2386384.0
haryana,2023,2,ambala,1312,2316706.0
haryana,2023,2,bhiwani,1272,2111956.0
haryana,2023,3,gurugram,13467,16796070.0
haryana,2023,3,faridabad,6299,7830941.0
haryana,2023,3,rewari,2303,3251849.0
haryana,2023,3,sonipat,1998,3234041.0
haryana,2023,3,hisar,1931,3178279.0
haryana,2023,3,panipat,1713,2369450.0
haryana,2023,3,jhajjar,1610,2671111.0
haryana,2023,3,karnal,1574,2126635.0
haryana,2023,3,rohtak,1425,2349687.0
haryana,2023,3,bhiwani,1187,1847464.0
haryana,2023,4,gurugram,14118,20950373.0
haryana,2023,4,faridabad,7244,10321129.0
haryana,2023,4,rewari,2540,4615327.0
haryana,2023,4,sonipat,2370,4304743.0
haryana,2023,4,jhajjar,2040,3606286.0
haryana,2023,4,hisar,1999,3705402.0
haryana,2023,4,panipat,1919,3130020.0
haryana,2023,4,rohtak,1541,2892015.0
haryana,2023,4,bhiwani,1439,2523209.0
haryana,2023,4,karnal,1422,2515568.0
haryana,2021,1,gurugram,3377,2003697.0
haryana,2021,1,faridabad,1845,1250394.0
haryana,2021,1,rewari,757,485758.0
haryana,2021,1,hisar,499,324109.0
haryana,2021,1,sonipat,493,389233.0
haryana,2021,1,panipat,428,245026.0
haryana,2021,1,palwal,386,239181.0
haryana,2021,1,karnal,339,211754.0
haryana,2021,1,jhajjar,317,272445.0
haryana,2021,1,rohtak,312,284433.0
haryana,2021,2,gurugram,3238,2521099.0
haryana,2021,2,faridabad,1707,1330963.0
haryana,2021,2,rewari,1001,900929.0
haryana,2021,2,sonipat,739,843265.0
haryana,2021,2,hisar,683,636895.0
haryana,2021,2,mahendragarh,502,622610.0
haryana,2021,2,rohtak,463,488282.0
haryana,2021,2,panipat,457,396928.0
haryana,2021,2,jhajjar,457,499261.0
haryana,2021,2,bhiwani,424,442945.0
haryana,2021,3,gurugram,4501,3651728.0
haryana,2021,3,faridabad,1957,1608197.0
haryana,2021,3,rewari,960,921840.0
haryana,2021,3,sonipat,673,772054.0
haryana,2021,3,hisar,600,562880.0
haryana,2021,3,panipat,522,513232.0
haryana,2021,3,jhajjar,509,659985.0
haryana,2021,3,bhiwani,458,471344.0
haryana,2021,3,karnal,458,395742.0
haryana,2021,3,rohtak,431,484147.0
haryana,2021,4,gurugram,5951,6492219.0
haryana,2021,4,faridabad,3250,3581730.0
haryana,2021,4,rewari,1182,1635811.0
haryana,2021,4,sonipat,1000,1514842.0
haryana,2021,4,jhajjar,848,1322079.0
haryana,2021,4,hisar,717,1163784.0
haryana,2021,4,mahendragarh,669,1016832.0
haryana,2021,4,panipat,600,903045.0
haryana,2021,4,karnal,577,747027.0
haryana,2021,4,rohtak,557,1036418.0
haryana,2020,2,gurugram,2571,438481.0
haryana,2020,2,faridabad,1051,189308.0
haryana,2020,2,rewari,343,69983.0
haryana,2020,2,karnal,303,52030.0
haryana,2020,2,panipat,297,53337.0
haryana,2020,2,sonipat,210,43359.0
haryana,2020,2,jhajjar,204,40299.0
haryana,2020,2,ambala,191,43269.0
haryana,2020,2,hisar,191,36813.0
haryana,2020,2,palwal,130,28921.0
haryana,2020,3,gurugram,1999,454846.0
haryana,2020,3,faridabad,1144,297042.0
haryana,2020,3,rewari,483,135250.0
haryana,2020,3,hisar,361,114981.0
haryana,2020,3,panipat,296,79561.0
haryana,2020,3,sonipat,278,77076.0
haryana,2020,3,palwal,258,65067.0
haryana,2020,3,jhajjar,242,70683.0
haryana,2020,3,mahendragarh,237,61501.0
haryana,2020,3,karnal,232,63907.0
haryana,2020,4,gurugram,2380,1626450.0
haryana,2020,4,faridabad,1370,1022011.0
haryana,2020,4,rewari,639,442173.0
haryana,2020,4,jhajjar,393,324264.0
haryana,2020,4,hisar,374,243421.0
haryana,2020,4,sonipat,357,304138.0
haryana,2020,4,palwal,295,205874.0
haryana,2020,4,mahendragarh,271,184572.0
haryana,2020,4,panipat,265,148352.0
haryana,2020,4,bhiwani,257,204503.0
gujarat,2022,1,ahmadabad,6393,7847666.0
gujarat,2022,1,surat,4674,5433634.0
gujarat,2022,1,vadodara,1414,2085056.0
gujarat,2022,1,valsad,1138,1398820.0
gujarat,2022,1,bharuch,934,1363523.0
gujarat,2022,1,kachchh,923,1288962.0
gujarat,2022,1,gandhinagar,914,1703161.0
gujarat,2022,1,rajkot,840,1218172.0
gujarat,2022,1,bhavnagar,494,599549.0
gujarat,2022,1,banas kantha,485,634204.0
gujarat,2022,2,ahmadabad,6962,8565312.0
gujarat,2022,2,surat,6127,6420167.0
gujarat,2022,2,vadodara,1538,2192046.0
gujarat,2022,2,valsad,1079,1455802.0
gujarat,2022,2,kachchh,1071,1371510.0
gujarat,2022,2,gandhinagar,985,1513678.0
gujarat,2022,2,rajkot,879,1248141.0
gujarat,2022,2,bharuch,848,1226599.0
gujarat,2022,2,bhavnagar,601,696335.0
gujarat,2022,2,banas kantha,597,724979.0
gujarat,2022,3,ahmadabad,8499,9788819.0
gujarat,2022,3,surat,7447,7491198.0
gujarat,2022,3,vadodara,1983,2630678.0
gujarat,2022,3,kachchh,1501,1786596.0
gujarat,2022,3,gandhinagar,1356,1828271.0
gujarat,2022,3,valsad,1327,1699968.0
gujarat,2022,3,rajkot,1093,1436547.0
gujarat,2022,3,bharuch,1082,1429310.0
gujarat,2022,3,banas kantha,735,893785.0
gujarat,2022,3,bhavnagar,696,791631.0
gujarat,2022,4,ahmadabad,9650,12572383.0
gujarat,2022,4,surat,7288,8864843.0
gujarat,2022,4,vadodara,2574,3669216.0
gujarat,2022,4,kachchh,1696,2267368.0
gujarat,2022,4,gandhinagar,1681,2507697.0
gujarat,2022,4,valsad,1666,2409645.0
gujarat,2022,4,bharuch,1522,2134893.0
gujarat,2022,4,rajkot,1428,2034588.0
gujarat,2022,4,mahesana,837,1221962.0
gujarat,2022,4,banas kantha,806,1117875.0
gujarat,2024,1,ahmadabad,10018,14364566.0
gujarat,2024,1,surat,9277,10645109.0
gujarat,2024,1,vadodara,2674,4324591.0
gujarat,2024,1,rajkot,2612,3794409.0
gujarat,2024,1,kachchh,2270,2841893.0
gujarat,2024,1,valsad,2218,3196463.0
gujarat,2024,1,bharuch,2022,3022124.0
gujarat,2024,1,gandhinagar,1991,3417398.0
gujarat,2024,1,banas kantha,1155,1457558.0
gujarat,2024,1,mahesana,1088,1661780.0
gujarat,2024,2,ahmadabad,10341,15547955.0
gujarat,2024,2,surat,9120,11220662.0
gujarat,2024,2,rajkot,3116,4171290.0
gujarat,2024,2,vadodara,2706,4644588.0
gujarat,2024,2,kachchh,2146,2785372.0
gujarat,2024,2,gandhinagar,1985,3217376.0
gujarat,2024,2,valsad,1967,3083166.0
gujarat,2024,2,bharuch,1711,2452287.0
gujarat,2024,2,bhavnagar,1110,1430220.0
gujarat,2024,2,banas kantha,1075,1816483.0
gujarat,2024,3,ahmedabad,12184,17553288.0
gujarat,2024,3,surat,9244,11486994.0
gujarat,2024,3,rajkot,2935,4371113.0
gujarat,2024,3,vadodara,2679,4369142.0
gujarat,2024,3,gandhinagar,2386,4058142.0
gujarat,2024,3,kachchh,2218,3200203.0
gujarat,2024,3,valsad,1905,2794216.0
gujarat,2024,3,bharuch,1768,2801543.0
gujarat,2024,3,bhavnagar,1168,1635336.0
gujarat,2024,3,mahesana,1087,1969857.0
gujarat,2024,4,ahmedabad,18268,25165090.0
gujarat,2024,4,surat,11616,14897974.0
gujarat,2024,4,rajkot,3682,5459568.0
gujarat,2024,4,vadodara,3482,5748869.0
gujarat,2024,4,gandhinagar,3082,5330046.0
gujarat,2024,4,valsad,2601,4056897.0
gujarat,2024,4,kachchh,2511,3190903.0
gujarat,2024,4,bharuch,2348,3655512.0
gujarat,2024,4,bhavnagar,1544,1903033.0
gujarat,2024,4,mahesana,1458,2462736.0
gujarat,2023,1,ahmadabad,8530,11389837.0
gujarat,2023,1,surat,8426,9641022.0
gujarat,2023,1,vadodara,1954,3124485.0
gujarat,2023,1,rajkot,1601,2385641.0
gujarat,2023,1,valsad,1434,2301774.0
gujarat,2023,1,kachchh,1315,1898195.0
gujarat,2023,1,gandhinagar,1288,2310699.0
gujarat,2023,1,bharuch,1216,1826288.0
gujarat,2023,1,bhavnagar,657,955529.0
gujarat,2023,1,mahesana,622,1242341.0
gujarat,2023,2,ahmadabad,9078,11920370.0
gujarat,2023,2,surat,6993,8153676.0
gujarat,2023,2,vadodara,2055,3482569.0
gujarat,2023,2,rajkot,1718,2477120.0
gujarat,2023,2,gandhinagar,1496,2467953.0
gujarat,2023,2,valsad,1427,2277522.0
gujarat,2023,2,kachchh,1366,1915160.0
gujarat,2023,2,bharuch,1114,1801068.0
gujarat,2023,2,bhavnagar,767,873266.0
gujarat,2023,2,banas kantha,690,1193324.0
gujarat,2023,3,ahmadabad,13645,16204152.0
gujarat,2023,3,surat,13306,13249715.0
gujarat,2023,3,vadodara,2630,3955251.0
gujarat,2023,3,rajkot,2289,3157047.0
gujarat,2023,3,gandhinagar,2270,3606515.0
gujarat,2023,3,kachchh,2111,2799676.0
gujarat,2023,3,valsad,1912,2584154.0
gujarat,2023,3,bharuch,1777,2345201.0
gujarat,2023,3,bhavnagar,1099,1299978.0
gujarat,2023,3,banas kantha,940,1540747.0
gujarat,2023,4,ahmadabad,10344,16047139.0
gujarat,2023,4,surat,8196,11477882.0
gujarat,2023,4,vadodara,2756,4865088.0
gujarat,2023,4,rajkot,2109,3364383.0
gujarat,2023,4,valsad,2030,3301560.0
gujarat,2023,4,kachchh,1972,2767311.0
gujarat,2023,4,gandhinagar,1952,3618581.0
gujarat,2023,4,bharuch,1750,2901972.0
gujarat,2023,4,bhavnagar,971,1371224.0
gujarat,2023,4,banas kantha,955,1817338.0
gujarat,2021,1,ahmadabad,2902,1664753.0
gujarat,2021,1,surat,2549,1538786.0
gujarat,2021,1,vadodara,859,544564.0
gujarat,2021,1,bharuch,709,381284.0
gujarat,2021,1,kachchh,674,340650.0
gujarat,2021,1,valsad,548,307917.0
gujarat,2021,1,gandhinagar,531,341921.0
gujarat,2021,1,banas kantha,446,246377.0
gujarat,2021,1,rajkot,374,191505.0
gujarat,2021,1,mahesana,342,194492.0
gujarat,2021,2,ahmadabad,3074,2177028.0
gujarat,2021,2,surat,2863,1847117.0
gujarat,2021,2,vadodara,1171,874836.0
gujarat,2021,2,bharuch,823,593029.0
gujarat,2021,2,kachchh,730,529809.0
gujarat,2021,2,valsad,640,471194.0
gujarat,2021,2,gandhinagar,590,519006.0
gujarat,2021,2,banas kantha,475,272134.0
gujarat,2021,2,rajkot,462,360621.0
gujarat,2021,2,mahesana,453,306266.0
gujarat,2021,3,surat,3409,2501335.0
gujarat,2021,3,ahmadabad,3405,2607478.0
gujarat,2021,3,vadodara,1071,1010170.0
gujarat,2021,3,bharuch,751,676899.0
gujarat,2021,3,kachchh,719,583735.0
gujarat,2021,3,valsad,648,601347.0
gujarat,2021,3,gandhinagar,586,553002.0
gujarat,2021,3,banas kantha,567,390139.0
gujarat,2021,3,rajkot,515,389381.0
gujarat,2021,3,mahesana,419,348892.0
gujarat,2021,4,ahmadabad,4857,5269395.0
gujarat,2021,4,surat,3232,4111750.0
gujarat,2021,4,vadodara,1531,1938084.0
gujarat,2021,4,valsad,1030,1250430.0
gujarat,2021,4,bharuch,982,1253200.0
gujarat,2021,4,kachchh,937,1187041.0
gujarat,2021,4,gandhinagar,801,1076996.0
gujarat,2021,4,rajkot,698,782642.0
gujarat,2021,4,banas kantha,555,642556.0
gujarat,2021,4,mahesana,483,611027.0
gujarat,2020,2,ahmadabad,2282,396800.0
gujarat,2020,2,surat,1255,220970.0
gujarat,2020,2,vadodara,580,110090.0
gujarat,2020,2,rajkot,545,96057.0
gujarat,2020,2,gandhinagar,509,92680.0
gujarat,2020,2,valsad,348,64661.0
gujarat,2020,2,kachchh,320,65377.0
gujarat,2020,2,bharuch,273,54151.0
gujarat,2020,2,mahesana,192,39039.0
gujarat,2020,2,bhavnagar,148,28854.0
gujarat,2020,3,ahmadabad,2682,655107.0
gujarat,2020,3,surat,2206,544354.0
gujarat,2020,3,vadodara,1162,360274.0
gujarat,2020,3,bharuch,614,174068.0
gujarat,2020,3,kachchh,583,164427.0
gujarat,2020,3,gandhinagar,562,162208.0
gujarat,2020,3,rajkot,522,136449.0
gujarat,2020,3,valsad,474,130312.0
gujarat,2020,3,mahesana,464,115807.0
gujarat,2020,3,banas kantha,330,77539.0
gujarat,2020,4,ahmadabad,2306,1404202.0
gujarat,2020,4,surat,1858,1147153.0
gujarat,2020,4,vadodara,748,468371.0
gujarat,2020,4,bharuch,524,356570.0
gujarat,2020,4,kachchh,503,291840.0
gujarat,2020,4,valsad,387,267121.0
gujarat,2020,4,gandhinagar,387,237333.0
gujarat,2020,4,mahesana,324,192309.0
gujarat,2020,4,banas kantha,321,174192.0
gujarat,2020,4,rajkot,321,181318.0
sikkim,2022,1,east,157,463841.0
sikkim,2022,1,west,37,91888.0
sikkim,2022,1,south,35,101663.0
sikkim,2022,1,north,10,28595.0
sikkim,2022,2,east,99,233452.0
sikkim,2022,2,west,35,84909.0
sikkim,2022,2,south,14,27179.0
sikkim,2022,2,north,12,38169.0
sikkim,2022,3,east,165,310190.0
sikkim,2022,3,south,34,65600.0
sikkim,2022,3,west,30,71337.0
sikkim,2022,3,north,14,27813.0
sikkim,2022,4,east,192,377889.0
sikkim,2022,4,south,45,74025.0
sikkim,2022,4,west,43,147415.0
sikkim,2022,4,north,26,67885.0
sikkim,2024,1,east,251,548828.0
sikkim,2024,1,south,66,132417.0
sikkim,2024,1,west,43,132171.0
sikkim,2024,1,north,40,66766.0
sikkim,2024,2,east,438,952178.0
sikkim,2024,2,south,122,330558.0
sikkim,2024,2,west,74,167967.0
sikkim,2024,2,north,51,139851.0
sikkim,2024,3,gangtok,219,461002.0
sikkim,2024,3,pakyong,68,156436.0
sikkim,2024,3,mangan,65,150793.0
sikkim,2024,3,namchi,64,142584.0
sikkim,2024,3,gyalshing,28,82114.0
sikkim,2024,3,soreng,17,36469.0
sikkim,2024,4,gangtok,298,643521.0
sikkim,2024,4,pakyong,130,314200.0
sikkim,2024,4,namchi,55,148697.0
sikkim,2024,4,mangan,46,105349.0
sikkim,2024,4,gyalshing,41,94901.0
sikkim,2024,4,soreng,29,75012.0
sikkim,2023,1,east,158,380139.0
sikkim,2023,1,south,51,99856.0
sikkim,2023,1,west,26,120446.0
sikkim,2023,1,north,25,88164.0
sikkim,2023,2,east,169,366045.0
sikkim,2023,2,south,45,107115.0
sikkim,2023,2,west,40,98329.0
sikkim,2023,2,north,16,56702.0
sikkim,2023,3,east,155,436190.0
sikkim,2023,3,south,49,95595.0
sikkim,2023,3,north,27,121573.0
sikkim,2023,3,west,20,44893.0
sikkim,2023,4,east,184,485048.0
sikkim,2023,4,south,67,117210.0
sikkim,2023,4,west,39,125255.0
sikkim,2023,4,north,34,66232.0
sikkim,2021,1,east,72,64393.0
sikkim,2021,1,west,22,20672.0
sikkim,2021,1,south,20,15924.0
sikkim,2021,1,north,8,10788.0
sikkim,2021,2,east,55,77437.0
sikkim,2021,2,south,23,30261.0
sikkim,2021,2,north,8,9539.0
sikkim,2021,2,west,7,4827.0
sikkim,2021,3,east,67,86194.0
sikkim,2021,3,south,21,29274.0
sikkim,2021,3,west,9,7336.0
sikkim,2021,3,north,9,17748.0
sikkim,2021,4,east,109,291074.0
sikkim,2021,4,south,41,85646.0
sikkim,2021,4,west,29,84762.0
sikkim,2021,4,north,16,42050.0
sikkim,2020,2,east,16,3449.0
sikkim,2020,2,south,4,1058.0
sikkim,2020,2,north,1,282.0
sikkim,2020,3,east,66,20284.0
sikkim,2020,3,south,20,5534.0
sikkim,2020,3,west,5,1319.0
sikkim,2020,3,north,3,863.0
sikkim,2020,4,east,41,26778.0
sikkim,2020,4,south,11,26418.0
sikkim,2020,4,north,8,9933.0
sikkim,2020,4,west,7,7085.0
delhi,2022,1,west,4368,5442041.0
delhi,2022,1,south east delhi,3520,4221226.0
delhi,2022,1,north west,3003,3853703.0
delhi,2022,1,central delhi,2816,3359581.0
delhi,2022,1,new delhi,2587,3572728.0
delhi,2022,1,south west,2524,3460149.0
delhi,2022,1,north,2321,3131536.0
delhi,2022,1,east,1911,2269280.0
delhi,2022,1,south,1879,2413929.0
delhi,2022,1,north east,1695,1862686.0
delhi,2022,2,west,3733,4528416.0
delhi,2022,2,south east delhi,3161,3474446.0
delhi,2022,2,new delhi,2855,3574229.0
delhi,2022,2,north west,2845,3510159.0
delhi,2022,2,central delhi,2686,3314681.0
delhi,2022,2,south west,2361,3039345.0
delhi,2022,2,north,1952,2490119.0
delhi,2022,2,east,1843,2145058.0
delhi,2022,2,south,1775,2119168.0
delhi,2022,2,shahdara,1609,1844384.0
delhi,2022,3,west,5208,5873812.0
delhi,2022,3,south east delhi,4420,4781194.0
delhi,2022,3,new delhi,3866,4840514.0
delhi,2022,3,north west,3572,4132808.0
delhi,2022,3,central delhi,3498,3901385.0
delhi,2022,3,south west,3227,4114804.0
delhi,2022,3,north,2762,3293169.0
delhi,2022,3,east,2695,3102828.0
delhi,2022,3,south,2517,3019117.0
delhi,2022,3,shahdara,2094,2339310.0
delhi,2022,4,west,6947,8360376.0
delhi,2022,4,south east delhi,5868,7072604.0
delhi,2022,4,new delhi,5340,7125528.0
delhi,2022,4,north west,5085,6057907.0
delhi,2022,4,central delhi,4815,5765957.0
delhi,2022,4,south west,4149,5489366.0
delhi,2022,4,north,4013,5304295.0
delhi,2022,4,south,3527,4511956.0
delhi,2022,4,east,3297,3984005.0
delhi,2022,4,north east,2948,3363238.0
delhi,2024,1,west,7237,10552936.0
delhi,2024,1,south east delhi,6809,9567339.0
delhi,2024,1,new delhi,6087,9325880.0
delhi,2024,1,central delhi,5322,7235636.0
delhi,2024,1,north west,4927,6850074.0
delhi,2024,1,south west,4580,7322844.0
delhi,2024,1,north,4232,6202239.0
delhi,2024,1,south,3912,5652343.0
delhi,2024,1,east,3678,5392486.0
delhi,2024,1,shahdara,3164,4217939.0
delhi,2024,2,west,6150,9059574.0
delhi,2024,2,south east delhi,5596,7983727.0
delhi,2024,2,new delhi,5492,8550323.0
delhi,2024,2,central delhi,4851,6879526.0
delhi,2024,2,north west,4453,6426847.0
delhi,2024,2,south west,4190,6424789.0
delhi,2024,2,north,3690,5569856.0
delhi,2024,2,south,3472,5238461.0
delhi,2024,2,east,3209,4765406.0
delhi,2024,2,shahdara,2603,3899405.0
delhi,2024,3,west,6568,9409580.0
delhi,2024,3,south east,6501,9122525.0
delhi,2024,3,new delhi,6055,9251030.0
delhi,2024,3,central delhi,4735,6449913.0
delhi,2024,3,north west,4631,7025475.0
delhi,2024,3,south west,4576,7288608.0
delhi,2024,3,north,3784,5621466.0
delhi,2024,3,south,3762,5506223.0
delhi,2024,3,east,3177,4212716.0
delhi,2024,3,shahdara,2721,3718115.0
delhi,2024,4,west,9538,13105331.0
delhi,2024,4,south east,8789,11891728.0
delhi,2024,4,new delhi,7568,11475253.0
delhi,2024,4,central delhi,7265,9684280.0
delhi,2024,4,north west,6893,9461832.0
delhi,2024,4,south west,5921,8998337.0
delhi,2024,4,north,5386,7334682.0
delhi,2024,4,south,4916,6929468.0
delhi,2024,4,east,4096,5612454.0
delhi,2024,4,north east,3839,4765826.0
delhi,2023,1,west,6429,8754573.0
delhi,2023,1,south east delhi,5517,7079871.0
delhi,2023,1,new delhi,5291,6922018.0
delhi,2023,1,central delhi,4699,6401871.0
delhi,2023,1,north west,4579,5962088.0
delhi,2023,1,north,3741,5130361.0
delhi,2023,1,south west,3638,5341251.0
delhi,2023,1,south,3201,4269965.0
delhi,2023,1,east,3196,4249403.0
delhi,2023,1,shahdara,2806,3681028.0
delhi,2023,2,west,5862,7931949.0
delhi,2023,2,south east delhi,4732,6257813.0
delhi,2023,2,new delhi,4694,6410215.0
delhi,2023,2,north west,4428,5604148.0
delhi,2023,2,central delhi,4368,5481162.0
delhi,2023,2,south west,3696,5282173.0
delhi,2023,2,north,3277,4436173.0
delhi,2023,2,south,3088,4214071.0
delhi,2023,2,east,2857,3875525.0
delhi,2023,2,shahdara,2225,2826508.0
delhi,2023,3,west,6673,8338655.0
delhi,2023,3,south east delhi,5876,7115008.0
delhi,2023,3,new delhi,5549,7246294.0
delhi,2023,3,north west,4658,5650162.0
delhi,2023,3,south west,4448,6189343.0
delhi,2023,3,central delhi,4404,5352372.0
delhi,2023,3,south,3522,4443430.0
delhi,2023,3,north,3469,4630888.0
delhi,2023,3,east,3371,4011665.0
delhi,2023,3,shahdara,2697,3233714.0
delhi,2023,4,west,7829,10545733.0
delhi,2023,4,south east delhi,7111,9746023.0
delhi,2023,4,new delhi,5952,8790140.0
delhi,2023,4,central delhi,5884,7718670.0
delhi,2023,4,north west,5426,7399787.0
delhi,2023,4,south west,5023,7264073.0
delhi,2023,4,north,4410,6111161.0
delhi,2023,4,south,4127,6172136.0
delhi,2023,4,east,3740,4742013.0
delhi,2023,4,shahdara,3426,4582842.0
delhi,2021,1,west,2017,1508820.0
delhi,2021,1,south east delhi,1672,1129582.0
delhi,2021,1,new delhi,1315,1007873.0
delhi,2021,1,central delhi,1248,904623.0
delhi,2021,1,north west,1209,1039214.0
delhi,2021,1,south west,1122,955826.0
delhi,2021,1,north,1071,836840.0
delhi,2021,1,south,876,689212.0
delhi,2021,1,east,869,557334.0
delhi,2021,1,north east,724,557236.0
delhi,2021,2,west,1965,1709029.0
delhi,2021,2,north,1715,1204997.0
delhi,2021,2,south east delhi,1372,1138461.0
delhi,2021,2,south west,1350,1213927.0
delhi,2021,2,north west,1241,1037196.0
delhi,2021,2,new delhi,1214,1094080.0
delhi,2021,2,central delhi,1169,912743.0
delhi,2021,2,south,966,804844.0
delhi,2021,2,east,905,673239.0
delhi,2021,2,north east,757,545097.0
delhi,2021,3,west,2246,2081839.0
delhi,2021,3,south east delhi,1983,1712098.0
delhi,2021,3,central delhi,1922,1681351.0
delhi,2021,3,new delhi,1614,1641612.0
delhi,2021,3,south west,1605,1521438.0
delhi,2021,3,north west,1564,1354014.0
delhi,2021,3,north,1393,1225046.0
delhi,2021,3,east,1163,1050569.0
delhi,2021,3,north east,1095,880410.0
delhi,2021,3,south,1091,1054717.0
delhi,2021,4,west,5047,5302169.0
delhi,2021,4,south east delhi,3928,4127616.0
delhi,2021,4,north west,3819,4201220.0
delhi,2021,4,central delhi,3812,3661609.0
delhi,2021,4,new delhi,3386,3883912.0
delhi,2021,4,south west,3041,3508911.0
delhi,2021,4,north,2825,3116537.0
delhi,2021,4,east,2256,2417363.0
delhi,2021,4,shahdara,2078,2090727.0
delhi,2021,4,south,2057,2315999.0
delhi,2020,2,west,2159,341511.0
delhi,2020,2,south east delhi,1438,232946.0
delhi,2020,2,south,1251,206601.0
delhi,2020,2,east,1247,188078.0
delhi,2020,2,north west,1148,184911.0
delhi,2020,2,south west,1131,186173.0
delhi,2020,2,central delhi,971,154625.0
delhi,2020,2,new delhi,881,152882.0
delhi,2020,2,north,736,123572.0
delhi,2020,2,shahdara,435,73327.0
delhi,2020,3,west,1250,330947.0
delhi,2020,3,south east delhi,922,240168.0
delhi,2020,3,north west,815,195772.0
delhi,2020,3,south west,789,243882.0
delhi,2020,3,central delhi,672,153666.0
delhi,2020,3,new delhi,652,161870.0
delhi,2020,3,east,641,163616.0
delhi,2020,3,south,637,157653.0
delhi,2020,3,north,588,136601.0
delhi,2020,3,shahdara,316,73604.0
delhi,2020,4,west,1383,1065762.0
delhi,2020,4,south east delhi,1240,965278.0
delhi,2020,4,south west,1094,1007667.0
delhi,2020,4,new delhi,1030,945117.0
delhi,2020,4,north west,993,770313.0
delhi,2020,4,central delhi,778,611387.0
delhi,2020,4,north,760,645843.0
delhi,2020,4,east,732,564969.0
delhi,2020,4,south,622,567678.0
delhi,2020,4,shahdara,578,464731.0
west-bengal,2022,1,kolkata,6763,7736401.0
west-bengal,2022,1,north twenty four parganas,6640,8833426.0
west-bengal,2022,1,howrah,2597,3174912.0
west-bengal,2022,1,south twenty four parganas,2553,3584327.0
west-bengal,2022,1,paschim bardhaman,2161,3005032.0
west-bengal,2022,1,hooghly,1915,2609225.0
west-bengal,2022,1,maldah,1876,2421056.0
west-bengal,2022,1,paschim medinipur,1780,2355975.0
west-bengal,2022,1,purba bardhaman,1738,2221947.0
west-bengal,2022,1,darjiling,1572,1998293.0
west-bengal,2022,2,north twenty four parganas,6379,8088304.0
west-bengal,2022,2,kolkata,6127,6704205.0
west-bengal,2022,2,howrah,2367,2846008.0
west-bengal,2022,2,south twenty four parganas,2163,2809645.0
west-bengal,2022,2,paschim bardhaman,1807,2478141.0
west-bengal,2022,2,hooghly,1804,2479308.0
west-bengal,2022,2,darjiling,1351,1706036.0
west-bengal,2022,2,purba bardhaman,1284,1606058.0
west-bengal,2022,2,paschim medinipur,1273,1512137.0
west-bengal,2022,2,nadia,1189,1690781.0
west-bengal,2022,3,north twenty four parganas,8821,10908223.0
west-bengal,2022,3,kolkata,8666,9648958.0
west-bengal,2022,3,south twenty four parganas,3388,4205397.0
west-bengal,2022,3,howrah,3386,3925097.0
west-bengal,2022,3,paschim bardhaman,2688,3490145.0
west-bengal,2022,3,hooghly,2535,3346651.0
west-bengal,2022,3,purba bardhaman,2079,2560858.0
west-bengal,2022,3,maldah,1776,2288540.0
west-bengal,2022,3,nadia,1754,2454885.0
west-bengal,2022,3,paschim medinipur,1733,2279289.0
west-bengal,2022,4,north twenty four parganas,10071,13297497.0
west-bengal,2022,4,kolkata,9215,10683722.0
west-bengal,2022,4,howrah,3875,4827100.0
west-bengal,2022,4,south twenty four parganas,3847,4752290.0
west-bengal,2022,4,paschim medinipur,3569,4249681.0
west-bengal,2022,4,paschim bardhaman,3046,4171226.0
west-bengal,2022,4,hooghly,2783,3954761.0
west-bengal,2022,4,darjiling,2351,3298987.0
west-bengal,2022,4,maldah,2002,2670979.0
west-bengal,2022,4,nadia,1870,2669178.0
west-bengal,2024,1,north twenty four parganas,14070,19836922.0
west-bengal,2024,1,kolkata,12088,16681997.0
west-bengal,2024,1,south twenty four parganas,5620,7011874.0
west-bengal,2024,1,howrah,5260,6868104.0
west-bengal,2024,1,hooghly,4470,5938963.0
west-bengal,2024,1,paschim bardhaman,4414,6125287.0
west-bengal,2024,1,paschim medinipur,3797,4800244.0
west-bengal,2024,1,maldah,3534,4532095.0
west-bengal,2024,1,purba medinipur,3345,3891064.0
west-bengal,2024,1,nadia,3305,4128424.0
west-bengal,2024,2,north twenty four parganas,12366,17517949.0
west-bengal,2024,2,kolkata,10517,14115515.0
west-bengal,2024,2,south twenty four parganas,4829,6149543.0
west-bengal,2024,2,howrah,4523,5947418.0
west-bengal,2024,2,paschim bardhaman,3790,5535438.0
west-bengal,2024,2,hooghly,3758,4785509.0
west-bengal,2024,2,paschim medinipur,2793,3494506.0
west-bengal,2024,2,darjiling,2758,4207151.0
west-bengal,2024,2,nadia,2758,3589423.0
west-bengal,2024,2,maldah,2731,3446842.0
west-bengal,2024,3,north twenty four parganas,14047,20510127.0
west-bengal,2024,3,kolkata,12285,16962184.0
west-bengal,2024,3,howrah,5433,7181245.0
west-bengal,2024,3,south twenty four parganas,5229,6980677.0
west-bengal,2024,3,paschim bardhaman,4409,6405671.0
west-bengal,2024,3,hooghly,4285,6048498.0
west-bengal,2024,3,malda,3293,4341156.0
west-bengal,2024,3,nadia,3160,4444441.0
west-bengal,2024,3,purba bardhaman,3110,4052652.0
west-bengal,2024,3,paschim medinipur,3038,4264388.0
west-bengal,2024,4,north twenty four parganas,16080,22630772.0
west-bengal,2024,4,kolkata,13720,18465410.0
west-bengal,2024,4,howrah,6763,8567180.0
west-bengal,2024,4,south twenty four parganas,6659,7720038.0
west-bengal,2024,4,hooghly,5089,6642595.0
west-bengal,2024,4,paschim bardhaman,4945,7005851.0
west-bengal,2024,4,paschim medinipur,4155,5405054.0
west-bengal,2024,4,malda,4042,4902098.0
west-bengal,2024,4,nadia,3807,5031294.0
west-bengal,2024,4,purba bardhaman,3595,4482879.0
west-bengal,2023,1,north twenty four parganas,11211,15232572.0
west-bengal,2023,1,kolkata,10117,12593112.0
west-bengal,2023,1,howrah,4051,5337244.0
west-bengal,2023,1,south twenty four parganas,3767,5042986.0
west-bengal,2023,1,paschim bardhaman,3264,4547900.0
west-bengal,2023,1,hooghly,3076,4353663.0
west-bengal,2023,1,paschim medinipur,2443,3304941.0
west-bengal,2023,1,maldah,2438,3326078.0
west-bengal,2023,1,darjiling,2218,3099342.0
west-bengal,2023,1,nadia,2212,3033002.0
west-bengal,2023,2,north twenty four parganas,9956,12796714.0
west-bengal,2023,2,kolkata,9018,11042108.0
west-bengal,2023,2,south twenty four parganas,3576,4536325.0
west-bengal,2023,2,howrah,3369,4382040.0
west-bengal,2023,2,paschim bardhaman,2918,3955797.0
west-bengal,2023,2,hooghly,2861,3933669.0
west-bengal,2023,2,darjiling,2037,2825313.0
west-bengal,2023,2,nadia,2021,2682343.0
west-bengal,2023,2,paschim medinipur,1804,2352680.0
west-bengal,2023,2,maldah,1799,2468202.0
west-bengal,2023,3,north twenty four parganas,11653,15397844.0
west-bengal,2023,3,kolkata,10667,12579074.0
west-bengal,2023,3,south twenty four parganas,4100,5345416.0
west-bengal,2023,3,howrah,3960,4940209.0
west-bengal,2023,3,hooghly,3336,4705529.0
west-bengal,2023,3,paschim bardhaman,3285,4337285.0
west-bengal,2023,3,purba bardhaman,2444,3247192.0
west-bengal,2023,3,darjiling,2298,3188462.0
west-bengal,2023,3,maldah,2131,2771850.0
west-bengal,2023,3,paschim medinipur,2108,3021797.0
west-bengal,2023,4,north twenty four parganas,13483,19211808.0
west-bengal,2023,4,kolkata,12306,16022532.0
west-bengal,2023,4,south twenty four parganas,5415,6996283.0
west-bengal,2023,4,howrah,5201,6655473.0
west-bengal,2023,4,paschim bardhaman,4095,5823988.0
west-bengal,2023,4,hooghly,4025,5665468.0
west-bengal,2023,4,paschim medinipur,3442,4688055.0
west-bengal,2023,4,maldah,2886,3998317.0
west-bengal,2023,4,nadia,2786,4012958.0
west-bengal,2023,4,darjiling,2762,4044883.0
west-bengal,2021,1,kolkata,3750,2611912.0
west-bengal,2021,1,north twenty four parganas,2388,2089048.0
west-bengal,2021,1,hooghly,1354,871815.0
west-bengal,2021,1,howrah,892,679890.0
west-bengal,2021,1,south twenty four parganas,759,588011.0
west-bengal,2021,1,paschim bardhaman,609,470478.0
west-bengal,2021,1,maldah,560,326652.0
west-bengal,2021,1,darjiling,549,528296.0
west-bengal,2021,1,paschim medinipur,530,335241.0
west-bengal,2021,1,murshidabad,520,331408.0
west-bengal,2021,2,north twenty four parganas,3025,2628371.0
west-bengal,2021,2,kolkata,2513,1919618.0
west-bengal,2021,2,hooghly,1814,1161847.0
west-bengal,2021,2,howrah,969,839685.0
west-bengal,2021,2,south twenty four parganas,864,813571.0
west-bengal,2021,2,paschim bardhaman,697,653764.0
west-bengal,2021,2,purba bardhaman,596,531232.0
west-bengal,2021,2,nadia,535,465213.0
west-bengal,2021,2,purba medinipur,506,346436.0
west-bengal,2021,2,darjiling,489,422426.0
west-bengal,2021,3,kolkata,4808,3468389.0
west-bengal,2021,3,north twenty four parganas,4077,3664190.0
west-bengal,2021,3,hooghly,2972,1791035.0
west-bengal,2021,3,howrah,1702,1365468.0
west-bengal,2021,3,south twenty four parganas,1342,1446109.0
west-bengal,2021,3,purba bardhaman,1246,1113357.0
west-bengal,2021,3,paschim bardhaman,1104,1186714.0
west-bengal,2021,3,maldah,1082,917118.0
west-bengal,2021,3,darjiling,851,790413.0
west-bengal,2021,3,koch bihar,743,505542.0
west-bengal,2021,4,north twenty four parganas,4922,5698422.0
west-bengal,2021,4,kolkata,4645,4777380.0
west-bengal,2021,4,howrah,1957,2162907.0
west-bengal,2021,4,south twenty four parganas,1781,2143612.0
west-bengal,2021,4,hooghly,1751,1907817.0
west-bengal,2021,4,paschim bardhaman,1509,1862383.0
west-bengal,2021,4,maldah,1208,1432474.0
west-bengal,2021,4,darjiling,1070,1346165.0
west-bengal,2021,4,purba bardhaman,1047,1172623.0
west-bengal,2021,4,paschim medinipur,1019,1473713.0
west-bengal,2020,2,north twenty four parganas,2047,355405.0
west-bengal,2020,2,kolkata,1288,224075.0
west-bengal,2020,2,howrah,631,114387.0
west-bengal,2020,2,hooghly,565,108804.0
west-bengal,2020,2,south twenty four parganas,502,100403.0
west-bengal,2020,2,paschim bardhaman,351,71221.0
west-bengal,2020,2,nadia,317,61692.0
west-bengal,2020,2,purba medinipur,274,56622.0
west-bengal,2020,2,paschim medinipur,270,56494.0
west-bengal,2020,2,darjiling,247,45481.0
west-bengal,2020,3,north twenty four parganas,2689,617166.0
west-bengal,2020,3,kolkata,1833,435620.0
west-bengal,2020,3,hooghly,847,201886.0
west-bengal,2020,3,howrah,846,181661.0
west-bengal,2020,3,south twenty four parganas,774,175635.0
west-bengal,2020,3,paschim bardhaman,757,186165.0
west-bengal,2020,3,purba medinipur,581,142104.0
west-bengal,2020,3,paschim medinipur,564,133265.0
west-bengal,2020,3,nadia,521,110858.0
west-bengal,2020,3,murshidabad,458,86182.0
west-bengal,2020,4,north twenty four parganas,1914,1511195.0
west-bengal,2020,4,kolkata,1692,1306337.0
west-bengal,2020,4,howrah,713,547727.0
west-bengal,2020,4,south twenty four parganas,607,550802.0
west-bengal,2020,4,hooghly,569,439509.0
west-bengal,2020,4,paschim bardhaman,563,397183.0
west-bengal,2020,4,purba medinipur,439,271897.0
west-bengal,2020,4,murshidabad,422,213072.0
west-bengal,2020,4,nadia,380,251150.0
west-bengal,2020,4,koch bihar,379,275427.0
uttar-pradesh,2022,1,ghaziabad,4758,6537190.0
uttar-pradesh,2022,1,gautam buddha nagar,4625,6576075.0
uttar-pradesh,2022,1,lucknow,3291,5309887.0
uttar-pradesh,2022,1,kanpur nagar,2777,3507206.0
uttar-pradesh,2022,1,meerut,1653,2798936.0
uttar-pradesh,2022,1,prayagraj,1439,2347870.0
uttar-pradesh,2022,1,agra,1437,2344316.0
uttar-pradesh,2022,1,varanasi,1383,1752157.0
uttar-pradesh,2022,1,gorakhpur,1341,2096332.0
uttar-pradesh,2022,1,bulandshahr,1218,1574674.0
uttar-pradesh,2022,2,gautam buddha nagar,5904,7335621.0
uttar-pradesh,2022,2,ghaziabad,5531,6780218.0
uttar-pradesh,2022,2,lucknow,3852,5617285.0
uttar-pradesh,2022,2,kanpur nagar,2563,3334743.0
uttar-pradesh,2022,2,meerut,2164,3132308.0
uttar-pradesh,2022,2,gorakhpur,1957,2516685.0
uttar-pradesh,2022,2,bulandshahr,1920,1817830.0
uttar-pradesh,2022,2,prayagraj,1826,2674015.0
uttar-pradesh,2022,2,varanasi,1563,1959557.0
uttar-pradesh,2022,2,bareilly,1487,1899280.0
uttar-pradesh,2022,3,gautam buddha nagar,7470,8955231.0
uttar-pradesh,2022,3,ghaziabad,6828,8266994.0
uttar-pradesh,2022,3,lucknow,4530,6093552.0
uttar-pradesh,2022,3,meerut,3115,4248870.0
uttar-pradesh,2022,3,kanpur nagar,2994,3637095.0
uttar-pradesh,2022,3,gorakhpur,2189,2883081.0
uttar-pradesh,2022,3,prayagraj,2178,2899353.0
uttar-pradesh,2022,3,bulandshahr,1800,1853520.0
uttar-pradesh,2022,3,agra,1668,2168436.0
uttar-pradesh,2022,3,varanasi,1593,2172926.0
uttar-pradesh,2022,4,gautam buddha nagar,9335,12220201.0
uttar-pradesh,2022,4,ghaziabad,8564,11370990.0
uttar-pradesh,2022,4,lucknow,5733,8510985.0
uttar-pradesh,2022,4,kanpur nagar,4549,5955630.0
uttar-pradesh,2022,4,meerut,3241,4918862.0
uttar-pradesh,2022,4,prayagraj,2676,4030415.0
uttar-pradesh,2022,4,gorakhpur,2131,3290711.0
uttar-pradesh,2022,4,agra,2038,3245964.0
uttar-pradesh,2022,4,varanasi,1865,2641816.0
uttar-pradesh,2022,4,bulandshahr,1681,2269862.0
uttar-pradesh,2024,1,gautam buddha nagar,10981,17480550.0
uttar-pradesh,2024,1,ghaziabad,9392,15080168.0
uttar-pradesh,2024,1,lucknow,6736,12751921.0
uttar-pradesh,2024,1,kanpur nagar,5244,8381914.0
uttar-pradesh,2024,1,meerut,4372,7716667.0
uttar-pradesh,2024,1,prayagraj,3581,6457219.0
uttar-pradesh,2024,1,agra,2778,5205452.0
uttar-pradesh,2024,1,moradabad,2771,4524971.0
uttar-pradesh,2024,1,gorakhpur,2704,4712299.0
uttar-pradesh,2024,1,bareilly,2541,4176264.0
uttar-pradesh,2024,2,gautam buddha nagar,9887,16523674.0
uttar-pradesh,2024,2,ghaziabad,8271,13333267.0
uttar-pradesh,2024,2,lucknow,5893,11428152.0
uttar-pradesh,2024,2,kanpur nagar,4591,7536607.0
uttar-pradesh,2024,2,meerut,3591,6184000.0
uttar-pradesh,2024,2,prayagraj,3184,5747573.0
uttar-pradesh,2024,2,moradabad,2733,4484726.0
uttar-pradesh,2024,2,bareilly,2491,4072343.0
uttar-pradesh,2024,2,gorakhpur,2444,4326018.0
uttar-pradesh,2024,2,varanasi,2414,4463808.0
uttar-pradesh,2024,3,gautambuddha nagar,10577,17321952.0
uttar-pradesh,2024,3,ghaziabad,9193,14000780.0
uttar-pradesh,2024,3,lucknow,6514,11848066.0
uttar-pradesh,2024,3,kanpur nagar,4825,7438114.0
uttar-pradesh,2024,3,meerut,4013,6718841.0
uttar-pradesh,2024,3,prayagraj,3439,5704952.0
uttar-pradesh,2024,3,gorakhpur,2752,4772281.0
uttar-pradesh,2024,3,moradabad,2648,4074503.0
uttar-pradesh,2024,3,agra,2490,4578823.0
uttar-pradesh,2024,3,varanasi,2311,4039502.0
uttar-pradesh,2024,4,gautambuddha nagar,13381,21437439.0
uttar-pradesh,2024,4,ghaziabad,11710,18521578.0
uttar-pradesh,2024,4,lucknow,7137,13917630.0
uttar-pradesh,2024,4,kanpur nagar,5328,8989140.0
uttar-pradesh,2024,4,prayagraj,4525,7958403.0
uttar-pradesh,2024,4,meerut,4424,7889754.0
uttar-pradesh,2024,4,gorakhpur,3223,5536867.0
uttar-pradesh,2024,4,moradabad,3071,4976308.0
uttar-pradesh,2024,4,agra,3066,5497894.0
uttar-pradesh,2024,4,varanasi,3042,5443097.0
uttar-pradesh,2023,1,ghaziabad,8919,12476473.0
uttar-pradesh,2023,1,gautam buddha nagar,8860,13530430.0
uttar-pradesh,2023,1,lucknow,5168,9298453.0
uttar-pradesh,2023,1,kanpur nagar,4196,6293656.0
uttar-pradesh,2023,1,meerut,3754,6164804.0
uttar-pradesh,2023,1,prayagraj,2140,3967644.0
uttar-pradesh,2023,1,agra,2007,3635170.0
uttar-pradesh,2023,1,gorakhpur,1946,3091996.0
uttar-pradesh,2023,1,bareilly,1766,2868326.0
uttar-pradesh,2023,1,varanasi,1684,2782251.0
uttar-pradesh,2023,2,gautam buddha nagar,8903,13095093.0
uttar-pradesh,2023,2,ghaziabad,8012,11085163.0
uttar-pradesh,2023,2,lucknow,5598,9801277.0
uttar-pradesh,2023,2,kanpur nagar,3859,5491209.0
uttar-pradesh,2023,2,meerut,3087,4828715.0
uttar-pradesh,2023,2,moradabad,2749,3943977.0
uttar-pradesh,2023,2,prayagraj,2383,4088463.0
uttar-pradesh,2023,2,agra,2255,3833794.0
uttar-pradesh,2023,2,gorakhpur,2009,3340034.0
uttar-pradesh,2023,2,bareilly,1850,3100459.0
uttar-pradesh,2023,3,gautam buddha nagar,10225,13643003.0
uttar-pradesh,2023,3,ghaziabad,8914,11669450.0
uttar-pradesh,2023,3,lucknow,6190,9701936.0
uttar-pradesh,2023,3,kanpur nagar,4630,6508882.0
uttar-pradesh,2023,3,meerut,3680,5465789.0
uttar-pradesh,2023,3,gorakhpur,2403,3612643.0
uttar-pradesh,2023,3,prayagraj,2364,3815831.0
uttar-pradesh,2023,3,agra,2209,3489628.0
uttar-pradesh,2023,3,moradabad,2019,2881894.0
uttar-pradesh,2023,3,varanasi,1948,2952032.0
uttar-pradesh,2023,4,gautam buddha nagar,10878,17960233.0
uttar-pradesh,2023,4,ghaziabad,9319,14487937.0
uttar-pradesh,2023,4,lucknow,6505,12260960.0
uttar-pradesh,2023,4,kanpur nagar,5160,8080958.0
uttar-pradesh,2023,4,meerut,3870,7048374.0
uttar-pradesh,2023,4,prayagraj,3310,5777544.0
uttar-pradesh,2023,4,agra,2711,5093950.0
uttar-pradesh,2023,4,gorakhpur,2533,4280963.0
uttar-pradesh,2023,4,bareilly,2460,4239599.0
uttar-pradesh,2023,4,varanasi,2220,3754886.0
uttar-pradesh,2021,1,gautam buddha nagar,2704,1750483.0
uttar-pradesh,2021,1,ghaziabad,2252,1736688.0
uttar-pradesh,2021,1,lucknow,1660,1301902.0
uttar-pradesh,2021,1,kanpur nagar,1252,851804.0
uttar-pradesh,2021,1,prayagraj,942,675067.0
uttar-pradesh,2021,1,meerut,799,753509.0
uttar-pradesh,2021,1,varanasi,739,448948.0
uttar-pradesh,2021,1,gorakhpur,665,538572.0
uttar-pradesh,2021,1,agra,623,394070.0
uttar-pradesh,2021,1,moradabad,587,305679.0
uttar-pradesh,2021,2,gautam buddha nagar,2623,2093735.0
uttar-pradesh,2021,2,ghaziabad,2403,2076073.0
uttar-pradesh,2021,2,lucknow,1853,1917156.0
uttar-pradesh,2021,2,kanpur nagar,1135,1145126.0
uttar-pradesh,2021,2,moradabad,928,574505.0
uttar-pradesh,2021,2,prayagraj,890,892945.0
uttar-pradesh,2021,2,meerut,818,933510.0
uttar-pradesh,2021,2,gorakhpur,720,732382.0
uttar-pradesh,2021,2,varanasi,689,536792.0
uttar-pradesh,2021,2,agra,643,468307.0
uttar-pradesh,2021,3,gautam buddha nagar,3442,3050678.0
uttar-pradesh,2021,3,ghaziabad,3152,3006811.0
uttar-pradesh,2021,3,lucknow,2417,2537773.0
uttar-pradesh,2021,3,kanpur nagar,1414,1206885.0
uttar-pradesh,2021,3,moradabad,1224,740164.0
uttar-pradesh,2021,3,meerut,1061,1113523.0
uttar-pradesh,2021,3,prayagraj,1042,1036771.0
uttar-pradesh,2021,3,gorakhpur,931,958444.0
uttar-pradesh,2021,3,agra,833,766422.0
uttar-pradesh,2021,3,varanasi,762,712414.0
uttar-pradesh,2021,4,ghaziabad,4654,5977135.0
uttar-pradesh,2021,4,gautam buddha nagar,4293,5710659.0
uttar-pradesh,2021,4,lucknow,3296,4038538.0
uttar-pradesh,2021,4,kanpur nagar,2265,2760463.0
uttar-pradesh,2021,4,meerut,1601,2421444.0
uttar-pradesh,2021,4,prayagraj,1599,2221711.0
uttar-pradesh,2021,4,agra,1238,1610714.0
uttar-pradesh,2021,4,gorakhpur,1230,1790715.0
uttar-pradesh,2021,4,varanasi,1190,1393923.0
uttar-pradesh,2021,4,bareilly,968,1132558.0
uttar-pradesh,2020,2,gautam buddha nagar,2335,394994.0
uttar-pradesh,2020,2,ghaziabad,1520,264005.0
uttar-pradesh,2020,2,lucknow,811,155822.0
uttar-pradesh,2020,2,kanpur nagar,503,96483.0
uttar-pradesh,2020,2,gorakhpur,373,73816.0
uttar-pradesh,2020,2,meerut,349,67016.0
uttar-pradesh,2020,2,agra,301,63087.0
uttar-pradesh,2020,2,varanasi,299,60741.0
uttar-pradesh,2020,2,prayagraj,283,57156.0
uttar-pradesh,2020,2,mathura,189,38741.0
uttar-pradesh,2020,3,gautam buddha nagar,1969,502733.0
uttar-pradesh,2020,3,lucknow,1629,426367.0
uttar-pradesh,2020,3,ghaziabad,1585,389991.0
uttar-pradesh,2020,3,kanpur nagar,999,244746.0
uttar-pradesh,2020,3,varanasi,868,200279.0
uttar-pradesh,2020,3,gorakhpur,794,203169.0
uttar-pradesh,2020,3,prayagraj,734,175907.0
uttar-pradesh,2020,3,agra,499,109194.0
uttar-pradesh,2020,3,meerut,475,127867.0
uttar-pradesh,2020,3,bareilly,404,92869.0
uttar-pradesh,2020,4,gautam buddha nagar,1890,1432507.0
uttar-pradesh,2020,4,ghaziabad,1812,1430818.0
uttar-pradesh,2020,4,lucknow,1215,1018602.0
uttar-pradesh,2020,4,kanpur nagar,913,744324.0
uttar-pradesh,2020,4,prayagraj,669,558900.0
uttar-pradesh,2020,4,meerut,543,568873.0
uttar-pradesh,2020,4,varanasi,538,370559.0
uttar-pradesh,2020,4,agra,509,312588.0
uttar-pradesh,2020,4,gorakhpur,479,401165.0
uttar-pradesh,2020,4,bareilly,366,289874.0
goa,2022,1,north goa,1369,2131215.0
goa,2022,1,south goa,1265,1734030.0
goa,2022,2,north goa,2018,3006451.0
goa,2022,2,south goa,1506,2087059.0
goa,2022,3,north goa,1669,2298586.0
goa,2022,3,south goa,1488,1843522.0
goa,2022,4,north goa,2517,3662258.0
goa,2022,4,south goa,1871,2528411.0
goa,2024,1,north goa,2803,4037155.0
goa,2024,1,south goa,2422,3490938.0
goa,2024,2,north goa,2752,4045983.0
goa,2024,2,south goa,2269,3132575.0
goa,2024,3,south goa,2836,4097331.0
goa,2024,3,north goa,2518,3954359.0
goa,2024,4,south goa,3426,4867109.0
goa,2024,4,north goa,3236,5036265.0
goa,2023,1,north goa,2130,3216159.0
goa,2023,1,south goa,1967,2643390.0
goa,2023,2,north goa,2231,3373064.0
goa,2023,2,south goa,1935,2557737.0
goa,2023,3,north goa,2161,3229062.0
goa,2023,3,south goa,1766,2416992.0
goa,2023,4,north goa,2725,4320025.0
goa,2023,4,south goa,2158,3090976.0
goa,2021,1,north goa,514,464207.0
goa,2021,1,south goa,365,363177.0
goa,2021,2,north goa,561,531664.0
goa,2021,2,south goa,455,496675.0
goa,2021,3,north goa,668,825408.0
goa,2021,3,south goa,546,560578.0
goa,2021,4,north goa,1203,1604306.0
goa,2021,4,south goa,884,1133010.0
goa,2020,2,north goa,181,37838.0
goa,2020,2,south goa,160,33262.0
goa,2020,3,north goa,401,115163.0
goa,2020,3,south goa,282,81701.0
goa,2020,4,north goa,351,398099.0
goa,2020,4,south goa,263,284265.0
punjab,2022,1,ludhiana,1184,2120278.0
punjab,2022,1,sas nagar,1135,1845468.0
punjab,2022,1,mansa,699,450234.0
punjab,2022,1,jalandhar,652,1032157.0
punjab,2022,1,bathinda,521,781949.0
punjab,2022,1,amritsar,455,881679.0
punjab,2022,1,patiala,399,974671.0
punjab,2022,1,hoshiarpur,371,746598.0
punjab,2022,1,sangrur,300,424823.0
punjab,2022,1,pathankot,240,472435.0
punjab,2022,2,sas nagar,1609,2609655.0
punjab,2022,2,ludhiana,1508,2179780.0
punjab,2022,2,jalandhar,874,1485593.0
punjab,2022,2,amritsar,686,1193605.0
punjab,2022,2,patiala,635,1167226.0
punjab,2022,2,bathinda,614,957624.0
punjab,2022,2,hoshiarpur,404,786570.0
punjab,2022,2,sangrur,403,562768.0
punjab,2022,2,pathankot,345,563810.0
punjab,2022,2,mansa,245,348275.0
punjab,2022,3,sas nagar,2303,3176155.0
punjab,2022,3,ludhiana,1961,2687099.0
punjab,2022,3,amritsar,1031,1765869.0
punjab,2022,3,jalandhar,1006,1468356.0
punjab,2022,3,bathinda,797,1211130.0
punjab,2022,3,patiala,749,1294854.0
punjab,2022,3,pathankot,692,1008235.0
punjab,2022,3,hoshiarpur,554,1013777.0
punjab,2022,3,sangrur,475,540188.0
punjab,2022,3,gurdaspur,457,858783.0
punjab,2022,4,sas nagar,2288,3709862.0
punjab,2022,4,ludhiana,2140,3167544.0
punjab,2022,4,jalandhar,1000,1718210.0
punjab,2022,4,amritsar,970,1692695.0
punjab,2022,4,bathinda,726,1370973.0
punjab,2022,4,patiala,722,1513303.0
punjab,2022,4,hoshiarpur,600,1234163.0
punjab,2022,4,pathankot,506,899972.0
punjab,2022,4,sangrur,470,697393.0
punjab,2022,4,gurdaspur,417,733846.0
punjab,2024,1,sas nagar,2821,5101014.0
punjab,2024,1,ludhiana,2561,3847279.0
punjab,2024,1,jalandhar,1185,2174769.0
punjab,2024,1,amritsar,1104,2157284.0
punjab,2024,1,bathinda,1040,1978256.0
punjab,2024,1,patiala,959,2010970.0
punjab,2024,1,pathankot,678,1252129.0
punjab,2024,1,hoshiarpur,642,1435308.0
punjab,2024,1,gurdaspur,442,1025134.0
punjab,2024,1,sangrur,399,912529.0
punjab,2024,2,sas nagar,2901,5591570.0
punjab,2024,2,ludhiana,2362,3744252.0
punjab,2024,2,amritsar,1311,2470409.0
punjab,2024,2,jalandhar,1100,2108562.0
punjab,2024,2,patiala,980,2026650.0
punjab,2024,2,bathinda,720,1428374.0
punjab,2024,2,pathankot,716,1301396.0
punjab,2024,2,hoshiarpur,619,1301853.0
punjab,2024,2,kapurthala,385,721579.0
punjab,2024,2,fazilka,382,812457.0
punjab,2024,3,sas nagar,3006,5667409.0
punjab,2024,3,ludhiana,2510,4172338.0
punjab,2024,3,amritsar,1539,2991537.0
punjab,2024,3,jalandhar,1256,2142101.0
punjab,2024,3,patiala,905,1709409.0
punjab,2024,3,hoshiarpur,849,1627453.0
punjab,2024,3,bathinda,745,1603910.0
punjab,2024,3,pathankot,717,1326765.0
punjab,2024,3,kapurthala,477,932429.0
punjab,2024,3,rupnagar,424,923830.0
punjab,2024,4,sas nagar,3398,6428068.0
punjab,2024,4,ludhiana,2804,4255410.0
punjab,2024,4,jalandhar,1382,2560324.0
punjab,2024,4,amritsar,1282,2843044.0
punjab,2024,4,bathinda,1144,1929363.0
punjab,2024,4,patiala,1000,2120528.0
punjab,2024,4,hoshiarpur,776,1722490.0
punjab,2024,4,pathankot,693,1417409.0
punjab,2024,4,gurdaspur,424,1058136.0
punjab,2024,4,kapurthala,420,813459.0
punjab,2023,1,sas nagar,2146,4086044.0
punjab,2023,1,ludhiana,1837,3230691.0
punjab,2023,1,jalandhar,931,1754296.0
punjab,2023,1,amritsar,917,1865322.0
punjab,2023,1,patiala,682,1650931.0
punjab,2023,1,bathinda,545,1283520.0
punjab,2023,1,pathankot,514,1060019.0
punjab,2023,1,hoshiarpur,500,1328429.0
punjab,2023,1,gurdaspur,353,885643.0
punjab,2023,1,kapurthala,294,587248.0
punjab,2023,2,sas nagar,2606,4613121.0
punjab,2023,2,ludhiana,2136,3486226.0
punjab,2023,2,amritsar,1606,2519911.0
punjab,2023,2,jalandhar,1263,1937881.0
punjab,2023,2,patiala,779,1745760.0
punjab,2023,2,bathinda,610,1147800.0
punjab,2023,2,pathankot,590,1144908.0
punjab,2023,2,hoshiarpur,561,1263496.0
punjab,2023,2,gurdaspur,373,834823.0
punjab,2023,2,sangrur,327,798822.0
punjab,2023,3,sas nagar,2820,4641417.0
punjab,2023,3,ludhiana,2423,3264425.0
punjab,2023,3,amritsar,1381,2262878.0
punjab,2023,3,jalandhar,1329,1743153.0
punjab,2023,3,patiala,792,1465777.0
punjab,2023,3,hoshiarpur,730,1422580.0
punjab,2023,3,pathankot,702,1191858.0
punjab,2023,3,bathinda,691,1369476.0
punjab,2023,3,gurdaspur,405,899868.0
punjab,2023,3,kapurthala,352,621960.0
punjab,2023,4,sas nagar,2981,5886008.0
punjab,2023,4,ludhiana,2308,4051850.0
punjab,2023,4,bathinda,1139,1993422.0
punjab,2023,4,amritsar,1111,2357920.0
punjab,2023,4,jalandhar,1053,2203746.0
punjab,2023,4,patiala,807,1673018.0
punjab,2023,4,hoshiarpur,666,1625737.0
punjab,2023,4,pathankot,575,1183980.0
punjab,2023,4,gurdaspur,386,1044061.0
punjab,2023,4,rupnagar,329,908180.0
punjab,2021,1,ludhiana,861,369315.0
punjab,2021,1,sas nagar,535,368411.0
punjab,2021,1,amritsar,324,190419.0
punjab,2021,1,jalandhar,261,170388.0
punjab,2021,1,patiala,236,131202.0
punjab,2021,1,bathinda,220,150288.0
punjab,2021,1,sangrur,165,118078.0
punjab,2021,1,hoshiarpur,151,138240.0
punjab,2021,1,fazilka,125,82640.0
punjab,2021,1,firozepur,113,101355.0
punjab,2021,2,ludhiana,898,599843.0
punjab,2021,2,sas nagar,587,542602.0
punjab,2021,2,amritsar,399,363006.0
punjab,2021,2,jalandhar,288,271427.0
punjab,2021,2,bathinda,273,242611.0
punjab,2021,2,patiala,256,207085.0
punjab,2021,2,hoshiarpur,159,280629.0
punjab,2021,2,sangrur,157,130688.0
punjab,2021,2,fazilka,143,107808.0
punjab,2021,2,pathankot,142,161045.0
punjab,2021,3,ludhiana,988,855879.0
punjab,2021,3,sas nagar,610,742657.0
punjab,2021,3,jalandhar,448,478633.0
punjab,2021,3,amritsar,369,332103.0
punjab,2021,3,sangrur,353,250351.0
punjab,2021,3,bathinda,275,301456.0
punjab,2021,3,patiala,268,266364.0
punjab,2021,3,mansa,197,99917.0
punjab,2021,3,hoshiarpur,181,306291.0
punjab,2021,3,pathankot,165,291101.0
punjab,2021,4,sas nagar,1079,1484361.0
punjab,2021,4,ludhiana,863,1315925.0
punjab,2021,4,mansa,563,282635.0
punjab,2021,4,jalandhar,504,737684.0
punjab,2021,4,amritsar,482,837451.0
punjab,2021,4,bathinda,458,618169.0
punjab,2021,4,patiala,350,513607.0
punjab,2021,4,hoshiarpur,347,722687.0
punjab,2021,4,sangrur,277,286504.0
punjab,2021,4,pathankot,245,523947.0
punjab,2020,2,ludhiana,558,104769.0
punjab,2020,2,sas nagar,352,63936.0
punjab,2020,2,jalandhar,296,54064.0
punjab,2020,2,amritsar,156,31594.0
punjab,2020,2,patiala,107,21680.0
punjab,2020,2,bathinda,76,16389.0
punjab,2020,2,hoshiarpur,73,15546.0
punjab,2020,2,sangrur,64,12663.0
punjab,2020,2,sri muktsar sahib,50,9490.0
punjab,2020,2,tarn taran,35,7444.0
punjab,2020,3,ludhiana,580,147327.0
punjab,2020,3,sas nagar,361,98689.0
punjab,2020,3,jalandhar,209,64695.0
punjab,2020,3,patiala,202,55606.0
punjab,2020,3,amritsar,194,52044.0
punjab,2020,3,bathinda,142,38321.0
punjab,2020,3,tarn taran,81,18363.0
punjab,2020,3,hoshiarpur,80,22366.0
punjab,2020,3,rupnagar,66,21805.0
punjab,2020,3,sangrur,66,19107.0
punjab,2020,4,ludhiana,516,306909.0
punjab,2020,4,sas nagar,365,275714.0
punjab,2020,4,jalandhar,249,179846.0
punjab,2020,4,amritsar,179,180379.0
punjab,2020,4,bathinda,159,131704.0
punjab,2020,4,patiala,156,100202.0
punjab,2020,4,hoshiarpur,99,104137.0
punjab,2020,4,sangrur,79,27515.0
punjab,2020,4,firozepur,75,63082.0
punjab,2020,4,pathankot,74,103285.0
arunachal-pradesh,2022,1,papum pare,149,339981.0
arunachal-pradesh,2022,1,west kameng,36,83342.0
arunachal-pradesh,2022,1,tirap,22,98280.0
arunachal-pradesh,2022,1,east siang,22,50073.0
arunachal-pradesh,2022,1,changlang,22,41022.0
arunachal-pradesh,2022,1,lohit,17,33684.0
arunachal-pradesh,2022,1,namsai,13,25903.0
arunachal-pradesh,2022,1,tawang,11,59469.0
arunachal-pradesh,2022,1,lower dibang valley,10,17012.0
arunachal-pradesh,2022,1,lower subansiri,9,27520.0
arunachal-pradesh,2022,2,papum pare,310,752159.0
arunachal-pradesh,2022,2,west kameng,47,115575.0
arunachal-pradesh,2022,2,east siang,29,107087.0
arunachal-pradesh,2022,2,tawang,26,61225.0
arunachal-pradesh,2022,2,changlang,25,51823.0
arunachal-pradesh,2022,2,west siang,24,54485.0
arunachal-pradesh,2022,2,lohit,21,59273.0
arunachal-pradesh,2022,2,tirap,15,32728.0
arunachal-pradesh,2022,2,namsai,14,34582.0
arunachal-pradesh,2022,2,lower dibang valley,13,25061.0
arunachal-pradesh,2022,3,papum pare,250,590296.0
arunachal-pradesh,2022,3,west kameng,42,118030.0
arunachal-pradesh,2022,3,east siang,35,54567.0
arunachal-pradesh,2022,3,tawang,24,112439.0
arunachal-pradesh,2022,3,tirap,23,54004.0
arunachal-pradesh,2022,3,changlang,22,53679.0
arunachal-pradesh,2022,3,lohit,18,45865.0
arunachal-pradesh,2022,3,lower dibang valley,17,26960.0
arunachal-pradesh,2022,3,west siang,16,86941.0
arunachal-pradesh,2022,3,east kameng,15,25996.0
arunachal-pradesh,2022,4,papum pare,249,557453.0
arunachal-pradesh,2022,4,west kameng,53,140810.0
arunachal-pradesh,2022,4,changlang,39,92295.0
arunachal-pradesh,2022,4,lohit,35,74057.0
arunachal-pradesh,2022,4,east siang,33,62867.0
arunachal-pradesh,2022,4,tawang,32,117810.0
arunachal-pradesh,2022,4,namsai,25,52176.0
arunachal-pradesh,2022,4,lower dibang valley,23,56348.0
arunachal-pradesh,2022,4,west siang,22,42902.0
arunachal-pradesh,2022,4,tirap,22,69612.0
arunachal-pradesh,2024,1,papum pare,415,902815.0
arunachal-pradesh,2024,1,west kameng,109,264851.0
arunachal-pradesh,2024,1,east siang,88,195598.0
arunachal-pradesh,2024,1,changlang,60,119720.0
arunachal-pradesh,2024,1,lohit,58,125916.0
arunachal-pradesh,2024,1,tawang,57,123314.0
arunachal-pradesh,2024,1,west siang,49,128839.0
arunachal-pradesh,2024,1,lower dibang valley,48,123833.0
arunachal-pradesh,2024,1,namsai,37,74800.0
arunachal-pradesh,2024,1,lower subansiri,31,47226.0
arunachal-pradesh,2024,2,papum pare,361,844112.0
arunachal-pradesh,2024,2,tawang,192,165583.0
arunachal-pradesh,2024,2,west kameng,100,234304.0
arunachal-pradesh,2024,2,lohit,55,80040.0
arunachal-pradesh,2024,2,changlang,55,127100.0
arunachal-pradesh,2024,2,east siang,54,143926.0
arunachal-pradesh,2024,2,west siang,48,122922.0
arunachal-pradesh,2024,2,lower subansiri,40,58095.0
arunachal-pradesh,2024,2,lower dibang valley,38,102160.0
arunachal-pradesh,2024,2,namsai,32,80520.0
arunachal-pradesh,2024,3,itanagar capital complex,218,512620.0
arunachal-pradesh,2024,3,west kameng,115,280805.0
arunachal-pradesh,2024,3,tawang,69,166341.0
arunachal-pradesh,2024,3,papum pare,66,79642.0
arunachal-pradesh,2024,3,changlang,57,132735.0
arunachal-pradesh,2024,3,east siang,47,127890.0
arunachal-pradesh,2024,3,tirap,35,80188.0
arunachal-pradesh,2024,3,lohit,32,96133.0
arunachal-pradesh,2024,3,west siang,28,89620.0
arunachal-pradesh,2024,3,namsai,28,93343.0
arunachal-pradesh,2024,4,itanagar capital complex,240,638964.0
arunachal-pradesh,2024,4,west kameng,117,277233.0
arunachal-pradesh,2024,4,east siang,89,235678.0
arunachal-pradesh,2024,4,tawang,68,223139.0
arunachal-pradesh,2024,4,papum pare,61,126855.0
arunachal-pradesh,2024,4,changlang,55,85559.0
arunachal-pradesh,2024,4,west siang,55,118386.0
arunachal-pradesh,2024,4,namsai,41,93403.0
arunachal-pradesh,2024,4,lower subansiri,35,61313.0
arunachal-pradesh,2024,4,tirap,35,86267.0
arunachal-pradesh,2023,1,papum pare,214,609907.0
arunachal-pradesh,2023,1,changlang,58,150506.0
arunachal-pradesh,2023,1,west kameng,58,148766.0
arunachal-pradesh,2023,1,east siang,45,131785.0
arunachal-pradesh,2023,1,tawang,43,177062.0
arunachal-pradesh,2023,1,west siang,26,77049.0
arunachal-pradesh,2023,1,lohit,22,48743.0
arunachal-pradesh,2023,1,tirap,20,42058.0
arunachal-pradesh,2023,1,lower subansiri,18,52453.0
arunachal-pradesh,2023,1,lower dibang valley,17,32562.0
arunachal-pradesh,2023,2,papum pare,261,767297.0
arunachal-pradesh,2023,2,west kameng,87,278705.0
arunachal-pradesh,2023,2,east siang,49,134410.0
arunachal-pradesh,2023,2,changlang,48,182270.0
arunachal-pradesh,2023,2,namsai,34,96483.0
arunachal-pradesh,2023,2,tawang,31,117759.0
arunachal-pradesh,2023,2,lohit,29,65934.0
arunachal-pradesh,2023,2,lower dibang valley,29,51944.0
arunachal-pradesh,2023,2,west siang,27,85810.0
arunachal-pradesh,2023,2,tirap,21,70549.0
arunachal-pradesh,2023,3,papum pare,285,696186.0
arunachal-pradesh,2023,3,west kameng,65,185636.0
arunachal-pradesh,2023,3,east siang,59,113780.0
arunachal-pradesh,2023,3,changlang,44,108703.0
arunachal-pradesh,2023,3,tawang,39,129855.0
arunachal-pradesh,2023,3,lower dibang valley,39,140365.0
arunachal-pradesh,2023,3,tirap,38,135660.0
arunachal-pradesh,2023,3,namsai,34,55710.0
arunachal-pradesh,2023,3,lohit,29,102043.0
arunachal-pradesh,2023,3,west siang,23,92531.0
arunachal-pradesh,2023,4,papum pare,318,852980.0
arunachal-pradesh,2023,4,west kameng,67,190405.0
arunachal-pradesh,2023,4,namsai,49,120567.0
arunachal-pradesh,2023,4,west siang,48,119227.0
arunachal-pradesh,2023,4,changlang,47,94883.0
arunachal-pradesh,2023,4,tawang,45,167579.0
arunachal-pradesh,2023,4,east siang,42,109484.0
arunachal-pradesh,2023,4,lower dibang valley,35,81825.0
arunachal-pradesh,2023,4,lohit,34,77356.0
arunachal-pradesh,2023,4,tirap,32,74981.0
arunachal-pradesh,2021,1,papum pare,65,62651.0
arunachal-pradesh,2021,1,east siang,18,8695.0
arunachal-pradesh,2021,1,west kameng,15,9871.0
arunachal-pradesh,2021,1,changlang,12,4524.0
arunachal-pradesh,2021,1,lohit,11,2951.0
arunachal-pradesh,2021,1,tawang,11,10155.0
arunachal-pradesh,2021,1,namsai,8,1248.0
arunachal-pradesh,2021,1,west siang,7,3690.0
arunachal-pradesh,2021,1,tirap,7,7696.0
arunachal-pradesh,2021,1,upper subansiri,7,4237.0
arunachal-pradesh,2021,2,papum pare,69,89335.0
arunachal-pradesh,2021,2,west kameng,20,17896.0
arunachal-pradesh,2021,2,west siang,18,8990.0
arunachal-pradesh,2021,2,lohit,16,21096.0
arunachal-pradesh,2021,2,lower dibang valley,14,8091.0
arunachal-pradesh,2021,2,tawang,13,23216.0
arunachal-pradesh,2021,2,changlang,12,11258.0
arunachal-pradesh,2021,2,namsai,11,8880.0
arunachal-pradesh,2021,2,lower subansiri,10,4236.0
arunachal-pradesh,2021,2,east siang,6,2979.0
arunachal-pradesh,2021,3,papum pare,50,95368.0
arunachal-pradesh,2021,3,east siang,23,32914.0
arunachal-pradesh,2021,3,west kameng,22,21566.0
arunachal-pradesh,2021,3,west siang,21,57300.0
arunachal-pradesh,2021,3,changlang,15,25894.0
arunachal-pradesh,2021,3,namsai,15,35207.0
arunachal-pradesh,2021,3,tirap,14,38082.0
arunachal-pradesh,2021,3,lower dibang valley,13,11845.0
arunachal-pradesh,2021,3,lohit,10,15097.0
arunachal-pradesh,2021,3,tawang,8,5436.0
arunachal-pradesh,2021,4,papum pare,128,232985.0
arunachal-pradesh,2021,4,west kameng,37,61049.0
arunachal-pradesh,2021,4,changlang,26,59532.0
arunachal-pradesh,2021,4,lohit,17,19353.0
arunachal-pradesh,2021,4,tawang,14,28772.0
arunachal-pradesh,2021,4,tirap,14,37402.0
arunachal-pradesh,2021,4,namsai,14,19295.0
arunachal-pradesh,2021,4,west siang,14,25308.0
arunachal-pradesh,2021,4,lower dibang valley,11,12440.0
arunachal-pradesh,2021,4,east siang,7,22841.0
arunachal-pradesh,2020,2,papum pare,33,6304.0
arunachal-pradesh,2020,2,changlang,9,2511.0
arunachal-pradesh,2020,2,tirap,5,1026.0
arunachal-pradesh,2020,2,west siang,5,1124.0
arunachal-pradesh,2020,2,tawang,3,827.0
arunachal-pradesh,2020,2,east siang,2,469.0
arunachal-pradesh,2020,2,west kameng,2,513.0
arunachal-pradesh,2020,2,lower dibang valley,2,513.0
arunachal-pradesh,2020,2,lower subansiri,1,231.0
arunachal-pradesh,2020,2,namsai,1,231.0
arunachal-pradesh,2020,3,papum pare,60,15776.0
arunachal-pradesh,2020,3,east siang,22,9675.0
arunachal-pradesh,2020,3,west kameng,12,3466.0
arunachal-pradesh,2020,3,lohit,9,1557.0
arunachal-pradesh,2020,3,west siang,5,2052.0
arunachal-pradesh,2020,3,lower dibang valley,4,843.0
arunachal-pradesh,2020,3,tirap,3,939.0
arunachal-pradesh,2020,3,dibang valley,3,66.0
arunachal-pradesh,2020,3,namsai,3,1486.0
arunachal-pradesh,2020,3,east kameng,2,695.0
arunachal-pradesh,2020,4,papum pare,48,21298.0
arunachal-pradesh,2020,4,west kameng,15,22182.0
arunachal-pradesh,2020,4,east siang,10,8075.0
arunachal-pradesh,2020,4,tawang,10,9740.0
arunachal-pradesh,2020,4,lower dibang valley,9,1981.0
arunachal-pradesh,2020,4,changlang,7,5505.0
arunachal-pradesh,2020,4,lohit,5,4148.0
arunachal-pradesh,2020,4,tirap,4,1561.0
arunachal-pradesh,2020,4,lepa rada,3,2685.0
arunachal-pradesh,2020,4,namsai,3,984.0
karnataka,2022,1,bengaluru urban,57549,71700148.0
karnataka,2022,1,mysuru,4256,6273651.0
karnataka,2022,1,dharwad,2629,3647319.0
karnataka,2022,1,belagavi,2565,4027564.0
karnataka,2022,1,dakshina kannada,2163,3326629.0
karnataka,2022,1,bengaluru rural,2133,3131559.0
karnataka,2022,1,tumakuru,2107,3270489.0
karnataka,2022,1,ballari,1982,2817568.0
karnataka,2022,1,davanagere,1774,2444546.0
karnataka,2022,1,shivamogga,1771,2717744.0
karnataka,2022,2,bengaluru urban,57934,69731242.0
karnataka,2022,2,mysuru,4122,5603711.0
karnataka,2022,2,belagavi,2609,3892332.0
karnataka,2022,2,dharwad,2393,3355104.0
karnataka,2022,2,bengaluru rural,2122,3278607.0
karnataka,2022,2,tumakuru,1926,3127331.0
karnataka,2022,2,dakshina kannada,1909,2849505.0
karnataka,2022,2,ballari,1763,2282676.0
karnataka,2022,2,shivamogga,1672,2643157.0
karnataka,2022,2,davanagere,1531,2021047.0
karnataka,2022,3,bengaluru urban,64593,79303480.0
karnataka,2022,3,mysuru,5093,6718622.0
karnataka,2022,3,belagavi,2774,4182385.0
karnataka,2022,3,dharwad,2755,3667159.0
karnataka,2022,3,dakshina kannada,2545,3698741.0
karnataka,2022,3,ballari,2541,3202170.0
karnataka,2022,3,bengaluru rural,2448,3640101.0
karnataka,2022,3,tumakuru,2349,3662277.0
karnataka,2022,3,davanagere,2201,2787038.0
karnataka,2022,3,kalaburagi,1971,2659120.0
karnataka,2022,4,bengaluru urban,78817,101938016.0
karnataka,2022,4,mysuru,6820,9461969.0
karnataka,2022,4,belagavi,3857,5891225.0
karnataka,2022,4,dharwad,3751,5149958.0
karnataka,2022,4,dakshina kannada,3330,4869464.0
karnataka,2022,4,bengaluru rural,3125,4874888.0
karnataka,2022,4,ballari,2729,3502890.0
karnataka,2022,4,davanagere,2522,3414588.0
karnataka,2022,4,tumakuru,2515,4131381.0
karnataka,2022,4,shivamogga,2462,3798640.0
karnataka,2024,1,bengaluru urban,90180,142519454.0
karnataka,2024,1,mysuru,9295,14666791.0
karnataka,2024,1,belagavi,5720,8715862.0
karnataka,2024,1,dharwad,5171,7812119.0
karnataka,2024,1,dakshina kannada,4745,7184612.0
karnataka,2024,1,bengaluru rural,4242,6701376.0
karnataka,2024,1,tumakuru,3869,6378532.0
karnataka,2024,1,shivamogga,3625,5762860.0
karnataka,2024,1,davanagere,3555,5139794.0
karnataka,2024,1,ballari,3431,4831884.0
karnataka,2024,2,bengaluru urban,74985,126101324.0
karnataka,2024,2,mysuru,7905,13488189.0
karnataka,2024,2,belagavi,5068,8199208.0
karnataka,2024,2,dharwad,4597,7180375.0
karnataka,2024,2,dakshina kannada,3873,6288144.0
karnataka,2024,2,bengaluru rural,3606,6471486.0
karnataka,2024,2,shivamogga,3311,5567612.0
karnataka,2024,2,tumakuru,3291,5843712.0
karnataka,2024,2,davanagere,3049,4602049.0
karnataka,2024,2,ballari,2906,4557010.0
karnataka,2024,3,bengaluru urban,96935,156230238.0
karnataka,2024,3,mysuru,9232,15981102.0
karnataka,2024,3,dharwad,5651,8643613.0
karnataka,2024,3,belagavi,5231,8419289.0
karnataka,2024,3,bengaluru rural,4449,7657754.0
karnataka,2024,3,dakshina kannada,4082,6749762.0
karnataka,2024,3,tumakuru,3879,6802100.0
karnataka,2024,3,shivamogga,3740,6590269.0
karnataka,2024,3,kalaburagi,3567,5365898.0
karnataka,2024,3,davanagere,3355,5105646.0
karnataka,2024,4,bengaluru urban,95390,159224823.0
karnataka,2024,4,mysuru,9668,16427026.0
karnataka,2024,4,dharwad,6881,10746750.0
karnataka,2024,4,belagavi,6703,11085250.0
karnataka,2024,4,dakshina kannada,5133,8497551.0
karnataka,2024,4,bengaluru rural,4626,7996121.0
karnataka,2024,4,shivamogga,4127,7252477.0
karnataka,2024,4,tumakuru,3989,6949950.0
karnataka,2024,4,kalaburagi,3821,5798845.0
karnataka,2024,4,davanagere,3387,5275711.0
karnataka,2023,1,bengaluru urban,75238,103829030.0
karnataka,2023,1,mysuru,7972,11090514.0
karnataka,2023,1,bengaluru rural,3512,5009006.0
karnataka,2023,1,belagavi,3437,5714004.0
karnataka,2023,1,dharwad,3351,5035486.0
karnataka,2023,1,dakshina kannada,3285,5085033.0
karnataka,2023,1,ballari,2498,3608322.0
karnataka,2023,1,tumakuru,2301,4146404.0
karnataka,2023,1,davanagere,2165,3004555.0
karnataka,2023,1,shivamogga,2156,3586725.0
karnataka,2023,2,bengaluru urban,69812,99096628.0
karnataka,2023,2,mysuru,5899,8738144.0
karnataka,2023,2,dharwad,3596,5072848.0
karnataka,2023,2,belagavi,3080,4999161.0
karnataka,2023,2,dakshina kannada,2932,4750506.0
karnataka,2023,2,bengaluru rural,2582,4350869.0
karnataka,2023,2,tumakuru,2423,4174882.0
karnataka,2023,2,ballari,2351,3297860.0
karnataka,2023,2,shivamogga,2281,3864881.0
karnataka,2023,2,davanagere,1971,2946266.0
karnataka,2023,3,bengaluru urban,81520,109497225.0
karnataka,2023,3,mysuru,6852,10443799.0
karnataka,2023,3,dharwad,3978,5597459.0
karnataka,2023,3,belagavi,3705,5775496.0
karnataka,2023,3,dakshina kannada,3261,4883149.0
karnataka,2023,3,bengaluru rural,3176,5128006.0
karnataka,2023,3,tumakuru,3017,4884961.0
karnataka,2023,3,ballari,2877,3914152.0
karnataka,2023,3,shivamogga,2807,4384973.0
karnataka,2023,3,davanagere,2589,3630520.0
karnataka,2023,4,bengaluru urban,88349,133137089.0
karnataka,2023,4,mysuru,7831,12589463.0
karnataka,2023,4,dharwad,4912,7400470.0
karnataka,2023,4,belagavi,4826,8422700.0
karnataka,2023,4,dakshina kannada,4101,6597191.0
karnataka,2023,4,bengaluru rural,3674,6347685.0
karnataka,2023,4,shivamogga,3316,5617178.0
karnataka,2023,4,tumakuru,3234,6132461.0
karnataka,2023,4,ballari,2966,4527242.0
karnataka,2023,4,davanagere,2944,4852939.0
karnataka,2021,1,bengaluru urban,21606,17636524.0
karnataka,2021,1,mysuru,1473,1099863.0
karnataka,2021,1,belagavi,1459,1055645.0
karnataka,2021,1,bengaluru rural,952,808005.0
karnataka,2021,1,dharwad,926,653411.0
karnataka,2021,1,tumakuru,921,782869.0
karnataka,2021,1,ballari,919,731673.0
karnataka,2021,1,dakshina kannada,680,560199.0
karnataka,2021,1,kalaburagi,665,465871.0
karnataka,2021,1,vijayapura,656,524451.0
karnataka,2021,2,bengaluru urban,21918,19572756.0
karnataka,2021,2,mysuru,1625,1609768.0
karnataka,2021,2,belagavi,1427,1253310.0
karnataka,2021,2,dharwad,1266,1334979.0
karnataka,2021,2,ballari,1133,1013072.0
karnataka,2021,2,tumakuru,1096,1102268.0
karnataka,2021,2,bengaluru rural,989,1099031.0
karnataka,2021,2,dakshina kannada,843,1051575.0
karnataka,2021,2,shivamogga,833,920816.0
karnataka,2021,2,kalaburagi,757,778234.0
karnataka,2021,3,bengaluru urban,27498,26210017.0
karnataka,2021,3,mysuru,1875,1959596.0
karnataka,2021,3,belagavi,1276,1203412.0
karnataka,2021,3,tumakuru,1275,1366567.0
karnataka,2021,3,ballari,1188,1290594.0
karnataka,2021,3,dharwad,1167,1189951.0
karnataka,2021,3,bengaluru rural,1092,1361844.0
karnataka,2021,3,dakshina kannada,1065,1124855.0
karnataka,2021,3,davanagere,830,908303.0
karnataka,2021,3,ramanagara,821,765577.0
karnataka,2021,4,bengaluru urban,44650,50064816.0
karnataka,2021,4,mysuru,2999,4025182.0
karnataka,2021,4,belagavi,2268,2994132.0
karnataka,2021,4,dharwad,1998,2448037.0
karnataka,2021,4,dakshina kannada,1760,2383587.0
karnataka,2021,4,ballari,1705,2348052.0
karnataka,2021,4,bengaluru rural,1664,2301115.0
karnataka,2021,4,tumakuru,1540,2107437.0
karnataka,2021,4,kalaburagi,1364,1791618.0
karnataka,2021,4,shivamogga,1243,1666023.0
karnataka,2020,2,bengaluru urban,20040,3301769.0
karnataka,2020,2,mysuru,767,144997.0
karnataka,2020,2,dharwad,656,119671.0
karnataka,2020,2,ballari,611,120952.0
karnataka,2020,2,belagavi,590,111501.0
karnataka,2020,2,bengaluru rural,416,83476.0
karnataka,2020,2,dakshina kannada,380,80252.0
karnataka,2020,2,tumakuru,372,75362.0
karnataka,2020,2,davanagere,309,59794.0
karnataka,2020,2,ramanagara,259,54476.0
karnataka,2020,3,bengaluru urban,32192,6940765.0
karnataka,2020,3,mysuru,2128,558128.0
karnataka,2020,3,belagavi,2016,533172.0
karnataka,2020,3,dharwad,1606,358476.0
karnataka,2020,3,dakshina kannada,1271,330557.0
karnataka,2020,3,tumakuru,1236,311665.0
karnataka,2020,3,ballari,1213,306386.0
karnataka,2020,3,bengaluru rural,1068,267171.0
karnataka,2020,3,shivamogga,781,200079.0
karnataka,2020,3,vijayapura,768,175988.0
karnataka,2020,4,bengaluru urban,18485,15922383.0
karnataka,2020,4,belagavi,1586,924521.0
karnataka,2020,4,mysuru,1109,1073388.0
karnataka,2020,4,ballari,863,690500.0
karnataka,2020,4,dharwad,819,552794.0
karnataka,2020,4,tumakuru,751,718936.0
karnataka,2020,4,bengaluru rural,661,759279.0
karnataka,2020,4,dakshina kannada,557,445633.0
karnataka,2020,4,vijayapura,493,393668.0
karnataka,2020,4,kolar,482,516354.0
jammu-&-kashmir,2022,1,jammu,974,1927670.0
jammu-&-kashmir,2022,1,srinagar,399,734819.0
jammu-&-kashmir,2022,1,anantnag,356,523325.0
jammu-&-kashmir,2022,1,pulwama,265,464390.0
jammu-&-kashmir,2022,1,budgam,252,394334.0
jammu-&-kashmir,2022,1,kathua,184,442387.0
jammu-&-kashmir,2022,1,baramulla,171,348488.0
jammu-&-kashmir,2022,1,udhampur,142,306421.0
jammu-&-kashmir,2022,1,samba,141,336914.0
jammu-&-kashmir,2022,1,shopian,119,223541.0
jammu-&-kashmir,2022,2,jammu,1181,1988901.0
jammu-&-kashmir,2022,2,srinagar,528,967474.0
jammu-&-kashmir,2022,2,anantnag,263,539003.0
jammu-&-kashmir,2022,2,budgam,259,512454.0
jammu-&-kashmir,2022,2,samba,208,380723.0
jammu-&-kashmir,2022,2,kathua,204,445358.0
jammu-&-kashmir,2022,2,pulwama,199,408613.0
jammu-&-kashmir,2022,2,udhampur,193,322630.0
jammu-&-kashmir,2022,2,baramulla,180,366809.0
jammu-&-kashmir,2022,2,kupwara,142,273241.0
jammu-&-kashmir,2022,3,jammu,1674,2443103.0
jammu-&-kashmir,2022,3,srinagar,504,908586.0
jammu-&-kashmir,2022,3,kathua,342,529015.0
jammu-&-kashmir,2022,3,samba,292,442303.0
jammu-&-kashmir,2022,3,udhampur,266,394002.0
jammu-&-kashmir,2022,3,budgam,251,519645.0
jammu-&-kashmir,2022,3,anantnag,219,442368.0
jammu-&-kashmir,2022,3,pulwama,162,308696.0
jammu-&-kashmir,2022,3,reasi,140,247331.0
jammu-&-kashmir,2022,3,rajouri,139,303672.0
jammu-&-kashmir,2022,4,jammu,1879,3260604.0
jammu-&-kashmir,2022,4,srinagar,471,926220.0
jammu-&-kashmir,2022,4,samba,356,656320.0
jammu-&-kashmir,2022,4,udhampur,286,561757.0
jammu-&-kashmir,2022,4,anantnag,273,607958.0
jammu-&-kashmir,2022,4,kathua,254,545133.0
jammu-&-kashmir,2022,4,budgam,186,484368.0
jammu-&-kashmir,2022,4,pulwama,183,400652.0
jammu-&-kashmir,2022,4,baramulla,171,452532.0
jammu-&-kashmir,2022,4,rajouri,167,352179.0
jammu-&-kashmir,2024,1,jammu,2285,4279724.0
jammu-&-kashmir,2024,1,srinagar,709,1399799.0
jammu-&-kashmir,2024,1,kathua,426,806125.0
jammu-&-kashmir,2024,1,udhampur,420,746405.0
jammu-&-kashmir,2024,1,samba,392,775248.0
jammu-&-kashmir,2024,1,anantnag,369,836595.0
jammu-&-kashmir,2024,1,baramulla,349,848069.0
jammu-&-kashmir,2024,1,budgam,333,755256.0
jammu-&-kashmir,2024,1,reasi,261,390942.0
jammu-&-kashmir,2024,1,pulwama,241,575610.0
jammu-&-kashmir,2024,2,jammu,2025,3825224.0
jammu-&-kashmir,2024,2,srinagar,737,1484156.0
jammu-&-kashmir,2024,2,udhampur,459,849237.0
jammu-&-kashmir,2024,2,anantnag,431,752310.0
jammu-&-kashmir,2024,2,budgam,404,754974.0
jammu-&-kashmir,2024,2,samba,392,728182.0
jammu-&-kashmir,2024,2,kathua,381,635565.0
jammu-&-kashmir,2024,2,baramulla,353,729995.0
jammu-&-kashmir,2024,2,rajouri,283,562851.0
jammu-&-kashmir,2024,2,pulwama,270,634847.0
jammu-&-kashmir,2024,3,jammu,2214,4321501.0
jammu-&-kashmir,2024,3,srinagar,776,1629149.0
jammu-&-kashmir,2024,3,udhampur,536,1055146.0
jammu-&-kashmir,2024,3,kathua,469,782594.0
jammu-&-kashmir,2024,3,samba,440,859054.0
jammu-&-kashmir,2024,3,rajouri,331,700702.0
jammu-&-kashmir,2024,3,anantnag,329,755629.0
jammu-&-kashmir,2024,3,budgam,324,650444.0
jammu-&-kashmir,2024,3,baramulla,285,598621.0
jammu-&-kashmir,2024,3,reasi,231,480669.0
jammu-&-kashmir,2024,4,jammu,2381,4423225.0
jammu-&-kashmir,2024,4,srinagar,1173,2226604.0
jammu-&-kashmir,2024,4,udhampur,569,1088486.0
jammu-&-kashmir,2024,4,kathua,485,902086.0
jammu-&-kashmir,2024,4,samba,483,925626.0
jammu-&-kashmir,2024,4,anantnag,466,1115918.0
jammu-&-kashmir,2024,4,budgam,461,986540.0
jammu-&-kashmir,2024,4,baramulla,442,984313.0
jammu-&-kashmir,2024,4,rajouri,318,675781.0
jammu-&-kashmir,2024,4,pulwama,301,745600.0
jammu-&-kashmir,2023,1,jammu,1657,3092481.0
jammu-&-kashmir,2023,1,srinagar,470,1055223.0
jammu-&-kashmir,2023,1,samba,277,599467.0
jammu-&-kashmir,2023,1,anantnag,250,657402.0
jammu-&-kashmir,2023,1,udhampur,238,544808.0
jammu-&-kashmir,2023,1,kathua,224,506261.0
jammu-&-kashmir,2023,1,budgam,201,561024.0
jammu-&-kashmir,2023,1,pulwama,148,381535.0
jammu-&-kashmir,2023,1,baramulla,147,422741.0
jammu-&-kashmir,2023,1,reasi,120,277347.0
jammu-&-kashmir,2023,2,jammu,1710,3178077.0
jammu-&-kashmir,2023,2,srinagar,683,1303991.0
jammu-&-kashmir,2023,2,samba,332,644903.0
jammu-&-kashmir,2023,2,udhampur,276,517843.0
jammu-&-kashmir,2023,2,budgam,275,617323.0
jammu-&-kashmir,2023,2,kathua,263,596557.0
jammu-&-kashmir,2023,2,anantnag,219,549864.0
jammu-&-kashmir,2023,2,baramulla,215,592287.0
jammu-&-kashmir,2023,2,pulwama,170,435195.0
jammu-&-kashmir,2023,2,kupwara,145,354982.0
jammu-&-kashmir,2023,3,jammu,1802,2956782.0
jammu-&-kashmir,2023,3,srinagar,583,1097144.0
jammu-&-kashmir,2023,3,kathua,332,661848.0
jammu-&-kashmir,2023,3,udhampur,321,537296.0
jammu-&-kashmir,2023,3,budgam,316,636758.0
jammu-&-kashmir,2023,3,samba,289,642825.0
jammu-&-kashmir,2023,3,anantnag,232,614771.0
jammu-&-kashmir,2023,3,baramulla,197,510511.0
jammu-&-kashmir,2023,3,pulwama,176,445019.0
jammu-&-kashmir,2023,3,rajouri,163,355757.0
jammu-&-kashmir,2023,4,jammu,2185,4418006.0
jammu-&-kashmir,2023,4,srinagar,537,1200208.0
jammu-&-kashmir,2023,4,udhampur,450,883613.0
jammu-&-kashmir,2023,4,kathua,445,915976.0
jammu-&-kashmir,2023,4,samba,402,894382.0
jammu-&-kashmir,2023,4,budgam,278,678542.0
jammu-&-kashmir,2023,4,rajouri,226,468990.0
jammu-&-kashmir,2023,4,anantnag,223,695092.0
jammu-&-kashmir,2023,4,baramulla,197,547589.0
jammu-&-kashmir,2023,4,doda,189,409244.0
jammu-&-kashmir,2021,1,jammu,330,366886.0
jammu-&-kashmir,2021,1,ganderbal,168,244079.0
jammu-&-kashmir,2021,1,kathua,74,114276.0
jammu-&-kashmir,2021,1,srinagar,53,89002.0
jammu-&-kashmir,2021,1,samba,53,70708.0
jammu-&-kashmir,2021,1,udhampur,49,58092.0
jammu-&-kashmir,2021,1,anantnag,46,90513.0
jammu-&-kashmir,2021,1,bandipore,45,117749.0
jammu-&-kashmir,2021,1,pulwama,38,51363.0
jammu-&-kashmir,2021,1,budgam,38,48723.0
jammu-&-kashmir,2021,2,jammu,371,621718.0
jammu-&-kashmir,2021,2,ganderbal,134,78764.0
jammu-&-kashmir,2021,2,kathua,85,144589.0
jammu-&-kashmir,2021,2,udhampur,71,114207.0
jammu-&-kashmir,2021,2,srinagar,70,92975.0
jammu-&-kashmir,2021,2,samba,65,100030.0
jammu-&-kashmir,2021,2,pulwama,42,82595.0
jammu-&-kashmir,2021,2,kupwara,42,75622.0
jammu-&-kashmir,2021,2,budgam,41,73783.0
jammu-&-kashmir,2021,2,rajouri,40,61758.0
jammu-&-kashmir,2021,3,jammu,475,624158.0
jammu-&-kashmir,2021,3,pulwama,118,86114.0
jammu-&-kashmir,2021,3,samba,98,168234.0
jammu-&-kashmir,2021,3,udhampur,94,170249.0
jammu-&-kashmir,2021,3,kathua,92,134313.0
jammu-&-kashmir,2021,3,budgam,84,115627.0
jammu-&-kashmir,2021,3,anantnag,79,135519.0
jammu-&-kashmir,2021,3,srinagar,74,147231.0
jammu-&-kashmir,2021,3,shopian,50,47443.0
jammu-&-kashmir,2021,3,rajouri,39,61196.0
jammu-&-kashmir,2021,4,jammu,918,1563386.0
jammu-&-kashmir,2021,4,budgam,628,483043.0
jammu-&-kashmir,2021,4,srinagar,193,460213.0
jammu-&-kashmir,2021,4,anantnag,155,414820.0
jammu-&-kashmir,2021,4,shopian,154,170478.0
jammu-&-kashmir,2021,4,kathua,151,264155.0
jammu-&-kashmir,2021,4,samba,150,298729.0
jammu-&-kashmir,2021,4,pulwama,115,214708.0
jammu-&-kashmir,2021,4,udhampur,108,174710.0
jammu-&-kashmir,2021,4,rajouri,81,171652.0
jammu-&-kashmir,2020,2,jammu,90,20793.0
jammu-&-kashmir,2020,2,udhampur,15,3721.0
jammu-&-kashmir,2020,2,srinagar,13,3764.0
jammu-&-kashmir,2020,2,samba,12,2538.0
jammu-&-kashmir,2020,2,kupwara,11,1669.0
jammu-&-kashmir,2020,2,rajouri,10,1961.0
jammu-&-kashmir,2020,2,kathua,9,2171.0
jammu-&-kashmir,2020,2,baramulla,8,2309.0
jammu-&-kashmir,2020,2,reasi,7,1356.0
jammu-&-kashmir,2020,2,pulwama,6,1637.0
jammu-&-kashmir,2020,3,jammu,178,57768.0
jammu-&-kashmir,2020,3,srinagar,37,12500.0
jammu-&-kashmir,2020,3,baramulla,31,7873.0
jammu-&-kashmir,2020,3,samba,26,7652.0
jammu-&-kashmir,2020,3,kathua,25,6856.0
jammu-&-kashmir,2020,3,budgam,23,6888.0
jammu-&-kashmir,2020,3,rajouri,18,4443.0
jammu-&-kashmir,2020,3,udhampur,15,2284.0
jammu-&-kashmir,2020,3,kupwara,15,5610.0
jammu-&-kashmir,2020,3,reasi,14,5059.0
jammu-&-kashmir,2020,4,jammu,220,234831.0
jammu-&-kashmir,2020,4,samba,55,52801.0
jammu-&-kashmir,2020,4,srinagar,48,71117.0
jammu-&-kashmir,2020,4,kathua,42,48827.0
jammu-&-kashmir,2020,4,udhampur,39,38569.0
jammu-&-kashmir,2020,4,reasi,34,26958.0
jammu-&-kashmir,2020,4,baramulla,29,26838.0
jammu-&-kashmir,2020,4,kupwara,26,21107.0
jammu-&-kashmir,2020,4,budgam,26,47506.0
jammu-&-kashmir,2020,4,poonch,23,26902.0
maharashtra,2022,1,pune,17790,24312875.0
maharashtra,2022,1,thane,14272,16536659.0
maharashtra,2022,1,mumbai suburban,10457,11756037.0
maharashtra,2022,1,nagpur,6568,8328077.0
maharashtra,2022,1,solapur,4282,5201915.0
maharashtra,2022,1,mumbai,4159,4477237.0
maharashtra,2022,1,nashik,3412,5438097.0
maharashtra,2022,1,raigad,3236,4805540.0
maharashtra,2022,1,palghar,3179,4035103.0
maharashtra,2022,1,aurangabad,1905,2477811.0
maharashtra,2022,2,pune,18712,24072589.0
maharashtra,2022,2,thane,12306,14514282.0
maharashtra,2022,2,mumbai suburban,9944,10743651.0
maharashtra,2022,2,nagpur,5933,7435720.0
maharashtra,2022,2,mumbai,3914,4071523.0
maharashtra,2022,2,nashik,3745,5525097.0
maharashtra,2022,2,raigad,2914,4274798.0
maharashtra,2022,2,palghar,2860,3354545.0
maharashtra,2022,2,solapur,1996,2751216.0
maharashtra,2022,2,kolhapur,1714,2813708.0
maharashtra,2022,3,pune,19899,24823260.0
maharashtra,2022,3,thane,13402,15693837.0
maharashtra,2022,3,mumbai suburban,11136,11840245.0
maharashtra,2022,3,nagpur,6993,8397314.0
maharashtra,2022,3,mumbai,4339,4534700.0
maharashtra,2022,3,nashik,4029,5861346.0
maharashtra,2022,3,palghar,3351,3849266.0
maharashtra,2022,3,raigad,3201,4376980.0
maharashtra,2022,3,solapur,2464,3354047.0
maharashtra,2022,3,aurangabad,2318,2587715.0
maharashtra,2022,4,pune,27018,38292195.0
maharashtra,2022,4,thane,20282,24614041.0
maharashtra,2022,4,mumbai suburban,16192,18884324.0
maharashtra,2022,4,nagpur,8811,11940400.0
maharashtra,2022,4,mumbai,5857,6447594.0
maharashtra,2022,4,nashik,5371,8785824.0
maharashtra,2022,4,raigad,5108,7544340.0
maharashtra,2022,4,palghar,4574,5754546.0
maharashtra,2022,4,solapur,3838,5560713.0
maharashtra,2022,4,aurangabad,2830,4070884.0
maharashtra,2024,1,pune,31744,51048763.0
maharashtra,2024,1,thane,20270,27149287.0
maharashtra,2024,1,mumbai suburban,17918,22557721.0
maharashtra,2024,1,nagpur,12679,18547241.0
maharashtra,2024,1,mumbai,6902,8072969.0
maharashtra,2024,1,solapur,6451,8799075.0
maharashtra,2024,1,nashik,6082,10946664.0
maharashtra,2024,1,raigad,5630,9088755.0
maharashtra,2024,1,palghar,5153,6750664.0
maharashtra,2024,1,aurangabad,3085,5183513.0
maharashtra,2024,2,pune,26444,46956580.0
maharashtra,2024,2,thane,15340,22859227.0
maharashtra,2024,2,mumbai suburban,14014,18993290.0
maharashtra,2024,2,nagpur,9216,14835107.0
maharashtra,2024,2,mumbai,5529,6816397.0
maharashtra,2024,2,nashik,5155,10375218.0
maharashtra,2024,2,raigad,4523,8094573.0
maharashtra,2024,2,solapur,4497,7003235.0
maharashtra,2024,2,palghar,4467,6066744.0
maharashtra,2024,2,aurangabad,2560,4942594.0
maharashtra,2024,3,pune,26286,46687498.0
maharashtra,2024,3,thane,15453,22511361.0
maharashtra,2024,3,mumbai suburban,13683,18789444.0
maharashtra,2024,3,nagpur,9386,15106134.0
maharashtra,2024,3,nashik,5353,10909003.0
maharashtra,2024,3,mumbai,5295,6937984.0
maharashtra,2024,3,solapur,4778,7310679.0
maharashtra,2024,3,raigad,4361,7719446.0
maharashtra,2024,3,palghar,4237,5785705.0
maharashtra,2024,3,chhatrapati sambhaji nagar,2939,5591791.0
maharashtra,2024,4,pune,35259,60734341.0
maharashtra,2024,4,thane,23491,31407984.0
maharashtra,2024,4,mumbai suburban,19612,25682802.0
maharashtra,2024,4,nagpur,12751,19445789.0
maharashtra,2024,4,nashik,7952,14806816.0
maharashtra,2024,4,mumbai,7238,9140646.0
maharashtra,2024,4,raigad,6391,10673836.0
maharashtra,2024,4,palghar,5776,7706463.0
maharashtra,2024,4,solapur,5648,9035348.0
maharashtra,2024,4,chhatrapati sambhaji nagar,4159,6915626.0
maharashtra,2023,1,pune,24852,37388150.0
maharashtra,2023,1,thane,18419,23430698.0
maharashtra,2023,1,mumbai suburban,14976,17928673.0
maharashtra,2023,1,nagpur,8255,11655922.0
maharashtra,2023,1,mumbai,5742,6476060.0
maharashtra,2023,1,raigad,4414,6867288.0
maharashtra,2023,1,nashik,4297,8048628.0
maharashtra,2023,1,solapur,4226,5931789.0
maharashtra,2023,1,palghar,3830,5308543.0
maharashtra,2023,1,aurangabad,2195,3540538.0
maharashtra,2023,2,pune,25943,39373541.0
maharashtra,2023,2,thane,15403,20442020.0
maharashtra,2023,2,mumbai suburban,12717,15575502.0
maharashtra,2023,2,nagpur,6951,10373645.0
maharashtra,2023,2,mumbai,4859,6032079.0
maharashtra,2023,2,nashik,4343,8234879.0
maharashtra,2023,2,raigad,4134,6846437.0
maharashtra,2023,2,palghar,3310,4531574.0
maharashtra,2023,2,solapur,3078,4848042.0
maharashtra,2023,2,aurangabad,2161,3446846.0
maharashtra,2023,3,pune,25053,36210265.0
maharashtra,2023,3,thane,14544,18428928.0
maharashtra,2023,3,mumbai suburban,12754,14762376.0
maharashtra,2023,3,nagpur,8273,11430159.0
maharashtra,2023,3,mumbai,5009,5630520.0
maharashtra,2023,3,nashik,4482,7981205.0
maharashtra,2023,3,raigad,3785,5770377.0
maharashtra,2023,3,palghar,3581,4781323.0
maharashtra,2023,3,solapur,3358,4879560.0
maharashtra,2023,3,aurangabad,2500,3718193.0
maharashtra,2023,4,pune,30243,50492209.0
maharashtra,2023,4,thane,21339,28481783.0
maharashtra,2023,4,mumbai suburban,18186,22723247.0
maharashtra,2023,4,nagpur,9371,14419994.0
maharashtra,2023,4,mumbai,6225,7624827.0
maharashtra,2023,4,nashik,5985,11362400.0
maharashtra,2023,4,raigad,5393,8827335.0
maharashtra,2023,4,palghar,4551,6750732.0
maharashtra,2023,4,solapur,4432,7196371.0
maharashtra,2023,4,aurangabad,3047,5151528.0
maharashtra,2021,1,pune,10913,6482027.0
maharashtra,2021,1,thane,6971,4869909.0
maharashtra,2021,1,mumbai suburban,5505,3893302.0
maharashtra,2021,1,nashik,3381,1857949.0
maharashtra,2021,1,nagpur,3055,2060944.0
maharashtra,2021,1,aurangabad,2514,903043.0
maharashtra,2021,1,mumbai,2166,1596945.0
maharashtra,2021,1,ahmednagar,2121,833980.0
maharashtra,2021,1,raigad,1811,1375948.0
maharashtra,2021,1,solapur,1472,734242.0
maharashtra,2021,2,pune,14949,9422249.0
maharashtra,2021,2,thane,7446,5734857.0
maharashtra,2021,2,mumbai suburban,5293,3659655.0
maharashtra,2021,2,nashik,4607,2827696.0
maharashtra,2021,2,nagpur,3864,2683877.0
maharashtra,2021,2,ahmednagar,3355,2145197.0
maharashtra,2021,2,aurangabad,3162,1752774.0
maharashtra,2021,2,solapur,2417,1483185.0
maharashtra,2021,2,raigad,2219,1802764.0
maharashtra,2021,2,palghar,2152,1598936.0
maharashtra,2021,3,pune,9943,8127896.0
maharashtra,2021,3,thane,7829,6194341.0
maharashtra,2021,3,mumbai suburban,5520,4552921.0
maharashtra,2021,3,nashik,2807,2230871.0
maharashtra,2021,3,nagpur,2795,2376913.0
maharashtra,2021,3,aurangabad,2212,1245983.0
maharashtra,2021,3,mumbai,2116,1824585.0
maharashtra,2021,3,raigad,1768,1718085.0
maharashtra,2021,3,palghar,1709,1457172.0
maharashtra,2021,3,ahmednagar,1509,1140977.0
maharashtra,2021,4,pune,16039,18693479.0
maharashtra,2021,4,thane,13362,13856390.0
maharashtra,2021,4,mumbai suburban,9319,9168680.0
maharashtra,2021,4,nagpur,4924,5775357.0
maharashtra,2021,4,nashik,3996,4883186.0
maharashtra,2021,4,mumbai,3563,3541155.0
maharashtra,2021,4,palghar,2927,3095452.0
maharashtra,2021,4,raigad,2900,3785506.0
maharashtra,2021,4,solapur,2839,3265540.0
maharashtra,2021,4,aurangabad,2580,2341427.0
maharashtra,2020,2,pune,8699,1482628.0
maharashtra,2020,2,thane,7559,1221018.0
maharashtra,2020,2,mumbai suburban,5780,884439.0
maharashtra,2020,2,aurangabad,2844,496194.0
maharashtra,2020,2,nashik,2519,459865.0
maharashtra,2020,2,raigad,1695,296865.0
maharashtra,2020,2,palghar,1483,259634.0
maharashtra,2020,2,mumbai,1473,223485.0
maharashtra,2020,2,solapur,1152,212690.0
maharashtra,2020,2,nagpur,985,185202.0
maharashtra,2020,3,pune,18176,4567561.0
maharashtra,2020,3,thane,6951,1718946.0
maharashtra,2020,3,nashik,5564,1418697.0
maharashtra,2020,3,aurangabad,4125,982466.0
maharashtra,2020,3,mumbai suburban,3674,902028.0
maharashtra,2020,3,ahmednagar,3194,926591.0
maharashtra,2020,3,solapur,3034,785356.0
maharashtra,2020,3,nagpur,2721,792995.0
maharashtra,2020,3,raigad,2368,617257.0
maharashtra,2020,3,kolhapur,2171,652181.0
maharashtra,2020,4,pune,8211,4862704.0
maharashtra,2020,4,thane,5939,4405413.0
maharashtra,2020,4,mumbai suburban,4631,3301120.0
maharashtra,2020,4,nashik,2903,1492155.0
maharashtra,2020,4,nagpur,1994,1280886.0
maharashtra,2020,4,aurangabad,1877,739598.0
maharashtra,2020,4,ahmednagar,1824,875154.0
maharashtra,2020,4,mumbai,1677,1248451.0
maharashtra,2020,4,raigad,1547,1308133.0
maharashtra,2020,4,solapur,1313,596502.0
odisha,2022,1,khordha,2159,2889267.0
odisha,2022,1,cuttack,821,1077151.0
odisha,2022,1,ganjam,724,1120616.0
odisha,2022,1,sundargarh,577,964269.0
odisha,2022,1,kendujhar,421,751046.0
odisha,2022,1,baleshwar,362,481921.0
odisha,2022,1,anugul,347,566436.0
odisha,2022,1,jajapur,345,476797.0
odisha,2022,1,jharsuguda,311,429822.0
odisha,2022,1,rayagada,286,467833.0
odisha,2022,2,khordha,2952,3832775.0
odisha,2022,2,cuttack,1004,1298359.0
odisha,2022,2,ganjam,881,1142879.0
odisha,2022,2,sundargarh,820,1128812.0
odisha,2022,2,kendujhar,513,782721.0
odisha,2022,2,anugul,492,673469.0
odisha,2022,2,bargarh,483,463333.0
odisha,2022,2,baleshwar,442,584664.0
odisha,2022,2,jajapur,438,595862.0
odisha,2022,2,sambalpur,431,580507.0
odisha,2022,3,khordha,4154,4731441.0
odisha,2022,3,cuttack,1602,1856138.0
odisha,2022,3,ganjam,1437,1662116.0
odisha,2022,3,sundargarh,1306,1586914.0
odisha,2022,3,anugul,841,1111232.0
odisha,2022,3,kendujhar,836,1165467.0
odisha,2022,3,jajapur,777,956576.0
odisha,2022,3,baleshwar,638,785294.0
odisha,2022,3,mayurbhanj,581,826759.0
odisha,2022,3,sambalpur,571,715249.0
odisha,2022,4,khordha,5189,6823790.0
odisha,2022,4,cuttack,2151,2750831.0
odisha,2022,4,sundargarh,1899,2525663.0
odisha,2022,4,ganjam,1796,2208828.0
odisha,2022,4,kendujhar,1405,2004714.0
odisha,2022,4,anugul,1150,1705857.0
odisha,2022,4,sambalpur,929,1231278.0
odisha,2022,4,jajapur,899,1237020.0
odisha,2022,4,baleshwar,862,1196546.0
odisha,2022,4,puri,828,1131232.0
odisha,2024,1,khordha,5623,8837542.0
odisha,2024,1,cuttack,1998,2814396.0
odisha,2024,1,ganjam,1969,2698905.0
odisha,2024,1,sundargarh,1828,2757561.0
odisha,2024,1,anugul,1658,2124479.0
odisha,2024,1,kendujhar,1408,2173212.0
odisha,2024,1,baleshwar,1081,1339379.0
odisha,2024,1,jajapur,1048,1347026.0
odisha,2024,1,mayurbhanj,994,1381800.0
odisha,2024,1,sambalpur,907,1410239.0
odisha,2024,2,khordha,4985,8243923.0
odisha,2024,2,cuttack,1898,2913443.0
odisha,2024,2,ganjam,1774,2491620.0
odisha,2024,2,sundargarh,1587,2583961.0
odisha,2024,2,anugul,1414,1906915.0
odisha,2024,2,kendujhar,1211,1932061.0
odisha,2024,2,baleshwar,1012,1354016.0
odisha,2024,2,jajapur,951,1391924.0
odisha,2024,2,mayurbhanj,867,1223247.0
odisha,2024,2,sambalpur,829,1391452.0
odisha,2024,3,khordha,6027,9409800.0
odisha,2024,3,cuttack,2147,3173459.0
odisha,2024,3,ganjam,1904,2730820.0
odisha,2024,3,sundargarh,1759,2865130.0
odisha,2024,3,angul,1598,2207127.0
odisha,2024,3,kendujhar,1057,1873195.0
odisha,2024,3,jajpur,1002,1445139.0
odisha,2024,3,baleswar,998,1306093.0
odisha,2024,3,sambalpur,921,1368331.0
odisha,2024,3,mayurbhanj,896,1455589.0
odisha,2024,4,khordha,7013,11119730.0
odisha,2024,4,cuttack,2474,3434067.0
odisha,2024,4,ganjam,2256,3083743.0
odisha,2024,4,angul,2164,2865214.0
odisha,2024,4,sundargarh,2121,3211980.0
odisha,2024,4,kendujhar,1417,2115137.0
odisha,2024,4,jajpur,1324,1682849.0
odisha,2024,4,baleswar,1306,1642759.0
odisha,2024,4,mayurbhanj,1213,1798191.0
odisha,2024,4,sambalpur,1115,1630527.0
odisha,2023,1,khordha,4227,6118201.0
odisha,2023,1,ganjam,1512,2187684.0
odisha,2023,1,cuttack,1498,2079804.0
odisha,2023,1,sundargarh,1247,1954043.0
odisha,2023,1,kendujhar,1008,1547116.0
odisha,2023,1,anugul,969,1504703.0
odisha,2023,1,mayurbhanj,726,1182684.0
odisha,2023,1,baleshwar,665,994911.0
odisha,2023,1,jajapur,598,916499.0
odisha,2023,1,sambalpur,583,875351.0
odisha,2023,2,khordha,4794,6403803.0
odisha,2023,2,cuttack,1720,2273417.0
odisha,2023,2,ganjam,1485,2026677.0
odisha,2023,2,sundargarh,1362,1927023.0
odisha,2023,2,anugul,1072,1433799.0
odisha,2023,2,rayagada,997,1177491.0
odisha,2023,2,kendujhar,981,1461637.0
odisha,2023,2,baleshwar,958,1264858.0
odisha,2023,2,mayurbhanj,897,1272991.0
odisha,2023,2,sambalpur,787,1158501.0
odisha,2023,3,khordha,4977,6676447.0
odisha,2023,3,ganjam,1649,2137944.0
odisha,2023,3,cuttack,1615,2225354.0
odisha,2023,3,sundargarh,1333,1836241.0
odisha,2023,3,anugul,1115,1539544.0
odisha,2023,3,kendujhar,813,1245367.0
odisha,2023,3,baleshwar,730,1006763.0
odisha,2023,3,sambalpur,720,993849.0
odisha,2023,3,jajapur,715,1079031.0
odisha,2023,3,puri,634,959197.0
odisha,2023,4,khordha,5909,9220158.0
odisha,2023,4,cuttack,1778,2754968.0
odisha,2023,4,sundargarh,1694,2874571.0
odisha,2023,4,ganjam,1678,2575993.0
odisha,2023,4,anugul,1457,2073307.0
odisha,2023,4,kendujhar,1149,1904341.0
odisha,2023,4,baleshwar,956,1362963.0
odisha,2023,4,mayurbhanj,857,1488275.0
odisha,2023,4,jajapur,840,1318491.0
odisha,2023,4,sambalpur,838,1369197.0
odisha,2021,1,khordha,1758,1051292.0
odisha,2021,1,cuttack,774,374548.0
odisha,2021,1,ganjam,565,282036.0
odisha,2021,1,sundargarh,457,297104.0
odisha,2021,1,baleshwar,368,163193.0
odisha,2021,1,puri,316,137810.0
odisha,2021,1,kendujhar,315,171881.0
odisha,2021,1,sambalpur,269,143633.0
odisha,2021,1,jajapur,269,132672.0
odisha,2021,1,anugul,269,140111.0
odisha,2021,2,khordha,1626,1331503.0
odisha,2021,2,cuttack,671,422317.0
odisha,2021,2,ganjam,587,334882.0
odisha,2021,2,sundargarh,457,383308.0
odisha,2021,2,baleshwar,347,222150.0
odisha,2021,2,jajapur,298,251008.0
odisha,2021,2,kendujhar,294,283026.0
odisha,2021,2,mayurbhanj,290,298588.0
odisha,2021,2,sambalpur,285,209756.0
odisha,2021,2,anugul,282,195220.0
odisha,2021,3,khordha,1726,1334699.0
odisha,2021,3,cuttack,758,575078.0
odisha,2021,3,ganjam,586,468221.0
odisha,2021,3,sundargarh,465,388014.0
odisha,2021,3,baleshwar,378,261707.0
odisha,2021,3,anugul,353,308712.0
odisha,2021,3,jajapur,297,178752.0
odisha,2021,3,kendujhar,274,221453.0
odisha,2021,3,sambalpur,266,203664.0
odisha,2021,3,puri,251,138734.0
odisha,2021,4,khordha,2185,2421437.0
odisha,2021,4,cuttack,868,914110.0
odisha,2021,4,ganjam,533,718272.0
odisha,2021,4,sundargarh,406,664481.0
odisha,2021,4,baleshwar,394,379386.0
odisha,2021,4,kendujhar,351,478448.0
odisha,2021,4,jajapur,347,404602.0
odisha,2021,4,sambalpur,337,384838.0
odisha,2021,4,anugul,333,494511.0
odisha,2021,4,mayurbhanj,294,360368.0
odisha,2020,2,khordha,948,176670.0
odisha,2020,2,ganjam,235,49936.0
odisha,2020,2,cuttack,221,46452.0
odisha,2020,2,baleshwar,154,32694.0
odisha,2020,2,sundargarh,145,30108.0
odisha,2020,2,sambalpur,110,23412.0
odisha,2020,2,jajapur,97,21660.0
odisha,2020,2,puri,93,19503.0
odisha,2020,2,anugul,92,18236.0
odisha,2020,2,rayagada,84,16524.0
odisha,2020,3,khordha,2540,565649.0
odisha,2020,3,cuttack,953,236027.0
odisha,2020,3,ganjam,765,176071.0
odisha,2020,3,sundargarh,602,150334.0
odisha,2020,3,kendujhar,480,101824.0
odisha,2020,3,jajapur,431,93403.0
odisha,2020,3,baleshwar,429,97503.0
odisha,2020,3,sambalpur,382,104804.0
odisha,2020,3,puri,376,85225.0
odisha,2020,3,mayurbhanj,331,83843.0
odisha,2020,4,khordha,1675,954884.0
odisha,2020,4,cuttack,765,455694.0
odisha,2020,4,ganjam,602,320130.0
odisha,2020,4,sundargarh,376,244881.0
odisha,2020,4,jajapur,300,152053.0
odisha,2020,4,baleshwar,294,153833.0
odisha,2020,4,puri,286,111526.0
odisha,2020,4,kendujhar,264,141631.0
odisha,2020,4,anugul,251,167432.0
odisha,2020,4,sambalpur,225,119248.0
madhya-pradesh,2022,1,indore,3338,4391052.0
madhya-pradesh,2022,1,bhopal,1432,2382094.0
madhya-pradesh,2022,1,gwalior,794,1131189.0
madhya-pradesh,2022,1,jabalpur,694,992911.0
madhya-pradesh,2022,1,ujjain,541,675707.0
madhya-pradesh,2022,1,satna,393,533125.0
madhya-pradesh,2022,1,dewas,334,486386.0
madhya-pradesh,2022,1,chhindwara,333,633829.0
madhya-pradesh,2022,1,singrauli,325,496325.0
madhya-pradesh,2022,1,rewa,311,438555.0
madhya-pradesh,2022,2,indore,3158,4107710.0
madhya-pradesh,2022,2,bhopal,1558,2101745.0
madhya-pradesh,2022,2,gwalior,888,1206830.0
madhya-pradesh,2022,2,jabalpur,676,1002513.0
madhya-pradesh,2022,2,ujjain,501,637321.0
madhya-pradesh,2022,2,dhar,430,467154.0
madhya-pradesh,2022,2,rewa,389,563082.0
madhya-pradesh,2022,2,satna,388,524950.0
madhya-pradesh,2022,2,dewas,352,461324.0
madhya-pradesh,2022,2,chhindwara,344,537424.0
madhya-pradesh,2022,3,indore,4843,5899749.0
madhya-pradesh,2022,3,bhopal,2666,3738867.0
madhya-pradesh,2022,3,gwalior,1415,1706159.0
madhya-pradesh,2022,3,jabalpur,1193,1547332.0
madhya-pradesh,2022,3,ujjain,715,922071.0
madhya-pradesh,2022,3,dhar,640,783991.0
madhya-pradesh,2022,3,rewa,596,753227.0
madhya-pradesh,2022,3,chhindwara,555,773408.0
madhya-pradesh,2022,3,singrauli,550,768082.0
madhya-pradesh,2022,3,dewas,549,773666.0
madhya-pradesh,2022,4,indore,6547,8985121.0
madhya-pradesh,2022,4,bhopal,3485,5566909.0
madhya-pradesh,2022,4,gwalior,1685,2252079.0
madhya-pradesh,2022,4,jabalpur,1665,2299836.0
madhya-pradesh,2022,4,ujjain,984,1329724.0
madhya-pradesh,2022,4,dhar,819,1072410.0
madhya-pradesh,2022,4,rewa,763,1104619.0
madhya-pradesh,2022,4,singrauli,697,1173189.0
madhya-pradesh,2022,4,dewas,688,1057408.0
madhya-pradesh,2022,4,chhindwara,668,1051247.0
madhya-pradesh,2024,1,indore,9490,15586503.0
madhya-pradesh,2024,1,bhopal,5388,11329217.0
madhya-pradesh,2024,1,gwalior,3433,5623360.0
madhya-pradesh,2024,1,jabalpur,2549,4066952.0
madhya-pradesh,2024,1,rewa,1631,2471021.0
madhya-pradesh,2024,1,ujjain,1518,2343292.0
madhya-pradesh,2024,1,satna,1456,2062376.0
madhya-pradesh,2024,1,dhar,1389,1926999.0
madhya-pradesh,2024,1,chhindwara,1385,2251979.0
madhya-pradesh,2024,1,singrauli,1358,2129465.0
madhya-pradesh,2024,2,indore,8230,14342486.0
madhya-pradesh,2024,2,bhopal,4787,10605399.0
madhya-pradesh,2024,2,gwalior,2602,4170026.0
madhya-pradesh,2024,2,jabalpur,2012,3801138.0
madhya-pradesh,2024,2,ujjain,1241,2152248.0
madhya-pradesh,2024,2,rewa,1205,2184457.0
madhya-pradesh,2024,2,singrauli,1125,2037202.0
madhya-pradesh,2024,2,satna,1077,1715112.0
madhya-pradesh,2024,2,dhar,1074,1524207.0
madhya-pradesh,2024,2,sagar,997,1834823.0
madhya-pradesh,2024,3,indore,9351,16156973.0
madhya-pradesh,2024,3,bhopal,5361,10874148.0
madhya-pradesh,2024,3,gwalior,2819,4482119.0
madhya-pradesh,2024,3,jabalpur,2324,4387540.0
madhya-pradesh,2024,3,ujjain,1345,2229400.0
madhya-pradesh,2024,3,dhar,1125,1876194.0
madhya-pradesh,2024,3,singrauli,1013,1721022.0
madhya-pradesh,2024,3,sagar,994,1800213.0
madhya-pradesh,2024,3,rewa,994,1672916.0
madhya-pradesh,2024,3,dewas,947,1734088.0
madhya-pradesh,2024,4,indore,12551,20489191.0
madhya-pradesh,2024,4,bhopal,6824,13581645.0
madhya-pradesh,2024,4,gwalior,3295,5826629.0
madhya-pradesh,2024,4,jabalpur,2990,5021258.0
madhya-pradesh,2024,4,ujjain,1912,2998654.0
madhya-pradesh,2024,4,dhar,1715,2324249.0
madhya-pradesh,2024,4,dewas,1461,2413920.0
madhya-pradesh,2024,4,rewa,1410,2486511.0
madhya-pradesh,2024,4,singrauli,1388,2396658.0
madhya-pradesh,2024,4,sagar,1367,2395068.0
madhya-pradesh,2023,1,indore,6662,9887936.0
madhya-pradesh,2023,1,bhopal,3165,5789402.0
madhya-pradesh,2023,1,gwalior,1736,2695086.0
madhya-pradesh,2023,1,jabalpur,1402,2452155.0
madhya-pradesh,2023,1,ujjain,794,1187404.0
madhya-pradesh,2023,1,rewa,717,1186749.0
madhya-pradesh,2023,1,satna,661,1098544.0
madhya-pradesh,2023,1,dewas,622,1005752.0
madhya-pradesh,2023,1,dhar,604,1027283.0
madhya-pradesh,2023,1,chhindwara,577,1241862.0
madhya-pradesh,2023,2,indore,6566,10108928.0
madhya-pradesh,2023,2,bhopal,2915,5555218.0
madhya-pradesh,2023,2,gwalior,1884,2604139.0
madhya-pradesh,2023,2,jabalpur,1365,2481121.0
madhya-pradesh,2023,2,ujjain,955,1561934.0
madhya-pradesh,2023,2,rewa,710,1245605.0
madhya-pradesh,2023,2,chhindwara,693,1304073.0
madhya-pradesh,2023,2,satna,684,1054444.0
madhya-pradesh,2023,2,dhar,663,914779.0
madhya-pradesh,2023,2,dewas,607,1018985.0
madhya-pradesh,2023,3,indore,6387,9795734.0
madhya-pradesh,2023,3,bhopal,3313,6161923.0
madhya-pradesh,2023,3,gwalior,2069,2813452.0
madhya-pradesh,2023,3,jabalpur,1596,2667756.0
madhya-pradesh,2023,3,ujjain,970,1468543.0
madhya-pradesh,2023,3,rewa,789,1121774.0
madhya-pradesh,2023,3,singrauli,786,1315955.0
madhya-pradesh,2023,3,dhar,737,1069689.0
madhya-pradesh,2023,3,sagar,727,1199223.0
madhya-pradesh,2023,3,satna,682,1048846.0
madhya-pradesh,2023,4,indore,8973,14811181.0
madhya-pradesh,2023,4,bhopal,4820,10356323.0
madhya-pradesh,2023,4,gwalior,2406,3696991.0
madhya-pradesh,2023,4,jabalpur,2097,3671676.0
madhya-pradesh,2023,4,ujjain,1426,2472234.0
madhya-pradesh,2023,4,rewa,1230,2047419.0
madhya-pradesh,2023,4,singrauli,1059,1987863.0
madhya-pradesh,2023,4,dhar,999,1572785.0
madhya-pradesh,2023,4,sagar,994,1748842.0
madhya-pradesh,2023,4,dewas,958,1883618.0
madhya-pradesh,2021,1,indore,2373,1044072.0
madhya-pradesh,2021,1,bhopal,1322,583286.0
madhya-pradesh,2021,1,gwalior,630,303050.0
madhya-pradesh,2021,1,jabalpur,601,303438.0
madhya-pradesh,2021,1,ujjain,580,180839.0
madhya-pradesh,2021,1,dhar,497,132946.0
madhya-pradesh,2021,1,dewas,451,132348.0
madhya-pradesh,2021,1,chhindwara,386,159947.0
madhya-pradesh,2021,1,satna,369,153320.0
madhya-pradesh,2021,1,ratlam,360,106113.0
madhya-pradesh,2021,2,indore,2409,1643068.0
madhya-pradesh,2021,2,bhopal,1609,1026663.0
madhya-pradesh,2021,2,gwalior,733,524171.0
madhya-pradesh,2021,2,jabalpur,581,371266.0
madhya-pradesh,2021,2,ujjain,479,275694.0
madhya-pradesh,2021,2,dewas,478,257393.0
madhya-pradesh,2021,2,dhar,445,242729.0
madhya-pradesh,2021,2,satna,421,352758.0
madhya-pradesh,2021,2,betul,405,265449.0
madhya-pradesh,2021,2,sagar,395,337878.0
madhya-pradesh,2021,3,indore,2349,1551659.0
madhya-pradesh,2021,3,bhopal,983,700198.0
madhya-pradesh,2021,3,gwalior,512,475936.0
madhya-pradesh,2021,3,dhar,438,254560.0
madhya-pradesh,2021,3,jabalpur,429,329648.0
madhya-pradesh,2021,3,ujjain,415,193371.0
madhya-pradesh,2021,3,chhindwara,389,301402.0
madhya-pradesh,2021,3,dewas,348,222915.0
madhya-pradesh,2021,3,ratlam,329,122806.0
madhya-pradesh,2021,3,rewa,287,228592.0
madhya-pradesh,2021,4,indore,3226,3536081.0
madhya-pradesh,2021,4,bhopal,1534,1918374.0
madhya-pradesh,2021,4,gwalior,879,1082459.0
madhya-pradesh,2021,4,jabalpur,672,791859.0
madhya-pradesh,2021,4,ujjain,524,561237.0
madhya-pradesh,2021,4,satna,392,499763.0
madhya-pradesh,2021,4,chhindwara,372,497400.0
madhya-pradesh,2021,4,sagar,357,376821.0
madhya-pradesh,2021,4,dewas,347,392812.0
madhya-pradesh,2021,4,singrauli,334,521508.0
madhya-pradesh,2020,2,indore,1839,307509.0
madhya-pradesh,2020,2,bhopal,1085,192080.0
madhya-pradesh,2020,2,jabalpur,326,60929.0
madhya-pradesh,2020,2,gwalior,243,46280.0
madhya-pradesh,2020,2,ujjain,178,35526.0
madhya-pradesh,2020,2,dewas,155,32391.0
madhya-pradesh,2020,2,dhar,131,28292.0
madhya-pradesh,2020,2,sagar,131,28964.0
madhya-pradesh,2020,2,khargone,124,26301.0
madhya-pradesh,2020,2,betul,115,22406.0
madhya-pradesh,2020,3,indore,2651,650508.0
madhya-pradesh,2020,3,bhopal,1645,396267.0
madhya-pradesh,2020,3,jabalpur,849,232913.0
madhya-pradesh,2020,3,gwalior,786,197464.0
madhya-pradesh,2020,3,dewas,519,173166.0
madhya-pradesh,2020,3,dhar,466,102051.0
madhya-pradesh,2020,3,ujjain,435,99084.0
madhya-pradesh,2020,3,sagar,362,93543.0
madhya-pradesh,2020,3,chhindwara,329,83081.0
madhya-pradesh,2020,3,rewa,319,78774.0
madhya-pradesh,2020,4,indore,1712,912031.0
madhya-pradesh,2020,4,bhopal,1097,587203.0
madhya-pradesh,2020,4,gwalior,477,314023.0
madhya-pradesh,2020,4,jabalpur,455,263094.0
madhya-pradesh,2020,4,ujjain,397,170342.0
madhya-pradesh,2020,4,dhar,359,123734.0
madhya-pradesh,2020,4,chhindwara,304,115853.0
madhya-pradesh,2020,4,satna,284,149067.0
madhya-pradesh,2020,4,dewas,282,115156.0
madhya-pradesh,2020,4,betul,267,96761.0
rajasthan,2022,1,jaipur,6330,8534407.0
rajasthan,2022,1,jodhpur,1579,2182907.0
rajasthan,2022,1,alwar,1331,1943529.0
rajasthan,2022,1,sikar,1200,1723978.0
rajasthan,2022,1,ganganagar,807,1448963.0
rajasthan,2022,1,udaipur,758,1088768.0
rajasthan,2022,1,bikaner,741,908042.0
rajasthan,2022,1,kota,710,957885.0
rajasthan,2022,1,ajmer,669,1095855.0
rajasthan,2022,1,barmer,662,919482.0
rajasthan,2022,2,jaipur,7224,9069667.0
rajasthan,2022,2,alwar,1666,2268591.0
rajasthan,2022,2,jodhpur,1574,2204996.0
rajasthan,2022,2,sikar,1118,1606708.0
rajasthan,2022,2,kota,920,1224304.0
rajasthan,2022,2,ajmer,893,1202104.0
rajasthan,2022,2,bikaner,859,1206661.0
rajasthan,2022,2,jhunjhunu,828,1313835.0
rajasthan,2022,2,udaipur,814,1133288.0
rajasthan,2022,2,ganganagar,751,1296746.0
rajasthan,2022,3,jaipur,9778,11871696.0
rajasthan,2022,3,alwar,2493,2970381.0
rajasthan,2022,3,jodhpur,2043,2861790.0
rajasthan,2022,3,sikar,1480,2195021.0
rajasthan,2022,3,kota,1411,1671898.0
rajasthan,2022,3,jhunjhunu,1240,2050268.0
rajasthan,2022,3,udaipur,1238,1763298.0
rajasthan,2022,3,ajmer,1195,1567682.0
rajasthan,2022,3,ganganagar,1100,1892703.0
rajasthan,2022,3,bhilwara,981,1240218.0
rajasthan,2022,4,jaipur,12312,16383317.0
rajasthan,2022,4,alwar,2869,3867232.0
rajasthan,2022,4,jodhpur,2263,3457703.0
rajasthan,2022,4,sikar,1791,3139214.0
rajasthan,2022,4,udaipur,1772,2748375.0
rajasthan,2022,4,kota,1639,2364806.0
rajasthan,2022,4,jhunjhunu,1423,2464003.0
rajasthan,2022,4,ajmer,1353,2049928.0
rajasthan,2022,4,bikaner,1227,1771787.0
rajasthan,2022,4,hanumangarh,1134,1845039.0
rajasthan,2024,1,jaipur,15526,26905546.0
rajasthan,2024,1,alwar,4286,6766046.0
rajasthan,2024,1,jodhpur,3508,6749880.0
rajasthan,2024,1,sikar,2623,5193783.0
rajasthan,2024,1,ganganagar,2347,5232086.0
rajasthan,2024,1,jhunjhunu,2299,4068476.0
rajasthan,2024,1,kota,2292,3842208.0
rajasthan,2024,1,udaipur,2158,3678832.0
rajasthan,2024,1,ajmer,1935,3335578.0
rajasthan,2024,1,barmer,1744,2433015.0
rajasthan,2024,2,jaipur,15812,26736985.0
rajasthan,2024,2,alwar,3664,5322993.0
rajasthan,2024,2,jodhpur,3196,6029033.0
rajasthan,2024,2,kota,2418,3944904.0
rajasthan,2024,2,sikar,2409,4497042.0
rajasthan,2024,2,jhunjhunu,2123,3734651.0
rajasthan,2024,2,ganganagar,2057,4376293.0
rajasthan,2024,2,udaipur,1994,3479737.0
rajasthan,2024,2,ajmer,1903,3397263.0
rajasthan,2024,2,bhilwara,1497,2217047.0
rajasthan,2024,3,jaipur,15969,25033274.0
rajasthan,2024,3,kota,3056,4466816.0
rajasthan,2024,3,jaipur rural,2943,4881552.0
rajasthan,2024,3,sikar,2773,5021518.0
rajasthan,2024,3,jodhpur,2647,5065224.0
rajasthan,2024,3,udaipur,2283,3764539.0
rajasthan,2024,3,jhunjhunu,2187,3604609.0
rajasthan,2024,3,ajmer,1828,3150883.0
rajasthan,2024,3,sri ganganagar,1591,3319667.0
rajasthan,2024,3,alwar,1530,2372803.0
rajasthan,2024,4,jaipur,17081,28322938.0
rajasthan,2024,4,jaipur rural,3460,5851560.0
rajasthan,2024,4,kota,3101,5002136.0
rajasthan,2024,4,sikar,2795,5214468.0
rajasthan,2024,4,jodhpur,2734,5715302.0
rajasthan,2024,4,udaipur,2461,4537156.0
rajasthan,2024,4,jhunjhunu,2446,4319408.0
rajasthan,2024,4,khairthal tijara,2106,2924729.0
rajasthan,2024,4,alwar,1925,3251565.0
rajasthan,2024,4,ajmer,1920,3602110.0
rajasthan,2023,1,jaipur,10690,16192985.0
rajasthan,2023,1,alwar,2501,3861598.0
rajasthan,2023,1,jodhpur,1835,3649973.0
rajasthan,2023,1,sikar,1621,3088894.0
rajasthan,2023,1,ganganagar,1361,3188557.0
rajasthan,2023,1,kota,1343,2111503.0
rajasthan,2023,1,jhunjhunu,1258,2545389.0
rajasthan,2023,1,udaipur,1236,2381337.0
rajasthan,2023,1,ajmer,1145,2363147.0
rajasthan,2023,1,hanumangarh,905,2288348.0
rajasthan,2023,2,jaipur,11344,16436901.0
rajasthan,2023,2,alwar,2566,3803390.0
rajasthan,2023,2,jodhpur,2104,3840402.0
rajasthan,2023,2,sikar,1665,2894145.0
rajasthan,2023,2,kota,1583,2355864.0
rajasthan,2023,2,udaipur,1395,2244456.0
rajasthan,2023,2,jhunjhunu,1364,2586470.0
rajasthan,2023,2,ganganagar,1338,2918807.0
rajasthan,2023,2,ajmer,1135,1987074.0
rajasthan,2023,2,bikaner,1056,1718469.0
rajasthan,2023,3,jaipur,12126,17396150.0
rajasthan,2023,3,alwar,2985,4117855.0
rajasthan,2023,3,jodhpur,2226,3899276.0
rajasthan,2023,3,kota,1815,2640773.0
rajasthan,2023,3,sikar,1700,3072011.0
rajasthan,2023,3,jhunjhunu,1560,2794205.0
rajasthan,2023,3,udaipur,1530,2516943.0
rajasthan,2023,3,ganganagar,1375,2796149.0
rajasthan,2023,3,ajmer,1264,2227826.0
rajasthan,2023,3,bhilwara,1120,1640986.0
rajasthan,2023,4,jaipur,14759,25167653.0
rajasthan,2023,4,alwar,3719,6055979.0
rajasthan,2023,4,jodhpur,2664,5759170.0
rajasthan,2023,4,kota,2256,3768494.0
rajasthan,2023,4,sikar,2239,5113462.0
rajasthan,2023,4,jhunjhunu,2045,4010722.0
rajasthan,2023,4,udaipur,2003,3871070.0
rajasthan,2023,4,ajmer,1592,3250093.0
rajasthan,2023,4,ganganagar,1568,3815148.0
rajasthan,2023,4,bhilwara,1273,2336387.0
rajasthan,2021,1,jaipur,4630,2056318.0
rajasthan,2021,1,alwar,1374,702678.0
rajasthan,2021,1,jodhpur,1008,474191.0
rajasthan,2021,1,sikar,742,378829.0
rajasthan,2021,1,bhilwara,741,293861.0
rajasthan,2021,1,ajmer,719,351130.0
rajasthan,2021,1,udaipur,644,318832.0
rajasthan,2021,1,kota,634,215422.0
rajasthan,2021,1,pali,574,266723.0
rajasthan,2021,1,jhunjhunu,557,280401.0
rajasthan,2021,2,jaipur,4282,3189878.0
rajasthan,2021,2,alwar,1447,1251855.0
rajasthan,2021,2,jodhpur,1019,655973.0
rajasthan,2021,2,sikar,893,863040.0
rajasthan,2021,2,kota,763,480268.0
rajasthan,2021,2,bhilwara,707,465142.0
rajasthan,2021,2,ajmer,683,484523.0
rajasthan,2021,2,udaipur,656,394234.0
rajasthan,2021,2,jhunjhunu,637,695473.0
rajasthan,2021,2,barmer,582,492616.0
rajasthan,2021,3,jaipur,4107,3228729.0
rajasthan,2021,3,alwar,1263,1120837.0
rajasthan,2021,3,jodhpur,877,617194.0
rajasthan,2021,3,sikar,727,674166.0
rajasthan,2021,3,ajmer,696,470044.0
rajasthan,2021,3,bhilwara,681,368721.0
rajasthan,2021,3,kota,651,446337.0
rajasthan,2021,3,ganganagar,611,435175.0
rajasthan,2021,3,udaipur,572,467711.0
rajasthan,2021,3,jhunjhunu,550,591963.0
rajasthan,2021,4,jaipur,5571,6278712.0
rajasthan,2021,4,jodhpur,1244,1426171.0
rajasthan,2021,4,alwar,1202,1830570.0
rajasthan,2021,4,sikar,1040,1370606.0
rajasthan,2021,4,kota,806,885949.0
rajasthan,2021,4,jhunjhunu,773,1052974.0
rajasthan,2021,4,ganganagar,714,957294.0
rajasthan,2021,4,udaipur,658,873749.0
rajasthan,2021,4,barmer,639,679196.0
rajasthan,2021,4,bikaner,628,678924.0
rajasthan,2020,2,jaipur,2009,379106.0
rajasthan,2020,2,alwar,603,120908.0
rajasthan,2020,2,jodhpur,370,74457.0
rajasthan,2020,2,kota,243,45338.0
rajasthan,2020,2,udaipur,213,40962.0
rajasthan,2020,2,ajmer,147,32501.0
rajasthan,2020,2,bharatpur,146,30801.0
rajasthan,2020,2,sikar,127,30963.0
rajasthan,2020,2,ganganagar,116,24302.0
rajasthan,2020,2,bikaner,112,24203.0
rajasthan,2020,3,jaipur,4428,1131777.0
rajasthan,2020,3,jaisalmer,1083,233487.0
rajasthan,2020,3,alwar,1035,261133.0
rajasthan,2020,3,jodhpur,758,198679.0
rajasthan,2020,3,bhilwara,638,149854.0
rajasthan,2020,3,ajmer,568,143975.0
rajasthan,2020,3,kota,536,122291.0
rajasthan,2020,3,udaipur,529,144376.0
rajasthan,2020,3,sikar,480,118409.0
rajasthan,2020,3,jhunjhunu,378,105105.0
rajasthan,2020,4,jaipur,3318,1641429.0
rajasthan,2020,4,alwar,900,476373.0
rajasthan,2020,4,jodhpur,782,420880.0
rajasthan,2020,4,bhilwara,512,159165.0
rajasthan,2020,4,sikar,493,344638.0
rajasthan,2020,4,udaipur,489,236748.0
rajasthan,2020,4,ajmer,443,218975.0
rajasthan,2020,4,kota,430,247397.0
rajasthan,2020,4,pali,362,181805.0
rajasthan,2020,4,nagaur,356,180876.0
andhra-pradesh,2022,1,visakhapatnam,5196,6953446.0
andhra-pradesh,2022,1,krishna,3914,5279784.0
andhra-pradesh,2022,1,east godavari,3605,5199664.0
andhra-pradesh,2022,1,chittoor,2887,4304499.0
andhra-pradesh,2022,1,guntur,2748,3988284.0
andhra-pradesh,2022,1,west godavari,1991,3109555.0
andhra-pradesh,2022,1,spsr nellore,1878,2608475.0
andhra-pradesh,2022,1,prakasam,1797,2181402.0
andhra-pradesh,2022,1,anantapur,1551,2556602.0
andhra-pradesh,2022,1,ysr,1439,2086496.0
andhra-pradesh,2022,2,visakhapatnam,5851,7046107.0
andhra-pradesh,2022,2,krishna,4578,5733009.0
andhra-pradesh,2022,2,guntur,3115,3979873.0
andhra-pradesh,2022,2,east godavari,3103,3899091.0
andhra-pradesh,2022,2,chittoor,2836,4207850.0
andhra-pradesh,2022,2,west godavari,2141,2903957.0
andhra-pradesh,2022,2,spsr nellore,2063,2686947.0
andhra-pradesh,2022,2,prakasam,1962,2331922.0
andhra-pradesh,2022,2,anantapur,1794,2729962.0
andhra-pradesh,2022,2,ysr,1418,1920103.0
andhra-pradesh,2022,3,visakhapatnam,6720,7779967.0
andhra-pradesh,2022,3,krishna,5529,6149431.0
andhra-pradesh,2022,3,guntur,4431,5271211.0
andhra-pradesh,2022,3,east godavari,4355,5505134.0
andhra-pradesh,2022,3,chittoor,3729,5145111.0
andhra-pradesh,2022,3,spsr nellore,2593,3257610.0
andhra-pradesh,2022,3,west godavari,2314,3113617.0
andhra-pradesh,2022,3,prakasam,2137,2552054.0
andhra-pradesh,2022,3,anantapur,1934,2719786.0
andhra-pradesh,2022,3,ysr,1892,2559169.0
andhra-pradesh,2022,4,visakhapatnam,7636,9911879.0
andhra-pradesh,2022,4,krishna,5484,6977122.0
andhra-pradesh,2022,4,guntur,5199,6244165.0
andhra-pradesh,2022,4,chittoor,4641,6166050.0
andhra-pradesh,2022,4,east godavari,4450,5856052.0
andhra-pradesh,2022,4,spsr nellore,2733,3658896.0
andhra-pradesh,2022,4,west godavari,2623,3513389.0
andhra-pradesh,2022,4,anantapur,2425,3710468.0
andhra-pradesh,2022,4,prakasam,2400,2848596.0
andhra-pradesh,2022,4,ysr,2261,2993022.0
andhra-pradesh,2024,1,visakhapatnam,9034,12016206.0
andhra-pradesh,2024,1,krishna,5888,7907881.0
andhra-pradesh,2024,1,east godavari,5344,6899327.0
andhra-pradesh,2024,1,chittoor,4784,6901394.0
andhra-pradesh,2024,1,guntur,4613,5985992.0
andhra-pradesh,2024,1,spsr nellore,2931,3961012.0
andhra-pradesh,2024,1,west godavari,2808,4029842.0
andhra-pradesh,2024,1,anantapur,2194,3722783.0
andhra-pradesh,2024,1,ysr,1935,2972264.0
andhra-pradesh,2024,1,kurnool,1916,2727094.0
andhra-pradesh,2024,2,visakhapatnam,9077,12170419.0
andhra-pradesh,2024,2,krishna,5321,7539878.0
andhra-pradesh,2024,2,east godavari,4730,6812370.0
andhra-pradesh,2024,2,guntur,3946,6093685.0
andhra-pradesh,2024,2,chittoor,3925,6646337.0
andhra-pradesh,2024,2,spsr nellore,2708,4456805.0
andhra-pradesh,2024,2,west godavari,2505,3448213.0
andhra-pradesh,2024,2,prakasam,2008,2858214.0
andhra-pradesh,2024,2,anantapur,1868,3445825.0
andhra-pradesh,2024,2,kurnool,1664,2836292.0
andhra-pradesh,2024,3,visakhapatnam,8553,12088761.0
andhra-pradesh,2024,3,ntr,4856,6761184.0
andhra-pradesh,2024,3,guntur,3703,5419362.0
andhra-pradesh,2024,3,tirupati,3517,5808106.0
andhra-pradesh,2024,3,sri potti sriramulu nellore,2386,3626372.0
andhra-pradesh,2024,3,kakinada,2269,3477318.0
andhra-pradesh,2024,3,east godavari,2001,3116536.0
andhra-pradesh,2024,3,anakapalli,1792,2253638.0
andhra-pradesh,2024,3,vizianagaram,1608,2223183.0
andhra-pradesh,2024,3,chittoor,1432,2748351.0
andhra-pradesh,2024,4,visakhapatnam,9897,13254184.0
andhra-pradesh,2024,4,ntr,7077,8504106.0
andhra-pradesh,2024,4,tirupati,4169,6081241.0
andhra-pradesh,2024,4,guntur,4159,5517638.0
andhra-pradesh,2024,4,sri potti sriramulu nellore,3193,4050293.0
andhra-pradesh,2024,4,kakinada,2905,3879273.0
andhra-pradesh,2024,4,east godavari,2499,3119010.0
andhra-pradesh,2024,4,prakasam,2499,2645564.0
andhra-pradesh,2024,4,anakapalli,2018,2214934.0
andhra-pradesh,2024,4,vizianagaram,1926,1988306.0
andhra-pradesh,2023,1,visakhapatnam,6752,9502319.0
andhra-pradesh,2023,1,krishna,4693,6275818.0
andhra-pradesh,2023,1,east godavari,4069,5915626.0
andhra-pradesh,2023,1,guntur,3542,4957590.0
andhra-pradesh,2023,1,chittoor,3284,5677174.0
andhra-pradesh,2023,1,spsr nellore,2461,3621734.0
andhra-pradesh,2023,1,west godavari,2196,3370241.0
andhra-pradesh,2023,1,anantapur,1565,2882540.0
andhra-pradesh,2023,1,ysr,1509,2235497.0
andhra-pradesh,2023,1,prakasam,1437,2188369.0
andhra-pradesh,2023,2,visakhapatnam,7000,8910217.0
andhra-pradesh,2023,2,krishna,5163,6666796.0
andhra-pradesh,2023,2,chittoor,3756,5988173.0
andhra-pradesh,2023,2,guntur,3725,5015442.0
andhra-pradesh,2023,2,east godavari,3690,5519480.0
andhra-pradesh,2023,2,spsr nellore,2468,3679371.0
andhra-pradesh,2023,2,west godavari,2140,3383512.0
andhra-pradesh,2023,2,anantapur,1688,3027497.0
andhra-pradesh,2023,2,ysr,1652,2426306.0
andhra-pradesh,2023,2,kurnool,1473,2483871.0
andhra-pradesh,2023,3,visakhapatnam,8972,11107138.0
andhra-pradesh,2023,3,krishna,6187,7831756.0
andhra-pradesh,2023,3,guntur,4604,5810698.0
andhra-pradesh,2023,3,east godavari,4157,5720660.0
andhra-pradesh,2023,3,chittoor,3993,6350318.0
andhra-pradesh,2023,3,spsr nellore,3082,3962298.0
andhra-pradesh,2023,3,west godavari,2308,3162591.0
andhra-pradesh,2023,3,anantapur,1947,3392196.0
andhra-pradesh,2023,3,ysr,1900,2732465.0
andhra-pradesh,2023,3,kurnool,1723,2310997.0
andhra-pradesh,2023,4,visakhapatnam,8787,12027284.0
andhra-pradesh,2023,4,krishna,5268,7328216.0
andhra-pradesh,2023,4,guntur,4354,6154821.0
andhra-pradesh,2023,4,east godavari,4294,6404501.0
andhra-pradesh,2023,4,chittoor,4025,7322967.0
andhra-pradesh,2023,4,spsr nellore,2739,3968074.0
andhra-pradesh,2023,4,west godavari,2198,3630998.0
andhra-pradesh,2023,4,anantapur,2143,3651525.0
andhra-pradesh,2023,4,ysr,1923,2738253.0
andhra-pradesh,2023,4,kurnool,1829,3161720.0
andhra-pradesh,2021,1,visakhapatnam,4006,2403199.0
andhra-pradesh,2021,1,krishna,2722,1699716.0
andhra-pradesh,2021,1,guntur,2412,1398326.0
andhra-pradesh,2021,1,east godavari,1937,1065604.0
andhra-pradesh,2021,1,chittoor,1629,1058050.0
andhra-pradesh,2021,1,west godavari,1460,850251.0
andhra-pradesh,2021,1,spsr nellore,1323,714947.0
andhra-pradesh,2021,1,kurnool,1270,508161.0
andhra-pradesh,2021,1,ysr,1265,729565.0
andhra-pradesh,2021,1,anantapur,1264,621128.0
andhra-pradesh,2021,2,prakasam,5308,2719134.0
andhra-pradesh,2021,2,visakhapatnam,4655,3497573.0
andhra-pradesh,2021,2,west godavari,4170,2327122.0
andhra-pradesh,2021,2,krishna,3451,2494257.0
andhra-pradesh,2021,2,guntur,2967,2201793.0
andhra-pradesh,2021,2,chittoor,2392,1839579.0
andhra-pradesh,2021,2,east godavari,2343,1695121.0
andhra-pradesh,2021,2,spsr nellore,1817,1245872.0
andhra-pradesh,2021,2,anantapur,1631,1284850.0
andhra-pradesh,2021,2,kurnool,1410,941389.0
andhra-pradesh,2021,3,visakhapatnam,4044,3191769.0
andhra-pradesh,2021,3,krishna,3258,2722279.0
andhra-pradesh,2021,3,guntur,2519,2102143.0
andhra-pradesh,2021,3,east godavari,2248,2073825.0
andhra-pradesh,2021,3,chittoor,1991,1995617.0
andhra-pradesh,2021,3,spsr nellore,1486,1161025.0
andhra-pradesh,2021,3,west godavari,1452,1216098.0
andhra-pradesh,2021,3,anantapur,1329,1311735.0
andhra-pradesh,2021,3,ysr,1137,1033282.0
andhra-pradesh,2021,3,prakasam,1050,877683.0
andhra-pradesh,2021,4,visakhapatnam,4176,5425896.0
andhra-pradesh,2021,4,krishna,3029,3841028.0
andhra-pradesh,2021,4,guntur,2709,3214794.0
andhra-pradesh,2021,4,east godavari,2532,3543718.0
andhra-pradesh,2021,4,chittoor,2444,3100521.0
andhra-pradesh,2021,4,spsr nellore,2369,2345876.0
andhra-pradesh,2021,4,ysr,1449,1479933.0
andhra-pradesh,2021,4,anantapur,1322,2101400.0
andhra-pradesh,2021,4,west godavari,1262,1853561.0
andhra-pradesh,2021,4,prakasam,1181,1328774.0
andhra-pradesh,2020,2,visakhapatnam,3504,614212.0
andhra-pradesh,2020,2,anantapur,2739,485777.0
andhra-pradesh,2020,2,krishna,2698,475539.0
andhra-pradesh,2020,2,chittoor,2228,395099.0
andhra-pradesh,2020,2,ysr,1978,343002.0
andhra-pradesh,2020,2,guntur,1938,344326.0
andhra-pradesh,2020,2,east godavari,1913,352220.0
andhra-pradesh,2020,2,west godavari,1074,202289.0
andhra-pradesh,2020,2,spsr nellore,931,176423.0
andhra-pradesh,2020,2,vizianagaram,893,166029.0
andhra-pradesh,2020,3,visakhapatnam,7906,1892376.0
andhra-pradesh,2020,3,spsr nellore,5509,1259159.0
andhra-pradesh,2020,3,krishna,4519,1093882.0
andhra-pradesh,2020,3,chittoor,4422,1178762.0
andhra-pradesh,2020,3,guntur,4230,1083584.0
andhra-pradesh,2020,3,east godavari,3783,970549.0
andhra-pradesh,2020,3,kurnool,3493,841970.0
andhra-pradesh,2020,3,ysr,3397,847519.0
andhra-pradesh,2020,3,vizianagaram,2999,691281.0
andhra-pradesh,2020,3,anantapur,2911,764850.0
andhra-pradesh,2020,4,visakhapatnam,3464,2203761.0
andhra-pradesh,2020,4,guntur,2570,1620649.0
andhra-pradesh,2020,4,krishna,2311,1222782.0
andhra-pradesh,2020,4,east godavari,1965,1355741.0
andhra-pradesh,2020,4,chittoor,1727,1168506.0
andhra-pradesh,2020,4,anantapur,1534,794053.0
andhra-pradesh,2020,4,west godavari,1390,906282.0
andhra-pradesh,2020,4,spsr nellore,1348,810758.0
andhra-pradesh,2020,4,prakasam,1190,572976.0
andhra-pradesh,2020,4,ysr,1165,631876.0
chandigarh,2022,1,chandigarh,792,1150932.0
chandigarh,2022,2,chandigarh,1330,1874959.0
chandigarh,2022,3,chandigarh,1533,1998439.0
chandigarh,2022,4,chandigarh,1403,2024528.0
chandigarh,2024,1,chandigarh,1730,3143984.0
chandigarh,2024,2,chandigarh,1798,3177315.0
chandigarh,2024,3,chandigarh,1991,3445738.0
chandigarh,2024,4,chandigarh,2095,3729932.0
chandigarh,2023,1,chandigarh,1520,2415574.0
chandigarh,2023,2,chandigarh,1704,2501107.0
chandigarh,2023,3,chandigarh,1883,2660630.0
chandigarh,2023,4,chandigarh,1767,3053934.0
chandigarh,2021,1,chandigarh,338,238576.0
chandigarh,2021,2,chandigarh,378,310943.0
chandigarh,2021,3,chandigarh,494,469634.0
chandigarh,2021,4,chandigarh,710,835813.0
chandigarh,2020,2,chandigarh,149,29537.0
chandigarh,2020,3,chandigarh,264,70969.0
chandigarh,2020,4,chandigarh,200,153341.0
kerala,2022,1,ernakulam,6248,10184076.0
kerala,2022,1,thiruvananthapuram,4746,7815682.0
kerala,2022,1,kozhikode,3868,6125227.0
kerala,2022,1,malappuram,3827,6416876.0
kerala,2022,1,thrissur,2870,5275331.0
kerala,2022,1,kollam,2669,4851946.0
kerala,2022,1,alappuzha,2604,4460572.0
kerala,2022,1,kannur,2359,4239885.0
kerala,2022,1,palakkad,1948,3521858.0
kerala,2022,1,kottayam,1758,3443412.0
kerala,2022,2,ernakulam,6138,9888302.0
kerala,2022,2,thiruvananthapuram,4817,8023082.0
kerala,2022,2,kozhikode,3897,5800476.0
kerala,2022,2,malappuram,3544,5780272.0
kerala,2022,2,thrissur,2754,4617095.0
kerala,2022,2,kollam,2716,4729038.0
kerala,2022,2,alappuzha,2379,4025340.0
kerala,2022,2,kannur,1939,3244289.0
kerala,2022,2,kottayam,1812,3448007.0
kerala,2022,2,palakkad,1776,3088235.0
kerala,2022,3,ernakulam,9029,13521423.0
kerala,2022,3,thiruvananthapuram,6698,10159821.0
kerala,2022,3,malappuram,6383,9700344.0
kerala,2022,3,kozhikode,5994,8478215.0
kerala,2022,3,kollam,4338,6942000.0
kerala,2022,3,thrissur,4110,6792045.0
kerala,2022,3,alappuzha,3587,5666299.0
kerala,2022,3,kannur,3232,5087161.0
kerala,2022,3,kottayam,2773,4730938.0
kerala,2022,3,palakkad,2724,4339674.0
kerala,2022,4,ernakulam,11176,16851440.0
kerala,2022,4,thiruvananthapuram,7869,12164492.0
kerala,2022,4,malappuram,7505,11502962.0
kerala,2022,4,kozhikode,7244,10442297.0
kerala,2022,4,thrissur,4917,7803369.0
kerala,2022,4,kollam,4693,7758609.0
kerala,2022,4,alappuzha,4318,6745436.0
kerala,2022,4,kannur,4187,6703769.0
kerala,2022,4,palakkad,3392,5656594.0
kerala,2022,4,kottayam,3274,5790023.0
kerala,2024,1,ernakulam,12981,20575531.0
kerala,2024,1,thiruvananthapuram,9009,14401433.0
kerala,2024,1,malappuram,7878,11442023.0
kerala,2024,1,kozhikode,7818,11291867.0
kerala,2024,1,thrissur,5531,8883949.0
kerala,2024,1,kollam,4812,7932381.0
kerala,2024,1,kannur,4612,7249941.0
kerala,2024,1,alappuzha,4570,7250080.0
kerala,2024,1,palakkad,3915,6273930.0
kerala,2024,1,kottayam,3899,6495719.0
kerala,2024,2,ernakulam,11149,18695182.0
kerala,2024,2,thiruvananthapuram,8171,13733594.0
kerala,2024,2,malappuram,7351,11554891.0
kerala,2024,2,kozhikode,6739,10175936.0
kerala,2024,2,thrissur,4961,8233954.0
kerala,2024,2,kollam,4687,8003389.0
kerala,2024,2,alappuzha,4001,6633278.0
kerala,2024,2,kannur,3878,6367728.0
kerala,2024,2,palakkad,3620,5990110.0
kerala,2024,2,kottayam,3299,5927426.0
kerala,2024,3,ernakulam,14031,23407883.0
kerala,2024,3,thiruvananthapuram,10054,17206859.0
kerala,2024,3,malappuram,8723,13934057.0
kerala,2024,3,kozhikode,8105,12664149.0
kerala,2024,3,thrissur,6096,9994666.0
kerala,2024,3,kollam,5933,10174949.0
kerala,2024,3,alappuzha,4917,8090275.0
kerala,2024,3,kannur,4564,7586845.0
kerala,2024,3,palakkad,4336,7204261.0
kerala,2024,3,kottayam,4187,7258218.0
kerala,2024,4,ernakulam,15903,25255702.0
kerala,2024,4,thiruvananthapuram,10961,18593239.0
kerala,2024,4,malappuram,9829,14805451.0
kerala,2024,4,kozhikode,9313,13828980.0
kerala,2024,4,thrissur,7040,11532393.0
kerala,2024,4,kollam,6163,10147122.0
kerala,2024,4,alappuzha,5391,8466002.0
kerala,2024,4,kannur,5242,8310581.0
kerala,2024,4,palakkad,4985,7861199.0
kerala,2024,4,kottayam,4819,8243280.0
kerala,2023,1,ernakulam,11073,17476806.0
kerala,2023,1,thiruvananthapuram,7752,12363104.0
kerala,2023,1,kozhikode,7222,10547486.0
kerala,2023,1,malappuram,6783,10793744.0
kerala,2023,1,thrissur,4850,8185241.0
kerala,2023,1,kollam,4033,7015862.0
kerala,2023,1,kannur,3939,6481421.0
kerala,2023,1,alappuzha,3784,6192453.0
kerala,2023,1,palakkad,3265,5417839.0
kerala,2023,1,kottayam,2921,5189859.0
kerala,2023,2,ernakulam,10598,16600162.0
kerala,2023,2,thiruvananthapuram,8224,13258692.0
kerala,2023,2,kozhikode,6883,10038088.0
kerala,2023,2,malappuram,6853,11078937.0
kerala,2023,2,thrissur,4489,7646887.0
kerala,2023,2,kollam,4308,7112761.0
kerala,2023,2,alappuzha,3850,6362914.0
kerala,2023,2,kannur,3529,6134872.0
kerala,2023,2,palakkad,3314,5694122.0
kerala,2023,2,kottayam,2740,5078782.0
kerala,2023,3,ernakulam,12004,19154183.0
kerala,2023,3,thiruvananthapuram,8669,14060287.0
kerala,2023,3,malappuram,7289,12049224.0
kerala,2023,3,kozhikode,7048,10419378.0
kerala,2023,3,kollam,4958,8529815.0
kerala,2023,3,thrissur,4879,8384934.0
kerala,2023,3,alappuzha,4253,7176797.0
kerala,2023,3,kannur,3626,6232084.0
kerala,2023,3,palakkad,3489,5893459.0
kerala,2023,3,kottayam,3260,6030230.0
kerala,2023,4,ernakulam,13336,21283249.0
kerala,2023,4,thiruvananthapuram,9139,15383409.0
kerala,2023,4,malappuram,8241,13268920.0
kerala,2023,4,kozhikode,8030,12236953.0
kerala,2023,4,thrissur,5464,9203305.0
kerala,2023,4,kollam,4970,8676874.0
kerala,2023,4,kannur,4667,7783755.0
kerala,2023,4,alappuzha,4462,6988333.0
kerala,2023,4,palakkad,3922,6534162.0
kerala,2023,4,kottayam,3639,6485056.0
kerala,2021,1,ernakulam,1252,1016580.0
kerala,2021,1,kozhikode,598,503468.0
kerala,2021,1,thiruvananthapuram,587,507950.0
kerala,2021,1,thrissur,524,503132.0
kerala,2021,1,malappuram,446,350548.0
kerala,2021,1,kannur,422,374238.0
kerala,2021,1,kollam,383,364847.0
kerala,2021,1,palakkad,346,300887.0
kerala,2021,1,alappuzha,344,310645.0
kerala,2021,1,kottayam,260,224292.0
kerala,2021,2,ernakulam,1939,1728254.0
kerala,2021,2,thiruvananthapuram,1176,1162796.0
kerala,2021,2,kozhikode,1092,1095684.0
kerala,2021,2,malappuram,849,939169.0
kerala,2021,2,thrissur,820,831809.0
kerala,2021,2,kollam,669,747935.0
kerala,2021,2,palakkad,551,550644.0
kerala,2021,2,kannur,541,605434.0
kerala,2021,2,alappuzha,499,499709.0
kerala,2021,2,kottayam,484,503168.0
kerala,2021,3,ernakulam,2041,2178118.0
kerala,2021,3,thiruvananthapuram,1273,1437314.0
kerala,2021,3,kozhikode,1188,1366856.0
kerala,2021,3,malappuram,1102,1488543.0
kerala,2021,3,thrissur,878,954447.0
kerala,2021,3,kollam,836,1078023.0
kerala,2021,3,kannur,745,940147.0
kerala,2021,3,alappuzha,629,875110.0
kerala,2021,3,palakkad,622,741332.0
kerala,2021,3,kottayam,495,759525.0
kerala,2021,4,ernakulam,3397,4987028.0
kerala,2021,4,thiruvananthapuram,2400,3779310.0
kerala,2021,4,malappuram,1926,3110462.0
kerala,2021,4,kozhikode,1871,2956875.0
kerala,2021,4,kollam,1486,2426845.0
kerala,2021,4,thrissur,1466,2429009.0
kerala,2021,4,kannur,1255,2260422.0
kerala,2021,4,alappuzha,1251,1905411.0
kerala,2021,4,palakkad,1054,1728168.0
kerala,2021,4,kottayam,971,1683696.0
kerala,2020,2,ernakulam,418,93852.0
kerala,2020,2,thiruvananthapuram,199,44084.0
kerala,2020,2,thrissur,174,37861.0
kerala,2020,2,kannur,122,28904.0
kerala,2020,2,kozhikode,113,25774.0
kerala,2020,2,palakkad,113,27306.0
kerala,2020,2,kollam,96,20737.0
kerala,2020,2,kottayam,78,18217.0
kerala,2020,2,alappuzha,69,15083.0
kerala,2020,2,pathanamthitta,61,13599.0
kerala,2020,3,ernakulam,2380,725788.0
kerala,2020,3,thiruvananthapuram,1067,343813.0
kerala,2020,3,thrissur,952,328037.0
kerala,2020,3,kozhikode,767,230900.0
kerala,2020,3,kannur,571,202732.0
kerala,2020,3,kollam,523,163023.0
kerala,2020,3,malappuram,492,150394.0
kerala,2020,3,alappuzha,453,148816.0
kerala,2020,3,palakkad,419,132488.0
kerala,2020,3,kottayam,393,148283.0
kerala,2020,4,ernakulam,1310,892676.0
kerala,2020,4,thiruvananthapuram,617,566230.0
kerala,2020,4,kozhikode,570,452862.0
kerala,2020,4,thrissur,526,425296.0
kerala,2020,4,malappuram,404,316839.0
kerala,2020,4,kannur,371,335755.0
kerala,2020,4,kollam,355,319760.0
kerala,2020,4,palakkad,311,240234.0
kerala,2020,4,alappuzha,281,244366.0
kerala,2020,4,kottayam,197,173317.0
chhattisgarh,2022,1,raipur,1650,2255466.0
chhattisgarh,2022,1,durg,879,1239930.0
chhattisgarh,2022,1,bilaspur,610,961852.0
chhattisgarh,2022,1,korba,402,675060.0
chhattisgarh,2022,1,raigarh,311,477426.0
chhattisgarh,2022,1,janjgir champa,302,488142.0
chhattisgarh,2022,1,surguja,225,347658.0
chhattisgarh,2022,1,rajnandgaon,207,330899.0
chhattisgarh,2022,1,kanker,201,301862.0
chhattisgarh,2022,1,baloda bazar,185,345262.0
chhattisgarh,2022,2,raipur,1773,2243228.0
chhattisgarh,2022,2,durg,1061,1499260.0
chhattisgarh,2022,2,bilaspur,869,1181756.0
chhattisgarh,2022,2,raigarh,386,555753.0
chhattisgarh,2022,2,korba,353,543196.0
chhattisgarh,2022,2,janjgir champa,300,433751.0
chhattisgarh,2022,2,rajnandgaon,267,384283.0
chhattisgarh,2022,2,baloda bazar,175,342236.0
chhattisgarh,2022,2,mahasamund,175,272123.0
chhattisgarh,2022,2,surguja,172,328700.0
chhattisgarh,2022,3,raipur,2103,2618098.0
chhattisgarh,2022,3,durg,1197,1644805.0
chhattisgarh,2022,3,bilaspur,1015,1231179.0
chhattisgarh,2022,3,raigarh,636,782616.0
chhattisgarh,2022,3,korba,544,785140.0
chhattisgarh,2022,3,janjgir champa,397,531798.0
chhattisgarh,2022,3,rajnandgaon,332,528822.0
chhattisgarh,2022,3,bastar,238,366792.0
chhattisgarh,2022,3,surguja,223,344772.0
chhattisgarh,2022,3,baloda bazar,214,288345.0
chhattisgarh,2022,4,raipur,2894,3964532.0
chhattisgarh,2022,4,durg,1757,2516798.0
chhattisgarh,2022,4,bilaspur,1264,1762665.0
chhattisgarh,2022,4,korba,1020,1466794.0
chhattisgarh,2022,4,raigarh,642,920443.0
chhattisgarh,2022,4,janjgir champa,489,702708.0
chhattisgarh,2022,4,rajnandgaon,388,677411.0
chhattisgarh,2022,4,surguja,345,629537.0
chhattisgarh,2022,4,bastar,313,555336.0
chhattisgarh,2022,4,baloda bazar,303,425204.0
chhattisgarh,2024,1,raipur,4431,6662939.0
chhattisgarh,2024,1,durg,2798,4503702.0
chhattisgarh,2024,1,bilaspur,1885,2705056.0
chhattisgarh,2024,1,korba,1264,2024895.0
chhattisgarh,2024,1,raigarh,1243,1713513.0
chhattisgarh,2024,1,janjgir champa,847,1175253.0
chhattisgarh,2024,1,rajnandgaon,796,1161349.0
chhattisgarh,2024,1,bastar,652,1182790.0
chhattisgarh,2024,1,surguja,591,1143999.0
chhattisgarh,2024,1,baloda bazar,579,789583.0
chhattisgarh,2024,2,raipur,3646,6000577.0
chhattisgarh,2024,2,durg,2258,3780232.0
chhattisgarh,2024,2,bilaspur,1489,2337487.0
chhattisgarh,2024,2,korba,1003,1593038.0
chhattisgarh,2024,2,raigarh,979,1397659.0
chhattisgarh,2024,2,janjgir champa,682,1118473.0
chhattisgarh,2024,2,rajnandgaon,598,1029575.0
chhattisgarh,2024,2,bastar,569,870413.0
chhattisgarh,2024,2,surguja,465,1002603.0
chhattisgarh,2024,2,baloda bazar,464,729308.0
chhattisgarh,2024,3,raipur,3867,6026487.0
chhattisgarh,2024,3,durg,2213,3720914.0
chhattisgarh,2024,3,bilaspur,1531,2522496.0
chhattisgarh,2024,3,korba,1115,1812021.0
chhattisgarh,2024,3,raigarh,1096,1514472.0
chhattisgarh,2024,3,bastar,634,1101607.0
chhattisgarh,2024,3,janjgir champa,519,839363.0
chhattisgarh,2024,3,rajnandgaon,441,769805.0
chhattisgarh,2024,3,surguja,425,820022.0
chhattisgarh,2024,3,balodabazar bhatapara,406,639999.0
chhattisgarh,2024,4,raipur,5081,8313161.0
chhattisgarh,2024,4,durg,3059,5223646.0
chhattisgarh,2024,4,bilaspur,2244,3412964.0
chhattisgarh,2024,4,korba,1736,2793511.0
chhattisgarh,2024,4,raigarh,1377,1983492.0
chhattisgarh,2024,4,bastar,769,1263838.0
chhattisgarh,2024,4,janjgir champa,763,1264517.0
chhattisgarh,2024,4,surguja,608,1284497.0
chhattisgarh,2024,4,balodabazar bhatapara,566,751821.0
chhattisgarh,2024,4,rajnandgaon,540,929044.0
chhattisgarh,2023,1,raipur,2822,3781934.0
chhattisgarh,2023,1,durg,1618,2496654.0
chhattisgarh,2023,1,bilaspur,1173,1738639.0
chhattisgarh,2023,1,korba,647,969540.0
chhattisgarh,2023,1,raigarh,581,993311.0
chhattisgarh,2023,1,janjgir champa,418,662015.0
chhattisgarh,2023,1,rajnandgaon,307,513794.0
chhattisgarh,2023,1,bastar,276,517691.0
chhattisgarh,2023,1,surguja,272,444122.0
chhattisgarh,2023,1,baloda bazar,261,481517.0
chhattisgarh,2023,2,raipur,2650,3689547.0
chhattisgarh,2023,2,durg,1620,2446797.0
chhattisgarh,2023,2,bilaspur,1081,1517472.0
chhattisgarh,2023,2,raigarh,651,1038992.0
chhattisgarh,2023,2,korba,590,918450.0
chhattisgarh,2023,2,janjgir champa,440,772564.0
chhattisgarh,2023,2,bastar,410,559981.0
chhattisgarh,2023,2,rajnandgaon,341,552029.0
chhattisgarh,2023,2,surguja,292,761839.0
chhattisgarh,2023,2,mahasamund,231,456206.0
chhattisgarh,2023,3,raipur,3101,4008990.0
chhattisgarh,2023,3,durg,1796,2723875.0
chhattisgarh,2023,3,bilaspur,1162,1711627.0
chhattisgarh,2023,3,raigarh,837,1101843.0
chhattisgarh,2023,3,korba,680,1012743.0
chhattisgarh,2023,3,janjgir champa,456,643042.0
chhattisgarh,2023,3,rajnandgaon,388,655634.0
chhattisgarh,2023,3,bastar,360,557854.0
chhattisgarh,2023,3,surguja,332,550485.0
chhattisgarh,2023,3,baloda bazar,287,481609.0
chhattisgarh,2023,4,raipur,4216,6830052.0
chhattisgarh,2023,4,durg,2391,4187335.0
chhattisgarh,2023,4,bilaspur,1688,2767222.0
chhattisgarh,2023,4,korba,1325,2428339.0
chhattisgarh,2023,4,raigarh,1001,1543078.0
chhattisgarh,2023,4,janjgir champa,704,1097171.0
chhattisgarh,2023,4,bastar,612,970907.0
chhattisgarh,2023,4,rajnandgaon,604,985105.0
chhattisgarh,2023,4,surguja,544,1045385.0
chhattisgarh,2023,4,baloda bazar,415,670178.0
chhattisgarh,2021,1,raipur,1026,542296.0
chhattisgarh,2021,1,durg,513,326643.0
chhattisgarh,2021,1,bilaspur,464,257938.0
chhattisgarh,2021,1,raigarh,298,139430.0
chhattisgarh,2021,1,janjgir champa,297,193584.0
chhattisgarh,2021,1,korba,244,151755.0
chhattisgarh,2021,1,rajnandgaon,185,105281.0
chhattisgarh,2021,1,baloda bazar,173,82107.0
chhattisgarh,2021,1,mahasamund,143,49330.0
chhattisgarh,2021,1,surguja,138,103150.0
chhattisgarh,2021,2,raipur,1208,819324.0
chhattisgarh,2021,2,durg,534,404367.0
chhattisgarh,2021,2,bilaspur,422,372335.0
chhattisgarh,2021,2,raigarh,413,273255.0
chhattisgarh,2021,2,korba,338,204745.0
chhattisgarh,2021,2,janjgir champa,275,218849.0
chhattisgarh,2021,2,rajnandgaon,263,171631.0
chhattisgarh,2021,2,bastar,144,109459.0
chhattisgarh,2021,2,mahasamund,144,87736.0
chhattisgarh,2021,2,baloda bazar,143,107641.0
chhattisgarh,2021,3,raipur,1145,798270.0
chhattisgarh,2021,3,durg,564,457493.0
chhattisgarh,2021,3,bilaspur,385,289752.0
chhattisgarh,2021,3,korba,281,237893.0
chhattisgarh,2021,3,raigarh,265,178817.0
chhattisgarh,2021,3,janjgir champa,229,152293.0
chhattisgarh,2021,3,rajnandgaon,212,165704.0
chhattisgarh,2021,3,baloda bazar,155,113239.0
chhattisgarh,2021,3,mahasamund,146,80923.0
chhattisgarh,2021,3,bastar,134,129106.0
chhattisgarh,2021,4,raipur,1504,1759887.0
chhattisgarh,2021,4,durg,857,1120413.0
chhattisgarh,2021,4,bilaspur,510,802349.0
chhattisgarh,2021,4,korba,389,532770.0
chhattisgarh,2021,4,janjgir champa,266,334273.0
chhattisgarh,2021,4,raigarh,230,349708.0
chhattisgarh,2021,4,surguja,210,297790.0
chhattisgarh,2021,4,bastar,183,266874.0
chhattisgarh,2021,4,mahasamund,165,179042.0
chhattisgarh,2021,4,kanker,161,220818.0
chhattisgarh,2020,2,raipur,410,81039.0
chhattisgarh,2020,2,durg,172,37102.0
chhattisgarh,2020,2,bilaspur,138,26772.0
chhattisgarh,2020,2,raigarh,101,19804.0
chhattisgarh,2020,2,janjgir champa,97,19462.0
chhattisgarh,2020,2,surguja,77,14582.0
chhattisgarh,2020,2,korba,64,13184.0
chhattisgarh,2020,2,rajnandgaon,56,11803.0
chhattisgarh,2020,2,mahasamund,28,6903.0
chhattisgarh,2020,2,jashpur,23,4935.0
chhattisgarh,2020,3,raipur,1324,395561.0
chhattisgarh,2020,3,durg,639,196453.0
chhattisgarh,2020,3,bilaspur,394,110531.0
chhattisgarh,2020,3,raigarh,347,107510.0
chhattisgarh,2020,3,korba,249,82657.0
chhattisgarh,2020,3,janjgir champa,247,72077.0
chhattisgarh,2020,3,mahasamund,165,43911.0
chhattisgarh,2020,3,baloda bazar,137,30918.0
chhattisgarh,2020,3,surguja,135,37853.0
chhattisgarh,2020,3,rajnandgaon,134,38440.0
chhattisgarh,2020,4,raipur,854,518623.0
chhattisgarh,2020,4,durg,393,252505.0
chhattisgarh,2020,4,bilaspur,341,195612.0
chhattisgarh,2020,4,raigarh,253,133432.0
chhattisgarh,2020,4,janjgir champa,250,129700.0
chhattisgarh,2020,4,korba,212,154943.0
chhattisgarh,2020,4,rajnandgaon,154,119506.0
chhattisgarh,2020,4,baloda bazar,144,91702.0
chhattisgarh,2020,4,mahasamund,113,51551.0
chhattisgarh,2020,4,kanker,106,72276.0
tripura,2022,1,west tripura,469,689545.0
tripura,2022,1,north tripura,92,181157.0
tripura,2022,1,gomati,82,156558.0
tripura,2022,1,dhalai,70,143221.0
tripura,2022,1,south tripura,61,83758.0
tripura,2022,1,sepahijala,50,77987.0
tripura,2022,1,khowai,48,104540.0
tripura,2022,1,unakoti,35,56635.0
tripura,2022,2,west tripura,543,677226.0
tripura,2022,2,gomati,101,156478.0
tripura,2022,2,sepahijala,93,181097.0
tripura,2022,2,north tripura,72,124850.0
tripura,2022,2,dhalai,68,144009.0
tripura,2022,2,south tripura,59,80865.0
tripura,2022,2,khowai,45,81110.0
tripura,2022,2,unakoti,40,63470.0
tripura,2022,3,west tripura,823,1010660.0
tripura,2022,3,south tripura,167,201355.0
tripura,2022,3,sepahijala,137,179117.0
tripura,2022,3,gomati,137,183401.0
tripura,2022,3,north tripura,117,198035.0
tripura,2022,3,dhalai,97,161415.0
tripura,2022,3,unakoti,62,99811.0
tripura,2022,3,khowai,50,72190.0
tripura,2022,4,west tripura,746,953813.0
tripura,2022,4,gomati,150,215799.0
tripura,2022,4,sepahijala,133,215653.0
tripura,2022,4,south tripura,130,203072.0
tripura,2022,4,north tripura,112,153587.0
tripura,2022,4,dhalai,97,166204.0
tripura,2022,4,khowai,78,103717.0
tripura,2022,4,unakoti,62,100689.0
tripura,2024,1,west tripura,1096,1377332.0
tripura,2024,1,north tripura,283,424124.0
tripura,2024,1,south tripura,269,336638.0
tripura,2024,1,gomati,254,324301.0
tripura,2024,1,dhalai,208,277894.0
tripura,2024,1,sepahijala,203,250060.0
tripura,2024,1,unakoti,176,240008.0
tripura,2024,1,khowai,148,187211.0
tripura,2024,2,west tripura,1061,1411676.0
tripura,2024,2,north tripura,216,302017.0
tripura,2024,2,sepahijala,194,275546.0
tripura,2024,2,south tripura,186,229715.0
tripura,2024,2,gomati,174,208180.0
tripura,2024,2,dhalai,131,162686.0
tripura,2024,2,unakoti,123,155465.0
tripura,2024,2,khowai,103,124204.0
tripura,2024,3,west tripura,1240,1546882.0
tripura,2024,3,gomati,275,370141.0
tripura,2024,3,north tripura,211,301024.0
tripura,2024,3,south tripura,200,257086.0
tripura,2024,3,dhalai,169,266335.0
tripura,2024,3,sepahijala,166,222353.0
tripura,2024,3,unakoti,143,215827.0
tripura,2024,3,khowai,112,143695.0
tripura,2024,4,west tripura,1274,1642489.0
tripura,2024,4,gomati,278,370511.0
tripura,2024,4,south tripura,270,358394.0
tripura,2024,4,sepahijala,245,323004.0
tripura,2024,4,north tripura,228,372645.0
tripura,2024,4,khowai,169,253140.0
tripura,2024,4,dhalai,167,223777.0
tripura,2024,4,unakoti,163,221772.0
tripura,2023,1,west tripura,763,1011368.0
tripura,2023,1,gomati,175,262221.0
tripura,2023,1,north tripura,135,193968.0
tripura,2023,1,sepahijala,134,212138.0
tripura,2023,1,south tripura,128,190004.0
tripura,2023,1,dhalai,109,221273.0
tripura,2023,1,unakoti,106,161082.0
tripura,2023,1,khowai,92,152904.0
tripura,2023,2,west tripura,844,1100963.0
tripura,2023,2,north tripura,142,206586.0
tripura,2023,2,sepahijala,142,207804.0
tripura,2023,2,gomati,111,151902.0
tripura,2023,2,south tripura,107,151793.0
tripura,2023,2,dhalai,76,107971.0
tripura,2023,2,khowai,71,103014.0
tripura,2023,2,unakoti,70,133780.0
tripura,2023,3,west tripura,1066,1369406.0
tripura,2023,3,north tripura,187,321679.0
tripura,2023,3,gomati,172,228798.0
tripura,2023,3,south tripura,159,224069.0
tripura,2023,3,sepahijala,147,233636.0
tripura,2023,3,dhalai,129,213324.0
tripura,2023,3,unakoti,112,177111.0
tripura,2023,3,khowai,99,131370.0
tripura,2023,4,west tripura,1069,1383929.0
tripura,2023,4,south tripura,240,364619.0
tripura,2023,4,north tripura,205,359902.0
tripura,2023,4,gomati,203,285562.0
tripura,2023,4,sepahijala,171,237095.0
tripura,2023,4,dhalai,131,192442.0
tripura,2023,4,unakoti,114,175180.0
tripura,2023,4,khowai,104,171012.0
tripura,2021,1,west tripura,166,96897.0
tripura,2021,1,north tripura,41,36055.0
tripura,2021,1,south tripura,34,14949.0
tripura,2021,1,sepahijala,32,9568.0
tripura,2021,1,dhalai,31,12709.0
tripura,2021,1,unakoti,23,4441.0
tripura,2021,1,gomati,17,8301.0
tripura,2021,1,khowai,16,8611.0
tripura,2021,2,west tripura,188,208504.0
tripura,2021,2,north tripura,54,39590.0
tripura,2021,2,dhalai,28,30670.0
tripura,2021,2,unakoti,27,26303.0
tripura,2021,2,south tripura,27,37748.0
tripura,2021,2,gomati,23,13885.0
tripura,2021,2,sepahijala,18,36606.0
tripura,2021,2,khowai,16,16628.0
tripura,2021,3,west tripura,296,357068.0
tripura,2021,3,gomati,50,55267.0
tripura,2021,3,sepahijala,34,51581.0
tripura,2021,3,south tripura,29,44423.0
tripura,2021,3,north tripura,27,41664.0
tripura,2021,3,dhalai,22,33486.0
tripura,2021,3,khowai,21,36254.0
tripura,2021,3,unakoti,15,30218.0
tripura,2021,4,west tripura,327,462804.0
tripura,2021,4,gomati,81,109520.0
tripura,2021,4,south tripura,73,109246.0
tripura,2021,4,north tripura,61,93388.0
tripura,2021,4,sepahijala,47,68140.0
tripura,2021,4,dhalai,42,71198.0
tripura,2021,4,khowai,38,53306.0
tripura,2021,4,unakoti,33,54906.0
tripura,2020,2,west tripura,46,11646.0
tripura,2020,2,gomati,12,2569.0
tripura,2020,2,north tripura,9,2454.0
tripura,2020,2,sepahijala,6,1632.0
tripura,2020,2,unakoti,5,1284.0
tripura,2020,2,south tripura,4,975.0
tripura,2020,2,khowai,3,739.0
tripura,2020,2,dhalai,3,755.0
tripura,2020,3,west tripura,117,31197.0
tripura,2020,3,north tripura,28,6036.0
tripura,2020,3,sepahijala,24,5870.0
tripura,2020,3,gomati,22,5502.0
tripura,2020,3,south tripura,20,3983.0
tripura,2020,3,dhalai,17,3839.0
tripura,2020,3,unakoti,13,3504.0
tripura,2020,3,khowai,8,1711.0
tripura,2020,4,west tripura,122,71380.0
tripura,2020,4,north tripura,24,19954.0
tripura,2020,4,sepahijala,19,14752.0
tripura,2020,4,dhalai,17,6473.0
tripura,2020,4,south tripura,17,11719.0
tripura,2020,4,khowai,16,4906.0
tripura,2020,4,gomati,16,6617.0
tripura,2020,4,unakoti,13,13964.0
mizoram,2022,1,aizawl,55,107088.0
mizoram,2022,1,lunglei,11,21751.0
mizoram,2022,1,lawngtlai,8,24775.0
mizoram,2022,1,serchhip,6,18889.0
mizoram,2022,1,champhai,2,2194.0
mizoram,2022,1,mamit,1,13441.0
mizoram,2022,1,kolasib,1,1191.0
mizoram,2022,1,saiha,1,99.0
mizoram,2022,2,aizawl,34,52843.0
mizoram,2022,2,lawngtlai,12,17657.0
mizoram,2022,2,lunglei,11,15550.0
mizoram,2022,2,kolasib,6,7044.0
mizoram,2022,2,mamit,6,13519.0
mizoram,2022,2,serchhip,5,4888.0
mizoram,2022,2,saiha,2,3589.0
mizoram,2022,3,aizawl,232,336391.0
mizoram,2022,3,lunglei,26,36337.0
mizoram,2022,3,lawngtlai,15,21225.0
mizoram,2022,3,kolasib,14,33851.0
mizoram,2022,3,serchhip,11,23061.0
mizoram,2022,3,mamit,7,17832.0
mizoram,2022,3,saiha,3,2497.0
mizoram,2022,3,champhai,2,112.0
mizoram,2022,4,aizawl,219,360472.0
mizoram,2022,4,serchhip,35,60974.0
mizoram,2022,4,lawngtlai,23,63038.0
mizoram,2022,4,lunglei,21,33104.0
mizoram,2022,4,kolasib,20,32543.0
mizoram,2022,4,champhai,16,29772.0
mizoram,2022,4,mamit,13,25469.0
mizoram,2022,4,saiha,3,7179.0
mizoram,2024,1,aizawl,155,185666.0
mizoram,2024,1,lunglei,38,70539.0
mizoram,2024,1,serchhip,20,45465.0
mizoram,2024,1,kolasib,19,18506.0
mizoram,2024,1,lawngtlai,18,49517.0
mizoram,2024,1,mamit,13,24515.0
mizoram,2024,1,champhai,9,11139.0
mizoram,2024,1,saiha,5,22346.0
mizoram,2024,2,aizawl,129,201881.0
mizoram,2024,2,kolasib,23,51525.0
mizoram,2024,2,lawngtlai,20,15935.0
mizoram,2024,2,lunglei,17,23831.0
mizoram,2024,2,champhai,9,10603.0
mizoram,2024,2,serchhip,8,19117.0
mizoram,2024,2,mamit,4,7126.0
mizoram,2024,2,saiha,4,1437.0
mizoram,2024,3,aizawl,105,148960.0
mizoram,2024,3,lawngtlai,25,43774.0
mizoram,2024,3,lunglei,15,20945.0
mizoram,2024,3,mamit,12,21539.0
mizoram,2024,3,kolasib,11,7991.0
mizoram,2024,3,serchhip,7,17208.0
mizoram,2024,3,champhai,4,7400.0
mizoram,2024,3,siaha,4,7686.0
mizoram,2024,3,hnahthial,2,62.0
mizoram,2024,3,saitual,1,181.0
mizoram,2024,4,aizawl,296,498655.0
mizoram,2024,4,lunglei,49,90595.0
mizoram,2024,4,lawngtlai,36,51029.0
mizoram,2024,4,kolasib,29,29648.0
mizoram,2024,4,serchhip,28,53725.0
mizoram,2024,4,siaha,17,22273.0
mizoram,2024,4,mamit,13,16176.0
mizoram,2024,4,champhai,10,21869.0
mizoram,2024,4,saitual,8,19680.0
mizoram,2024,4,khawzawl,3,8037.0
mizoram,2023,1,aizawl,119,198553.0
mizoram,2023,1,lunglei,22,40546.0
mizoram,2023,1,lawngtlai,8,20727.0
mizoram,2023,1,mamit,8,10200.0
mizoram,2023,1,kolasib,7,36169.0
mizoram,2023,1,serchhip,4,10730.0
mizoram,2023,1,saiha,2,7111.0
mizoram,2023,1,champhai,1,2652.0
mizoram,2023,2,aizawl,70,139004.0
mizoram,2023,2,kolasib,12,37901.0
mizoram,2023,2,lawngtlai,11,18589.0
mizoram,2023,2,lunglei,8,7972.0
mizoram,2023,2,mamit,8,11860.0
mizoram,2023,2,serchhip,4,3931.0
mizoram,2023,2,champhai,4,6615.0
mizoram,2023,2,saiha,2,7056.0
mizoram,2023,3,aizawl,112,179859.0
mizoram,2023,3,kolasib,13,35343.0
mizoram,2023,3,serchhip,9,18835.0
mizoram,2023,3,lunglei,9,11079.0
mizoram,2023,3,mamit,9,8815.0
mizoram,2023,3,lawngtlai,7,4600.0
mizoram,2023,3,champhai,4,7151.0
mizoram,2023,3,saiha,3,6117.0
mizoram,2023,4,aizawl,204,306611.0
mizoram,2023,4,kolasib,26,52587.0
mizoram,2023,4,lunglei,20,43965.0
mizoram,2023,4,lawngtlai,19,64525.0
mizoram,2023,4,serchhip,18,36017.0
mizoram,2023,4,mamit,11,27482.0
mizoram,2023,4,saiha,8,17745.0
mizoram,2023,4,champhai,6,9018.0
mizoram,2021,1,aizawl,374,268255.0
mizoram,2021,1,champhai,16,10334.0
mizoram,2021,1,mamit,9,9501.0
mizoram,2021,1,lunglei,6,6233.0
mizoram,2021,1,lawngtlai,4,2213.0
mizoram,2021,1,kolasib,3,2659.0
mizoram,2021,1,saiha,2,3613.0
mizoram,2021,1,serchhip,1,33.0
mizoram,2021,2,aizawl,149,105527.0
mizoram,2021,2,lawngtlai,9,1913.0
mizoram,2021,2,lunglei,9,2272.0
mizoram,2021,2,champhai,8,2921.0
mizoram,2021,2,mamit,4,6121.0
mizoram,2021,2,kolasib,4,188.0
mizoram,2021,2,saiha,2,5052.0
mizoram,2021,2,serchhip,2,811.0
mizoram,2021,3,aizawl,58,66033.0
mizoram,2021,3,lunglei,6,2258.0
mizoram,2021,3,mamit,5,5242.0
mizoram,2021,3,lawngtlai,4,1076.0
mizoram,2021,3,serchhip,4,2795.0
mizoram,2021,3,kolasib,2,982.0
mizoram,2021,3,champhai,2,5255.0
mizoram,2021,4,aizawl,58,91842.0
mizoram,2021,4,lunglei,12,23824.0
mizoram,2021,4,mamit,10,14175.0
mizoram,2021,4,lawngtlai,6,15826.0
mizoram,2021,4,kolasib,5,8865.0
mizoram,2021,4,serchhip,4,8840.0
mizoram,2021,4,saiha,4,9864.0
mizoram,2021,4,champhai,1,2611.0
mizoram,2020,2,aizawl,26,6121.0
mizoram,2020,2,lunglei,3,744.0
mizoram,2020,2,saiha,1,226.0
mizoram,2020,2,serchhip,1,231.0
mizoram,2020,3,aizawl,55,19936.0
mizoram,2020,3,lawngtlai,8,1508.0
mizoram,2020,3,lunglei,4,1261.0
mizoram,2020,3,serchhip,2,783.0
mizoram,2020,3,mamit,2,562.0
mizoram,2020,3,kolasib,2,461.0
mizoram,2020,3,champhai,1,180.0
mizoram,2020,4,aizawl,43,74456.0
mizoram,2020,4,lawngtlai,11,6209.0
mizoram,2020,4,lunglei,10,28125.0
mizoram,2020,4,kolasib,10,4885.0
mizoram,2020,4,mamit,5,3550.0
mizoram,2020,4,serchhip,1,1866.0
mizoram,2020,4,champhai,1,33.0
himachal-pradesh,2022,1,kangra,674,1204389.0
himachal-pradesh,2022,1,solan,552,852367.0
himachal-pradesh,2022,1,hamirpur,312,604752.0
himachal-pradesh,2022,1,sirmaur,253,503526.0
himachal-pradesh,2022,1,una,198,383701.0
himachal-pradesh,2022,1,mandi,189,424112.0
himachal-pradesh,2022,1,shimla,180,482453.0
himachal-pradesh,2022,1,chamba,165,277194.0
himachal-pradesh,2022,1,bilaspur,108,196856.0
himachal-pradesh,2022,1,kullu,101,184037.0
himachal-pradesh,2022,2,kangra,669,1348463.0
himachal-pradesh,2022,2,solan,556,859012.0
himachal-pradesh,2022,2,mandi,251,500409.0
himachal-pradesh,2022,2,hamirpur,239,479368.0
himachal-pradesh,2022,2,una,230,450565.0
himachal-pradesh,2022,2,shimla,221,489594.0
himachal-pradesh,2022,2,sirmaur,218,341033.0
himachal-pradesh,2022,2,kullu,159,305767.0
himachal-pradesh,2022,2,chamba,154,274749.0
himachal-pradesh,2022,2,bilaspur,93,213842.0
himachal-pradesh,2022,3,kangra,823,1348052.0
himachal-pradesh,2022,3,solan,805,1176468.0
himachal-pradesh,2022,3,sirmaur,322,498374.0
himachal-pradesh,2022,3,hamirpur,301,550440.0
himachal-pradesh,2022,3,shimla,295,570328.0
himachal-pradesh,2022,3,mandi,293,588312.0
himachal-pradesh,2022,3,una,230,358128.0
himachal-pradesh,2022,3,chamba,217,379656.0
himachal-pradesh,2022,3,kullu,156,300504.0
himachal-pradesh,2022,3,bilaspur,138,266328.0
himachal-pradesh,2022,4,kangra,1085,2218111.0
himachal-pradesh,2022,4,solan,1009,1741427.0
himachal-pradesh,2022,4,sirmaur,432,710927.0
himachal-pradesh,2022,4,hamirpur,359,728113.0
himachal-pradesh,2022,4,una,353,682027.0
himachal-pradesh,2022,4,shimla,341,854465.0
himachal-pradesh,2022,4,mandi,310,725635.0
himachal-pradesh,2022,4,chamba,249,459421.0
himachal-pradesh,2022,4,kullu,175,371574.0
himachal-pradesh,2022,4,bilaspur,174,346816.0
himachal-pradesh,2024,1,kangra,1303,2449390.0
himachal-pradesh,2024,1,solan,1127,1883899.0
himachal-pradesh,2024,1,sirmaur,519,923526.0
himachal-pradesh,2024,1,hamirpur,451,869363.0
himachal-pradesh,2024,1,shimla,405,923693.0
himachal-pradesh,2024,1,mandi,404,937473.0
himachal-pradesh,2024,1,una,371,817480.0
himachal-pradesh,2024,1,chamba,340,559835.0
himachal-pradesh,2024,1,kullu,270,545030.0
himachal-pradesh,2024,1,bilaspur,195,429266.0
himachal-pradesh,2024,2,kangra,1292,2408760.0
himachal-pradesh,2024,2,solan,1001,1677733.0
himachal-pradesh,2024,2,shimla,444,1032380.0
himachal-pradesh,2024,2,mandi,438,921989.0
himachal-pradesh,2024,2,hamirpur,416,777099.0
himachal-pradesh,2024,2,sirmaur,397,804090.0
himachal-pradesh,2024,2,chamba,330,535510.0
himachal-pradesh,2024,2,una,325,624562.0
himachal-pradesh,2024,2,kullu,272,548077.0
himachal-pradesh,2024,2,bilaspur,204,454795.0
himachal-pradesh,2024,3,kangra,1280,2577841.0
himachal-pradesh,2024,3,solan,1024,1885481.0
himachal-pradesh,2024,3,hamirpur,495,920841.0
himachal-pradesh,2024,3,mandi,469,988997.0
himachal-pradesh,2024,3,sirmaur,464,790427.0
himachal-pradesh,2024,3,shimla,402,999227.0
himachal-pradesh,2024,3,una,367,763355.0
himachal-pradesh,2024,3,chamba,294,538361.0
himachal-pradesh,2024,3,kullu,210,500823.0
himachal-pradesh,2024,3,bilaspur,186,409446.0
himachal-pradesh,2024,4,kangra,1686,3420558.0
himachal-pradesh,2024,4,solan,1311,2240286.0
himachal-pradesh,2024,4,hamirpur,620,1310194.0
himachal-pradesh,2024,4,shimla,569,1416469.0
himachal-pradesh,2024,4,mandi,521,1111164.0
himachal-pradesh,2024,4,una,505,1250921.0
himachal-pradesh,2024,4,sirmaur,488,1033480.0
himachal-pradesh,2024,4,chamba,377,761585.0
himachal-pradesh,2024,4,bilaspur,267,662116.0
himachal-pradesh,2024,4,kullu,257,558743.0
himachal-pradesh,2023,1,kangra,950,1883388.0
himachal-pradesh,2023,1,solan,812,1428093.0
himachal-pradesh,2023,1,sirmaur,375,732159.0
himachal-pradesh,2023,1,hamirpur,350,684183.0
himachal-pradesh,2023,1,shimla,334,801571.0
himachal-pradesh,2023,1,mandi,264,633837.0
himachal-pradesh,2023,1,una,253,621486.0
himachal-pradesh,2023,1,chamba,242,418898.0
himachal-pradesh,2023,1,kullu,189,310035.0
himachal-pradesh,2023,1,bilaspur,108,212666.0
himachal-pradesh,2023,2,kangra,979,2087628.0
himachal-pradesh,2023,2,solan,878,1427609.0
himachal-pradesh,2023,2,mandi,373,750098.0
himachal-pradesh,2023,2,hamirpur,371,718811.0
himachal-pradesh,2023,2,shimla,351,883035.0
himachal-pradesh,2023,2,una,299,645275.0
himachal-pradesh,2023,2,sirmaur,289,518018.0
himachal-pradesh,2023,2,chamba,229,406428.0
himachal-pradesh,2023,2,kullu,227,566436.0
himachal-pradesh,2023,2,bilaspur,144,317410.0
himachal-pradesh,2023,3,kangra,998,2023047.0
himachal-pradesh,2023,3,solan,825,1315793.0
himachal-pradesh,2023,3,hamirpur,375,780271.0
himachal-pradesh,2023,3,sirmaur,347,642000.0
himachal-pradesh,2023,3,mandi,303,659502.0
himachal-pradesh,2023,3,una,276,506882.0
himachal-pradesh,2023,3,shimla,264,718409.0
himachal-pradesh,2023,3,chamba,202,333469.0
himachal-pradesh,2023,3,bilaspur,141,345402.0
himachal-pradesh,2023,3,kullu,133,306144.0
himachal-pradesh,2023,4,kangra,1319,3070701.0
himachal-pradesh,2023,4,solan,1075,2115674.0
himachal-pradesh,2023,4,sirmaur,460,988869.0
himachal-pradesh,2023,4,hamirpur,437,976800.0
himachal-pradesh,2023,4,mandi,430,1051722.0
himachal-pradesh,2023,4,una,381,917948.0
himachal-pradesh,2023,4,shimla,373,1041293.0
himachal-pradesh,2023,4,chamba,287,512946.0
himachal-pradesh,2023,4,kullu,205,555859.0
himachal-pradesh,2023,4,bilaspur,185,478990.0
himachal-pradesh,2021,1,solan,248,140127.0
himachal-pradesh,2021,1,kangra,214,225446.0
himachal-pradesh,2021,1,mandi,116,82328.0
himachal-pradesh,2021,1,shimla,97,96526.0
himachal-pradesh,2021,1,hamirpur,84,121562.0
himachal-pradesh,2021,1,sirmaur,82,57506.0
himachal-pradesh,2021,1,una,67,61213.0
himachal-pradesh,2021,1,kullu,58,22094.0
himachal-pradesh,2021,1,bilaspur,43,38469.0
himachal-pradesh,2021,1,chamba,41,44528.0
himachal-pradesh,2021,2,solan,243,196231.0
himachal-pradesh,2021,2,kangra,233,344261.0
himachal-pradesh,2021,2,mandi,135,197249.0
himachal-pradesh,2021,2,shimla,117,118778.0
himachal-pradesh,2021,2,sirmaur,107,115857.0
himachal-pradesh,2021,2,hamirpur,86,146075.0
himachal-pradesh,2021,2,kullu,75,45639.0
himachal-pradesh,2021,2,bilaspur,68,66886.0
himachal-pradesh,2021,2,una,65,86930.0
himachal-pradesh,2021,2,chamba,59,60257.0
himachal-pradesh,2021,3,solan,391,390500.0
himachal-pradesh,2021,3,kangra,362,662048.0
himachal-pradesh,2021,3,kullu,168,138495.0
himachal-pradesh,2021,3,shimla,137,189891.0
himachal-pradesh,2021,3,hamirpur,133,198322.0
himachal-pradesh,2021,3,sirmaur,133,167321.0
himachal-pradesh,2021,3,mandi,125,200257.0
himachal-pradesh,2021,3,bilaspur,97,143442.0
himachal-pradesh,2021,3,una,95,174175.0
himachal-pradesh,2021,3,chamba,87,119346.0
himachal-pradesh,2021,4,kangra,535,1087881.0
himachal-pradesh,2021,4,solan,506,677171.0
himachal-pradesh,2021,4,una,245,489125.0
himachal-pradesh,2021,4,hamirpur,234,454797.0
himachal-pradesh,2021,4,mandi,216,461966.0
himachal-pradesh,2021,4,sirmaur,196,327046.0
himachal-pradesh,2021,4,shimla,192,487857.0
himachal-pradesh,2021,4,bilaspur,116,195467.0
himachal-pradesh,2021,4,kullu,97,207502.0
himachal-pradesh,2021,4,chamba,96,184684.0
himachal-pradesh,2020,2,solan,97,19714.0
himachal-pradesh,2020,2,kullu,80,11543.0
himachal-pradesh,2020,2,mandi,54,10723.0
himachal-pradesh,2020,2,shimla,44,8364.0
himachal-pradesh,2020,2,kangra,38,9269.0
himachal-pradesh,2020,2,hamirpur,31,6714.0
himachal-pradesh,2020,2,sirmaur,19,4111.0
himachal-pradesh,2020,2,bilaspur,11,2712.0
himachal-pradesh,2020,2,una,11,2651.0
himachal-pradesh,2020,2,chamba,4,1447.0
himachal-pradesh,2020,3,solan,132,38040.0
himachal-pradesh,2020,3,kangra,89,26682.0
himachal-pradesh,2020,3,shimla,74,26993.0
himachal-pradesh,2020,3,mandi,58,21176.0
himachal-pradesh,2020,3,sirmaur,39,10928.0
himachal-pradesh,2020,3,kullu,34,14714.0
himachal-pradesh,2020,3,una,31,6127.0
himachal-pradesh,2020,3,hamirpur,25,8139.0
himachal-pradesh,2020,3,bilaspur,17,4750.0
himachal-pradesh,2020,3,chamba,14,4150.0
himachal-pradesh,2020,4,solan,162,88870.0
himachal-pradesh,2020,4,kangra,153,166625.0
himachal-pradesh,2020,4,shimla,74,57412.0
himachal-pradesh,2020,4,mandi,73,83521.0
himachal-pradesh,2020,4,hamirpur,59,57764.0
himachal-pradesh,2020,4,una,51,48891.0
himachal-pradesh,2020,4,sirmaur,50,47332.0
himachal-pradesh,2020,4,chamba,29,20481.0
himachal-pradesh,2020,4,kullu,19,14390.0
himachal-pradesh,2020,4,bilaspur,19,16248.0
dadra-&-nagar-haveli-&-daman-&-diu,2022,1,dadra and nagar haveli,281,337073.0
dadra-&-nagar-haveli-&-daman-&-diu,2022,1,daman,197,337912.0
dadra-&-nagar-haveli-&-daman-&-diu,2022,1,diu,15,45756.0
dadra-&-nagar-haveli-&-daman-&-diu,2022,2,dadra and nagar haveli,260,354974.0
dadra-&-nagar-haveli-&-daman-&-diu,2022,2,daman,167,286329.0
dadra-&-nagar-haveli-&-daman-&-diu,2022,2,diu,11,45554.0
dadra-&-nagar-haveli-&-daman-&-diu,2022,3,dadra and nagar haveli,519,593259.0
dadra-&-nagar-haveli-&-daman-&-diu,2022,3,daman,177,366241.0
dadra-&-nagar-haveli-&-daman-&-diu,2022,3,diu,11,24276.0
dadra-&-nagar-haveli-&-daman-&-diu,2022,4,dadra and nagar haveli,610,762921.0
dadra-&-nagar-haveli-&-daman-&-diu,2022,4,daman,238,442560.0
dadra-&-nagar-haveli-&-daman-&-diu,2022,4,diu,23,67147.0
dadra-&-nagar-haveli-&-daman-&-diu,2024,1,dadra and nagar haveli,873,1200123.0
dadra-&-nagar-haveli-&-daman-&-diu,2024,1,daman,417,686036.0
dadra-&-nagar-haveli-&-daman-&-diu,2024,1,diu,5,22350.0
dadra-&-nagar-haveli-&-daman-&-diu,2024,2,dadra and nagar haveli,640,869291.0
dadra-&-nagar-haveli-&-daman-&-diu,2024,2,daman,344,461012.0
dadra-&-nagar-haveli-&-daman-&-diu,2024,2,diu,24,36956.0
dadra-&-nagar-haveli-&-daman-&-diu,2024,3,dadra and nagar haveli,689,926765.0
dadra-&-nagar-haveli-&-daman-&-diu,2024,3,daman,341,611393.0
dadra-&-nagar-haveli-&-daman-&-diu,2024,3,diu,22,64711.0
dadra-&-nagar-haveli-&-daman-&-diu,2024,4,dadra and nagar haveli,1045,1494562.0
dadra-&-nagar-haveli-&-daman-&-diu,2024,4,daman,437,748001.0
dadra-&-nagar-haveli-&-daman-&-diu,2024,4,diu,21,49966.0
dadra-&-nagar-haveli-&-daman-&-diu,2023,1,dadra and nagar haveli,598,810733.0
dadra-&-nagar-haveli-&-daman-&-diu,2023,1,daman,185,348075.0
dadra-&-nagar-haveli-&-daman-&-diu,2023,1,diu,16,56360.0
dadra-&-nagar-haveli-&-daman-&-diu,2023,2,dadra and nagar haveli,492,621719.0
dadra-&-nagar-haveli-&-daman-&-diu,2023,2,daman,175,350870.0
dadra-&-nagar-haveli-&-daman-&-diu,2023,2,diu,27,86164.0
dadra-&-nagar-haveli-&-daman-&-diu,2023,3,dadra and nagar haveli,600,777222.0
dadra-&-nagar-haveli-&-daman-&-diu,2023,3,daman,349,511452.0
dadra-&-nagar-haveli-&-daman-&-diu,2023,3,diu,20,44429.0
dadra-&-nagar-haveli-&-daman-&-diu,2023,4,dadra and nagar haveli,833,1306915.0
dadra-&-nagar-haveli-&-daman-&-diu,2023,4,daman,360,601684.0
dadra-&-nagar-haveli-&-daman-&-diu,2023,4,diu,14,65268.0
dadra-&-nagar-haveli-&-daman-&-diu,2021,1,daman,234,150144.0
dadra-&-nagar-haveli-&-daman-&-diu,2021,1,dadra and nagar haveli,216,99979.0
dadra-&-nagar-haveli-&-daman-&-diu,2021,1,diu,17,35568.0
dadra-&-nagar-haveli-&-daman-&-diu,2021,2,dadra and nagar haveli,221,107039.0
dadra-&-nagar-haveli-&-daman-&-diu,2021,2,daman,141,165741.0
dadra-&-nagar-haveli-&-daman-&-diu,2021,2,diu,6,2858.0
dadra-&-nagar-haveli-&-daman-&-diu,2021,3,dadra and nagar haveli,191,125786.0
dadra-&-nagar-haveli-&-daman-&-diu,2021,3,daman,157,143938.0
dadra-&-nagar-haveli-&-daman-&-diu,2021,3,diu,12,3872.0
dadra-&-nagar-haveli-&-daman-&-diu,2021,4,dadra and nagar haveli,244,207499.0
dadra-&-nagar-haveli-&-daman-&-diu,2021,4,daman,168,179850.0
dadra-&-nagar-haveli-&-daman-&-diu,2021,4,diu,9,38035.0
dadra-&-nagar-haveli-&-daman-&-diu,2020,2,dadra and nagar haveli,595,90317.0
dadra-&-nagar-haveli-&-daman-&-diu,2020,2,daman,52,9916.0
dadra-&-nagar-haveli-&-daman-&-diu,2020,2,diu,4,796.0
dadra-&-nagar-haveli-&-daman-&-diu,2020,3,dadra and nagar haveli,167,44815.0
dadra-&-nagar-haveli-&-daman-&-diu,2020,3,daman,87,20588.0
dadra-&-nagar-haveli-&-daman-&-diu,2020,3,diu,3,101.0
dadra-&-nagar-haveli-&-daman-&-diu,2020,4,daman,115,95653.0
dadra-&-nagar-haveli-&-daman-&-diu,2020,4,dadra and nagar haveli,111,52122.0
dadra-&-nagar-haveli-&-daman-&-diu,2020,4,diu,6,1738.0
ladakh,2022,1,leh ladakh,50,137974.0
ladakh,2022,1,kargil,25,55961.0
ladakh,2022,2,leh ladakh,76,202368.0
ladakh,2022,2,kargil,37,67078.0
ladakh,2022,3,leh ladakh,109,290203.0
ladakh,2022,3,kargil,28,79539.0
ladakh,2022,4,leh ladakh,125,319324.0
ladakh,2022,4,kargil,37,90767.0
ladakh,2024,1,leh ladakh,226,479065.0
ladakh,2024,1,kargil,65,135370.0
ladakh,2024,2,leh ladakh,316,660830.0
ladakh,2024,2,kargil,99,303519.0
ladakh,2024,3,leh ladakh,355,744927.0
ladakh,2024,3,kargil,91,233710.0
ladakh,2024,4,leh ladakh,335,739889.0
ladakh,2024,4,kargil,94,230445.0
ladakh,2023,1,leh ladakh,112,363267.0
ladakh,2023,1,kargil,49,132469.0
ladakh,2023,2,leh ladakh,169,511134.0
ladakh,2023,2,kargil,46,124697.0
ladakh,2023,3,leh ladakh,185,542018.0
ladakh,2023,3,kargil,47,107009.0
ladakh,2023,4,leh ladakh,204,604548.0
ladakh,2023,4,kargil,38,114419.0
ladakh,2021,1,leh ladakh,22,29962.0
ladakh,2021,1,kargil,10,4568.0
ladakh,2021,2,leh ladakh,34,54093.0
ladakh,2021,2,kargil,12,32158.0
ladakh,2021,3,leh ladakh,176,150296.0
ladakh,2021,3,kargil,16,23756.0
ladakh,2021,4,leh ladakh,58,157274.0
ladakh,2021,4,kargil,18,38692.0
ladakh,2020,2,kargil,11,1845.0
ladakh,2020,2,leh ladakh,3,693.0
ladakh,2020,3,leh ladakh,18,4376.0
ladakh,2020,3,kargil,15,5884.0
ladakh,2020,4,leh ladakh,25,33631.0
ladakh,2020,4,kargil,2,575.0
assam,2022,1,kamrup metropolitan,3580,5037571.0
assam,2022,1,dibrugarh,873,1470129.0
assam,2022,1,jorhat,865,1449243.0
assam,2022,1,nagaon,841,1525020.0
assam,2022,1,barpeta,746,1153589.0
assam,2022,1,sonitpur,735,1366384.0
assam,2022,1,golaghat,651,1131690.0
assam,2022,1,tinsukia,643,1177509.0
assam,2022,1,cachar,594,1093901.0
assam,2022,1,kamrup,530,905037.0
assam,2022,2,kamrup metropolitan,2330,3272854.0
assam,2022,2,dibrugarh,587,1057176.0
assam,2022,2,sonitpur,552,928881.0
assam,2022,2,kamrup,406,635248.0
assam,2022,2,barpeta,406,598109.0
assam,2022,2,tinsukia,389,774583.0
assam,2022,2,nagaon,385,680355.0
assam,2022,2,cachar,349,610793.0
assam,2022,2,jorhat,347,575716.0
assam,2022,2,kokrajhar,242,254646.0
assam,2022,3,kamrup metropolitan,3502,4613053.0
assam,2022,3,sonitpur,865,1425722.0
assam,2022,3,dibrugarh,848,1381966.0
assam,2022,3,barpeta,708,1128686.0
assam,2022,3,nagaon,673,1113514.0
assam,2022,3,kamrup,612,983523.0
assam,2022,3,tinsukia,566,936833.0
assam,2022,3,cachar,527,803800.0
assam,2022,3,jorhat,472,803029.0
assam,2022,3,karimganj,444,689445.0
assam,2022,4,kamrup metropolitan,5835,7067068.0
assam,2022,4,sonitpur,1095,1672604.0
assam,2022,4,dibrugarh,1094,1961516.0
assam,2022,4,kamrup,864,1321583.0
assam,2022,4,barpeta,845,1263373.0
assam,2022,4,nagaon,731,1242807.0
assam,2022,4,cachar,705,1215813.0
assam,2022,4,tinsukia,650,1190417.0
assam,2022,4,jorhat,606,1014221.0
assam,2022,4,lakhimpur,481,987421.0
assam,2024,1,kamrup metropolitan,6122,8448944.0
assam,2024,1,nagaon,1887,2830019.0
assam,2024,1,sonitpur,1877,2836196.0
assam,2024,1,barpeta,1876,2380473.0
assam,2024,1,dibrugarh,1730,2796591.0
assam,2024,1,jorhat,1414,2122424.0
assam,2024,1,kamrup,1371,1848729.0
assam,2024,1,tinsukia,1255,2174121.0
assam,2024,1,cachar,1122,1680658.0
assam,2024,1,dhubri,1040,1208964.0
assam,2024,2,kamrup metropolitan,4266,6790945.0
assam,2024,2,dibrugarh,1333,2130896.0
assam,2024,2,barpeta,1262,1638356.0
assam,2024,2,sonitpur,1237,2099284.0
assam,2024,2,nagaon,1156,1884574.0
assam,2024,2,kamrup,916,1290289.0
assam,2024,2,tinsukia,863,1448536.0
assam,2024,2,goalpara,800,1191636.0
assam,2024,2,cachar,779,1165403.0
assam,2024,2,jorhat,777,1456554.0
assam,2024,3,kamrup metropolitan,3855,6666759.0
assam,2024,3,dibrugarh,1019,1975290.0
assam,2024,3,kamrup,925,1446934.0
assam,2024,3,sonitpur,888,1612215.0
assam,2024,3,barpeta,791,1253952.0
assam,2024,3,tinsukia,782,1472817.0
assam,2024,3,nagaon,754,1345197.0
assam,2024,3,cachar,668,1083025.0
assam,2024,3,jorhat,527,1074219.0
assam,2024,3,dhubri,522,824255.0
assam,2024,4,kamrup metropolitan,4694,7306786.0
assam,2024,4,dibrugarh,1204,2506223.0
assam,2024,4,sonitpur,1136,1890760.0
assam,2024,4,kamrup,1090,1561314.0
assam,2024,4,nagaon,1012,1552864.0
assam,2024,4,barpeta,972,1389291.0
assam,2024,4,cachar,833,1281628.0
assam,2024,4,tinsukia,816,1517962.0
assam,2024,4,dhubri,722,925125.0
assam,2024,4,jorhat,663,1209024.0
assam,2023,1,kamrup metropolitan,5668,7671824.0
assam,2023,1,dibrugarh,1255,2224803.0
assam,2023,1,sonitpur,1065,1974045.0
assam,2023,1,nagaon,978,1827073.0
assam,2023,1,barpeta,948,1554633.0
assam,2023,1,kamrup,923,1577259.0
assam,2023,1,jorhat,887,1574670.0
assam,2023,1,tinsukia,813,1490071.0
assam,2023,1,cachar,807,1506973.0
assam,2023,1,lakhimpur,688,1386745.0
assam,2023,2,kamrup metropolitan,4012,5898627.0
assam,2023,2,dibrugarh,1121,2142408.0
assam,2023,2,sonitpur,893,1605940.0
assam,2023,2,nagaon,767,1428414.0
assam,2023,2,kamrup,690,1153785.0
assam,2023,2,barpeta,683,1025061.0
assam,2023,2,cachar,656,1133925.0
assam,2023,2,tinsukia,641,1239379.0
assam,2023,2,jorhat,581,1111680.0
assam,2023,2,lakhimpur,574,1175317.0
assam,2023,3,kamrup metropolitan,4860,6709390.0
assam,2023,3,dibrugarh,1582,2574384.0
assam,2023,3,barpeta,1229,1769686.0
assam,2023,3,nagaon,1173,1931012.0
assam,2023,3,sonitpur,1077,1850471.0
assam,2023,3,tinsukia,1072,1795306.0
assam,2023,3,kamrup,927,1535288.0
assam,2023,3,cachar,842,1278019.0
assam,2023,3,lakhimpur,710,1288953.0
assam,2023,3,dhubri,699,1028552.0
assam,2023,4,kamrup metropolitan,5317,7719481.0
assam,2023,4,sonitpur,1353,2337321.0
assam,2023,4,dibrugarh,1311,2554356.0
assam,2023,4,barpeta,1163,1993408.0
assam,2023,4,kamrup,1106,1685946.0
assam,2023,4,nagaon,1095,1810718.0
assam,2023,4,jorhat,963,1550776.0
assam,2023,4,tinsukia,899,1734025.0
assam,2023,4,dhubri,755,1083292.0
assam,2023,4,cachar,737,1308876.0
assam,2021,1,kamrup metropolitan,909,638404.0
assam,2021,1,sonitpur,162,151386.0
assam,2021,1,nagaon,151,91536.0
assam,2021,1,barpeta,138,94523.0
assam,2021,1,cachar,138,111672.0
assam,2021,1,kamrup,137,97851.0
assam,2021,1,tinsukia,108,99440.0
assam,2021,1,dibrugarh,91,81680.0
assam,2021,1,jorhat,90,68041.0
assam,2021,1,dhemaji,84,48008.0
assam,2021,2,kamrup metropolitan,910,790743.0
assam,2021,2,sonitpur,166,149754.0
assam,2021,2,barpeta,150,166761.0
assam,2021,2,nagaon,139,99192.0
assam,2021,2,dibrugarh,138,138262.0
assam,2021,2,kamrup,131,151795.0
assam,2021,2,cachar,125,110721.0
assam,2021,2,tinsukia,123,137739.0
assam,2021,2,dhubri,92,89465.0
assam,2021,2,jorhat,85,66263.0
assam,2021,3,kamrup metropolitan,1130,1219595.0
assam,2021,3,nagaon,256,414468.0
assam,2021,3,sonitpur,254,379958.0
assam,2021,3,barpeta,246,472172.0
assam,2021,3,dibrugarh,244,369625.0
assam,2021,3,tinsukia,193,219360.0
assam,2021,3,kamrup,187,191043.0
assam,2021,3,cachar,139,190170.0
assam,2021,3,jorhat,121,187950.0
assam,2021,3,baksa,120,133440.0
assam,2021,4,kamrup metropolitan,2250,2848340.0
assam,2021,4,barpeta,470,805931.0
assam,2021,4,nagaon,450,872663.0
assam,2021,4,dibrugarh,422,720457.0
assam,2021,4,sonitpur,415,668817.0
assam,2021,4,tinsukia,376,622789.0
assam,2021,4,kamrup,360,561224.0
assam,2021,4,cachar,322,545014.0
assam,2021,4,jorhat,257,543440.0
assam,2021,4,dhubri,255,370821.0
assam,2020,2,kamrup metropolitan,388,73071.0
assam,2020,2,nagaon,52,11413.0
assam,2020,2,sonitpur,46,10879.0
assam,2020,2,tinsukia,41,8863.0
assam,2020,2,dibrugarh,40,8918.0
assam,2020,2,lakhimpur,34,7772.0
assam,2020,2,cachar,31,6886.0
assam,2020,2,bongaigaon,30,6850.0
assam,2020,2,karimganj,27,6710.0
assam,2020,2,golaghat,25,5694.0
assam,2020,3,kamrup metropolitan,698,186125.0
assam,2020,3,nagaon,111,29094.0
assam,2020,3,kamrup,100,27927.0
assam,2020,3,cachar,98,28618.0
assam,2020,3,barpeta,98,22486.0
assam,2020,3,dibrugarh,95,28716.0
assam,2020,3,sonitpur,88,26070.0
assam,2020,3,tinsukia,82,25873.0
assam,2020,3,bongaigaon,72,20029.0
assam,2020,3,jorhat,62,19518.0
assam,2020,4,kamrup metropolitan,626,534531.0
assam,2020,4,nagaon,147,104375.0
assam,2020,4,barpeta,121,89658.0
assam,2020,4,tinsukia,121,110036.0
assam,2020,4,kamrup,110,73472.0
assam,2020,4,sonitpur,101,76365.0
assam,2020,4,dibrugarh,97,85549.0
assam,2020,4,cachar,91,63874.0
assam,2020,4,jorhat,82,61112.0
assam,2020,4,bongaigaon,69,45817.0
meghalaya,2022,1,east khasi hills,133,309643.0
meghalaya,2022,1,west garo hills,77,173099.0
meghalaya,2022,1,ribhoi,59,103790.0
meghalaya,2022,1,east jaintia hills,17,24138.0
meghalaya,2022,1,east garo hills,16,39737.0
meghalaya,2022,1,west jaintia hills,9,16740.0
meghalaya,2022,1,north garo hills,8,25357.0
meghalaya,2022,1,west khasi hills,7,8499.0
meghalaya,2022,1,south west garo hills,6,8854.0
meghalaya,2022,1,south garo hills,3,2411.0
meghalaya,2022,2,east khasi hills,190,337842.0
meghalaya,2022,2,west garo hills,68,181815.0
meghalaya,2022,2,ribhoi,54,94630.0
meghalaya,2022,2,east jaintia hills,16,56384.0
meghalaya,2022,2,east garo hills,16,43473.0
meghalaya,2022,2,north garo hills,11,16292.0
meghalaya,2022,2,south garo hills,8,25969.0
meghalaya,2022,2,west khasi hills,7,21992.0
meghalaya,2022,2,west jaintia hills,7,9236.0
meghalaya,2022,2,south west garo hills,2,1461.0
meghalaya,2022,3,east khasi hills,267,427341.0
meghalaya,2022,3,west garo hills,177,337886.0
meghalaya,2022,3,ribhoi,67,93271.0
meghalaya,2022,3,south garo hills,19,40323.0
meghalaya,2022,3,east garo hills,18,51275.0
meghalaya,2022,3,south west garo hills,13,20819.0
meghalaya,2022,3,north garo hills,12,33084.0
meghalaya,2022,3,east jaintia hills,12,16091.0
meghalaya,2022,3,west jaintia hills,7,11586.0
meghalaya,2022,3,west khasi hills,4,4859.0
meghalaya,2022,4,east khasi hills,293,521881.0
meghalaya,2022,4,west garo hills,137,307812.0
meghalaya,2022,4,ribhoi,91,143065.0
meghalaya,2022,4,east jaintia hills,26,16575.0
meghalaya,2022,4,east garo hills,24,91125.0
meghalaya,2022,4,south garo hills,21,40872.0
meghalaya,2022,4,north garo hills,16,34009.0
meghalaya,2022,4,west jaintia hills,8,7150.0
meghalaya,2022,4,south west garo hills,6,14977.0
meghalaya,2022,4,west khasi hills,4,12007.0
meghalaya,2024,1,east khasi hills,334,707606.0
meghalaya,2024,1,west garo hills,270,489582.0
meghalaya,2024,1,ribhoi,142,197365.0
meghalaya,2024,1,east jaintia hills,66,91008.0
meghalaya,2024,1,south garo hills,50,127716.0
meghalaya,2024,1,east garo hills,47,102190.0
meghalaya,2024,1,north garo hills,44,77261.0
meghalaya,2024,1,south west garo hills,30,80674.0
meghalaya,2024,1,west jaintia hills,27,71138.0
meghalaya,2024,1,west khasi hills,15,33918.0
meghalaya,2024,2,east khasi hills,590,1014087.0
meghalaya,2024,2,west garo hills,261,534831.0
meghalaya,2024,2,ribhoi,119,199931.0
meghalaya,2024,2,east garo hills,54,130217.0
meghalaya,2024,2,east jaintia hills,52,77621.0
meghalaya,2024,2,south garo hills,42,94856.0
meghalaya,2024,2,north garo hills,38,85255.0
meghalaya,2024,2,south west garo hills,31,60748.0
meghalaya,2024,2,west jaintia hills,25,76033.0
meghalaya,2024,2,west khasi hills,18,39171.0
meghalaya,2024,3,east khasi hills,508,903993.0
meghalaya,2024,3,west garo hills,230,512261.0
meghalaya,2024,3,ri bhoi,138,264983.0
meghalaya,2024,3,east garo hills,50,221922.0
meghalaya,2024,3,south west garo hills,43,108276.0
meghalaya,2024,3,north garo hills,43,121787.0
meghalaya,2024,3,south garo hills,33,77327.0
meghalaya,2024,3,west jaintia hills,32,97961.0
meghalaya,2024,3,east jaintia hills,31,63192.0
meghalaya,2024,3,west khasi hills,18,40664.0
meghalaya,2024,4,east khasi hills,538,989452.0
meghalaya,2024,4,west garo hills,284,566716.0
meghalaya,2024,4,ri bhoi,182,336005.0
meghalaya,2024,4,east jaintia hills,59,92496.0
meghalaya,2024,4,east garo hills,57,107430.0
meghalaya,2024,4,south garo hills,53,100794.0
meghalaya,2024,4,south west garo hills,48,102311.0
meghalaya,2024,4,north garo hills,42,72085.0
meghalaya,2024,4,west jaintia hills,29,92292.0
meghalaya,2024,4,west khasi hills,12,21221.0
meghalaya,2023,1,east khasi hills,229,426416.0
meghalaya,2023,1,west garo hills,136,314828.0
meghalaya,2023,1,ribhoi,82,146651.0
meghalaya,2023,1,east jaintia hills,22,41432.0
meghalaya,2023,1,south garo hills,22,54413.0
meghalaya,2023,1,east garo hills,21,46262.0
meghalaya,2023,1,north garo hills,18,57265.0
meghalaya,2023,1,south west garo hills,14,32207.0
meghalaya,2023,1,west khasi hills,9,22091.0
meghalaya,2023,1,west jaintia hills,6,29690.0
meghalaya,2023,2,east khasi hills,274,524055.0
meghalaya,2023,2,west garo hills,182,376421.0
meghalaya,2023,2,ribhoi,84,175643.0
meghalaya,2023,2,north garo hills,47,98259.0
meghalaya,2023,2,east jaintia hills,39,97347.0
meghalaya,2023,2,south garo hills,36,103306.0
meghalaya,2023,2,east garo hills,26,74870.0
meghalaya,2023,2,south west garo hills,21,34171.0
meghalaya,2023,2,west jaintia hills,12,30531.0
meghalaya,2023,2,west khasi hills,8,35685.0
meghalaya,2023,3,east khasi hills,331,624099.0
meghalaya,2023,3,west garo hills,202,435530.0
meghalaya,2023,3,ribhoi,80,163300.0
meghalaya,2023,3,south garo hills,50,129643.0
meghalaya,2023,3,east garo hills,33,120461.0
meghalaya,2023,3,north garo hills,28,70050.0
meghalaya,2023,3,east jaintia hills,25,28532.0
meghalaya,2023,3,west jaintia hills,24,59482.0
meghalaya,2023,3,south west garo hills,22,63789.0
meghalaya,2023,3,west khasi hills,11,24299.0
meghalaya,2023,4,east khasi hills,328,751846.0
meghalaya,2023,4,west garo hills,190,460215.0
meghalaya,2023,4,ribhoi,117,226411.0
meghalaya,2023,4,east jaintia hills,33,60016.0
meghalaya,2023,4,north garo hills,29,57154.0
meghalaya,2023,4,south west garo hills,28,73117.0
meghalaya,2023,4,south garo hills,26,51357.0
meghalaya,2023,4,east garo hills,25,66170.0
meghalaya,2023,4,west jaintia hills,15,58030.0
meghalaya,2023,4,west khasi hills,11,28575.0
meghalaya,2021,1,east khasi hills,39,56235.0
meghalaya,2021,1,west garo hills,24,28027.0
meghalaya,2021,1,ribhoi,13,11849.0
meghalaya,2021,1,east jaintia hills,11,1499.0
meghalaya,2021,1,west khasi hills,5,7508.0
meghalaya,2021,1,west jaintia hills,3,2809.0
meghalaya,2021,1,north garo hills,3,4098.0
meghalaya,2021,1,south west garo hills,3,7495.0
meghalaya,2021,1,east garo hills,3,5336.0
meghalaya,2021,1,south garo hills,2,2697.0
meghalaya,2021,2,east khasi hills,67,76168.0
meghalaya,2021,2,west garo hills,33,26373.0
meghalaya,2021,2,ribhoi,11,8597.0
meghalaya,2021,2,east jaintia hills,10,4393.0
meghalaya,2021,2,west jaintia hills,6,10465.0
meghalaya,2021,2,south garo hills,4,5328.0
meghalaya,2021,2,north garo hills,3,1533.0
meghalaya,2021,2,east garo hills,2,7961.0
meghalaya,2021,2,south west garo hills,1,3495.0
meghalaya,2021,2,west khasi hills,1,676.0
meghalaya,2021,3,east khasi hills,52,83975.0
meghalaya,2021,3,west garo hills,30,34620.0
meghalaya,2021,3,ribhoi,24,48286.0
meghalaya,2021,3,east jaintia hills,15,15522.0
meghalaya,2021,3,east garo hills,7,19560.0
meghalaya,2021,3,south west garo hills,5,1646.0
meghalaya,2021,3,west jaintia hills,3,1851.0
meghalaya,2021,3,south garo hills,1,5505.0
meghalaya,2021,3,north garo hills,1,3541.0
meghalaya,2021,3,south west khasi hills,1,48.0
meghalaya,2021,4,east khasi hills,132,226912.0
meghalaya,2021,4,ribhoi,44,89673.0
meghalaya,2021,4,west garo hills,34,57545.0
meghalaya,2021,4,east garo hills,17,23121.0
meghalaya,2021,4,east jaintia hills,14,22910.0
meghalaya,2021,4,west khasi hills,8,11428.0
meghalaya,2021,4,west jaintia hills,5,4459.0
meghalaya,2021,4,north garo hills,4,11746.0
meghalaya,2021,4,south west garo hills,3,2258.0
meghalaya,2021,4,south garo hills,2,1560.0
meghalaya,2020,2,east khasi hills,18,3753.0
meghalaya,2020,2,ribhoi,8,1822.0
meghalaya,2020,2,east jaintia hills,8,1719.0
meghalaya,2020,2,west khasi hills,4,847.0
meghalaya,2020,2,west garo hills,1,231.0
meghalaya,2020,2,north garo hills,1,231.0
meghalaya,2020,2,south west khasi hills,1,226.0
meghalaya,2020,3,east khasi hills,52,14174.0
meghalaya,2020,3,east jaintia hills,24,9099.0
meghalaya,2020,3,west garo hills,14,3643.0
meghalaya,2020,3,ribhoi,8,2240.0
meghalaya,2020,3,west jaintia hills,7,1500.0
meghalaya,2020,3,east garo hills,5,2245.0
meghalaya,2020,3,north garo hills,1,166.0
meghalaya,2020,3,west khasi hills,1,548.0
meghalaya,2020,4,east khasi hills,53,37940.0
meghalaya,2020,4,west garo hills,14,11704.0
meghalaya,2020,4,ribhoi,8,5569.0
meghalaya,2020,4,east jaintia hills,6,4482.0
meghalaya,2020,4,south west garo hills,5,9094.0
meghalaya,2020,4,east garo hills,2,1818.0
meghalaya,2020,4,west khasi hills,1,325.0
meghalaya,2020,4,south garo hills,1,32.0
meghalaya,2020,4,north garo hills,1,33.0
meghalaya,2020,4,west jaintia hills,1,32.0
uttarakhand,2022,1,dehradun,1774,2986200.0
uttarakhand,2022,1,haridwar,1029,1529648.0
uttarakhand,2022,1,udham singh nagar,847,1300676.0
uttarakhand,2022,1,nainital,646,1016607.0
uttarakhand,2022,1,pauri garhwal,292,513474.0
uttarakhand,2022,1,tehri garhwal,158,263185.0
uttarakhand,2022,1,pithoragarh,133,254885.0
uttarakhand,2022,1,almora,110,231528.0
uttarakhand,2022,1,chamoli,97,227232.0
uttarakhand,2022,1,uttarkashi,75,149678.0
uttarakhand,2022,2,dehradun,2015,3197024.0
uttarakhand,2022,2,haridwar,974,1467514.0
uttarakhand,2022,2,udham singh nagar,785,1188827.0
uttarakhand,2022,2,nainital,682,1005330.0
uttarakhand,2022,2,pauri garhwal,327,604216.0
uttarakhand,2022,2,tehri garhwal,196,346493.0
uttarakhand,2022,2,almora,179,319008.0
uttarakhand,2022,2,pithoragarh,168,241163.0
uttarakhand,2022,2,chamoli,141,293929.0
uttarakhand,2022,2,uttarkashi,110,198886.0
uttarakhand,2022,3,dehradun,2235,3326547.0
uttarakhand,2022,3,haridwar,1141,1636841.0
uttarakhand,2022,3,udham singh nagar,1106,1480288.0
uttarakhand,2022,3,nainital,805,1153568.0
uttarakhand,2022,3,pauri garhwal,398,581563.0
uttarakhand,2022,3,pithoragarh,218,294097.0
uttarakhand,2022,3,almora,212,392745.0
uttarakhand,2022,3,tehri garhwal,210,370180.0
uttarakhand,2022,3,chamoli,132,236958.0
uttarakhand,2022,3,champawat,104,184780.0
uttarakhand,2022,4,dehradun,2944,4789862.0
uttarakhand,2022,4,haridwar,1487,2219064.0
uttarakhand,2022,4,udham singh nagar,1364,1880392.0
uttarakhand,2022,4,nainital,1098,1596483.0
uttarakhand,2022,4,pauri garhwal,523,863303.0
uttarakhand,2022,4,tehri garhwal,256,441778.0
uttarakhand,2022,4,almora,255,527702.0
uttarakhand,2022,4,pithoragarh,241,419628.0
uttarakhand,2022,4,chamoli,145,313403.0
uttarakhand,2022,4,champawat,120,231116.0
uttarakhand,2024,1,dehradun,4033,6937954.0
uttarakhand,2024,1,haridwar,2141,3803423.0
uttarakhand,2024,1,udham singh nagar,1804,2873929.0
uttarakhand,2024,1,nainital,1195,2066666.0
uttarakhand,2024,1,pauri garhwal,676,986721.0
uttarakhand,2024,1,tehri garhwal,351,569081.0
uttarakhand,2024,1,pithoragarh,314,576592.0
uttarakhand,2024,1,almora,296,527121.0
uttarakhand,2024,1,chamoli,219,367270.0
uttarakhand,2024,1,uttarkashi,148,244752.0
uttarakhand,2024,2,dehradun,3550,6613242.0
uttarakhand,2024,2,haridwar,1792,3041917.0
uttarakhand,2024,2,udham singh nagar,1683,2586091.0
uttarakhand,2024,2,nainital,1107,1800174.0
uttarakhand,2024,2,pauri garhwal,613,959351.0
uttarakhand,2024,2,tehri garhwal,349,616732.0
uttarakhand,2024,2,pithoragarh,282,475039.0
uttarakhand,2024,2,almora,244,448874.0
uttarakhand,2024,2,chamoli,180,396187.0
uttarakhand,2024,2,champawat,152,237993.0
uttarakhand,2024,3,dehradun,3785,6592118.0
uttarakhand,2024,3,udham singh nagar,1734,2718433.0
uttarakhand,2024,3,haridwar,1680,2879859.0
uttarakhand,2024,3,nainital,1214,2028381.0
uttarakhand,2024,3,pauri garhwal,523,916302.0
uttarakhand,2024,3,tehri garhwal,336,600103.0
uttarakhand,2024,3,almora,283,494383.0
uttarakhand,2024,3,pithoragarh,261,442369.0
uttarakhand,2024,3,chamoli,181,344848.0
uttarakhand,2024,3,champawat,149,243839.0
uttarakhand,2024,4,dehradun,4512,8265832.0
uttarakhand,2024,4,haridwar,2236,4063011.0
uttarakhand,2024,4,udham singh nagar,2104,3342874.0
uttarakhand,2024,4,nainital,1473,2668491.0
uttarakhand,2024,4,pauri garhwal,688,1194947.0
uttarakhand,2024,4,tehri garhwal,475,782549.0
uttarakhand,2024,4,almora,371,652054.0
uttarakhand,2024,4,pithoragarh,338,638819.0
uttarakhand,2024,4,chamoli,261,517286.0
uttarakhand,2024,4,champawat,190,364070.0
uttarakhand,2023,1,dehradun,2611,4615566.0
uttarakhand,2023,1,haridwar,1333,2613631.0
uttarakhand,2023,1,udham singh nagar,1211,2199841.0
uttarakhand,2023,1,nainital,803,1294101.0
uttarakhand,2023,1,pauri garhwal,450,712712.0
uttarakhand,2023,1,pithoragarh,236,412777.0
uttarakhand,2023,1,tehri garhwal,229,358656.0
uttarakhand,2023,1,almora,199,421827.0
uttarakhand,2023,1,chamoli,131,240907.0
uttarakhand,2023,1,champawat,101,204855.0
uttarakhand,2023,2,dehradun,2830,4928013.0
uttarakhand,2023,2,udham singh nagar,1346,2119816.0
uttarakhand,2023,2,haridwar,1301,2352512.0
uttarakhand,2023,2,nainital,860,1499565.0
uttarakhand,2023,2,pauri garhwal,449,834933.0
uttarakhand,2023,2,pithoragarh,256,402449.0
uttarakhand,2023,2,tehri garhwal,254,411630.0
uttarakhand,2023,2,almora,226,468657.0
uttarakhand,2023,2,chamoli,160,353627.0
uttarakhand,2023,2,uttarkashi,122,219180.0
uttarakhand,2023,3,dehradun,2753,4269377.0
uttarakhand,2023,3,udham singh nagar,1368,2002699.0
uttarakhand,2023,3,haridwar,1237,2120521.0
uttarakhand,2023,3,nainital,850,1344731.0
uttarakhand,2023,3,pauri garhwal,466,723598.0
uttarakhand,2023,3,pithoragarh,259,463687.0
uttarakhand,2023,3,almora,238,427365.0
uttarakhand,2023,3,tehri garhwal,187,379190.0
uttarakhand,2023,3,chamoli,120,262413.0
uttarakhand,2023,3,champawat,111,175544.0
uttarakhand,2023,4,dehradun,3417,6454643.0
uttarakhand,2023,4,haridwar,1693,3183018.0
uttarakhand,2023,4,udham singh nagar,1667,3091689.0
uttarakhand,2023,4,nainital,1086,1911707.0
uttarakhand,2023,4,pauri garhwal,592,1037849.0
uttarakhand,2023,4,tehri garhwal,320,700351.0
uttarakhand,2023,4,almora,278,589368.0
uttarakhand,2023,4,pithoragarh,274,554770.0
uttarakhand,2023,4,chamoli,232,619715.0
uttarakhand,2023,4,champawat,154,266866.0
uttarakhand,2021,1,dehradun,761,878779.0
uttarakhand,2021,1,haridwar,620,535996.0
uttarakhand,2021,1,udham singh nagar,502,438715.0
uttarakhand,2021,1,nainital,206,206237.0
uttarakhand,2021,1,pauri garhwal,142,143920.0
uttarakhand,2021,1,tehri garhwal,83,95974.0
uttarakhand,2021,1,pithoragarh,74,165738.0
uttarakhand,2021,1,almora,54,66726.0
uttarakhand,2021,1,chamoli,54,46552.0
uttarakhand,2021,1,uttarkashi,41,53604.0
uttarakhand,2021,2,dehradun,858,1143631.0
uttarakhand,2021,2,haridwar,607,604868.0
uttarakhand,2021,2,udham singh nagar,518,516440.0
uttarakhand,2021,2,nainital,205,288133.0
uttarakhand,2021,2,pauri garhwal,136,166197.0
uttarakhand,2021,2,tehri garhwal,87,144359.0
uttarakhand,2021,2,almora,86,112828.0
uttarakhand,2021,2,pithoragarh,72,82135.0
uttarakhand,2021,2,chamoli,67,77488.0
uttarakhand,2021,2,uttarkashi,36,45443.0
uttarakhand,2021,3,haridwar,1255,1050466.0
uttarakhand,2021,3,dehradun,1112,1329330.0
uttarakhand,2021,3,udham singh nagar,638,701929.0
uttarakhand,2021,3,nainital,364,472151.0
uttarakhand,2021,3,pauri garhwal,221,271961.0
uttarakhand,2021,3,almora,113,158721.0
uttarakhand,2021,3,pithoragarh,85,150869.0
uttarakhand,2021,3,tehri garhwal,82,117190.0
uttarakhand,2021,3,chamoli,72,114681.0
uttarakhand,2021,3,champawat,52,89402.0
uttarakhand,2021,4,dehradun,1681,2630885.0
uttarakhand,2021,4,haridwar,1235,1394942.0
uttarakhand,2021,4,udham singh nagar,899,1120952.0
uttarakhand,2021,4,nainital,665,915316.0
uttarakhand,2021,4,pauri garhwal,310,469713.0
uttarakhand,2021,4,pithoragarh,163,282298.0
uttarakhand,2021,4,almora,127,212761.0
uttarakhand,2021,4,tehri garhwal,112,203345.0
uttarakhand,2021,4,chamoli,95,170770.0
uttarakhand,2021,4,champawat,83,179513.0
uttarakhand,2020,2,dehradun,313,59251.0
uttarakhand,2020,2,haridwar,110,21708.0
uttarakhand,2020,2,udham singh nagar,68,15728.0
uttarakhand,2020,2,nainital,63,13166.0
uttarakhand,2020,2,uttarkashi,20,3974.0
uttarakhand,2020,2,almora,20,4261.0
uttarakhand,2020,2,pithoragarh,17,5076.0
uttarakhand,2020,2,tehri garhwal,13,3613.0
uttarakhand,2020,2,pauri garhwal,10,2187.0
uttarakhand,2020,2,chamoli,9,1905.0
uttarakhand,2020,3,dehradun,482,166568.0
uttarakhand,2020,3,haridwar,305,79746.0
uttarakhand,2020,3,udham singh nagar,294,70995.0
uttarakhand,2020,3,nainital,102,28588.0
uttarakhand,2020,3,pauri garhwal,43,11588.0
uttarakhand,2020,3,tehri garhwal,38,12747.0
uttarakhand,2020,3,almora,36,15207.0
uttarakhand,2020,3,pithoragarh,32,12065.0
uttarakhand,2020,3,uttarkashi,25,4041.0
uttarakhand,2020,3,chamoli,16,5235.0
uttarakhand,2020,4,dehradun,577,620548.0
uttarakhand,2020,4,haridwar,337,341470.0
uttarakhand,2020,4,udham singh nagar,294,261230.0
uttarakhand,2020,4,nainital,169,206547.0
uttarakhand,2020,4,pauri garhwal,79,95558.0
uttarakhand,2020,4,tehri garhwal,62,90003.0
uttarakhand,2020,4,almora,46,65453.0
uttarakhand,2020,4,uttarkashi,44,44541.0
uttarakhand,2020,4,pithoragarh,42,60841.0
uttarakhand,2020,4,chamoli,35,56928.0
puducherry,2022,1,puducherry,1026,1416491.0
puducherry,2022,1,karaikal,113,163884.0
puducherry,2022,1,mahe,31,51885.0
puducherry,2022,1,yanam,29,31144.0
puducherry,2022,2,puducherry,981,1315292.0
puducherry,2022,2,karaikal,107,163314.0
puducherry,2022,2,mahe,40,79820.0
puducherry,2022,2,yanam,28,39360.0
puducherry,2022,3,puducherry,1335,1659848.0
puducherry,2022,3,karaikal,174,251500.0
puducherry,2022,3,mahe,49,75160.0
puducherry,2022,3,yanam,27,39021.0
puducherry,2022,4,puducherry,1916,2147849.0
puducherry,2022,4,karaikal,304,389357.0
puducherry,2022,4,mahe,68,79299.0
puducherry,2022,4,yanam,43,76625.0
puducherry,2024,1,puducherry,2273,3067571.0
puducherry,2024,1,karaikal,271,445825.0
puducherry,2024,1,mahe,95,174996.0
puducherry,2024,1,yanam,63,105162.0
puducherry,2024,2,puducherry,1970,2832692.0
puducherry,2024,2,karaikal,225,327567.0
puducherry,2024,2,mahe,75,124200.0
puducherry,2024,2,yanam,34,38538.0
puducherry,2024,3,puducherry,2218,3327539.0
puducherry,2024,3,karaikal,234,399089.0
puducherry,2024,3,mahe,103,157491.0
puducherry,2024,3,yanam,45,84404.0
puducherry,2024,4,puducherry,2410,3316201.0
puducherry,2024,4,karaikal,273,342060.0
puducherry,2024,4,mahe,102,162441.0
puducherry,2024,4,yanam,53,75331.0
puducherry,2023,1,puducherry,1684,2191876.0
puducherry,2023,1,karaikal,168,247909.0
puducherry,2023,1,mahe,69,92308.0
puducherry,2023,1,yanam,34,60998.0
puducherry,2023,2,puducherry,1527,2210627.0
puducherry,2023,2,karaikal,188,252023.0
puducherry,2023,2,mahe,62,102248.0
puducherry,2023,2,yanam,32,49108.0
puducherry,2023,3,puducherry,1891,2380727.0
puducherry,2023,3,karaikal,234,352670.0
puducherry,2023,3,mahe,74,113412.0
puducherry,2023,3,yanam,33,44838.0
puducherry,2023,4,puducherry,2093,2921421.0
puducherry,2023,4,karaikal,228,321006.0
puducherry,2023,4,mahe,86,109590.0
puducherry,2023,4,yanam,40,67378.0
puducherry,2021,1,puducherry,283,254440.0
puducherry,2021,1,karaikal,73,87255.0
puducherry,2021,1,yanam,8,3551.0
puducherry,2021,1,mahe,8,6581.0
puducherry,2021,2,puducherry,455,432658.0
puducherry,2021,2,karaikal,45,53202.0
puducherry,2021,2,yanam,21,10606.0
puducherry,2021,2,mahe,5,11811.0
puducherry,2021,3,puducherry,494,464835.0
puducherry,2021,3,karaikal,45,61640.0
puducherry,2021,3,mahe,16,25578.0
puducherry,2021,3,yanam,6,4389.0
puducherry,2021,4,puducherry,685,767854.0
puducherry,2021,4,karaikal,54,84570.0
puducherry,2021,4,yanam,25,60936.0
puducherry,2021,4,mahe,22,33247.0
puducherry,2020,2,puducherry,98,18574.0
puducherry,2020,2,yanam,12,2687.0
puducherry,2020,2,karaikal,1,708.0
puducherry,2020,2,mahe,1,282.0
puducherry,2020,3,puducherry,143,40754.0
puducherry,2020,3,yanam,25,6919.0
puducherry,2020,3,karaikal,14,5445.0
puducherry,2020,3,mahe,9,5281.0
puducherry,2020,4,puducherry,202,165945.0
puducherry,2020,4,karaikal,21,21295.0
puducherry,2020,4,yanam,7,5973.0
puducherry,2020,4,mahe,4,4742.0
bihar,2022,1,patna,4444,5436425.0
bihar,2022,1,muzaffarpur,1211,1664652.0
bihar,2022,1,vaishali,900,1300490.0
bihar,2022,1,samastipur,846,1134330.0
bihar,2022,1,bhagalpur,790,1009817.0
bihar,2022,1,darbhanga,716,958014.0
bihar,2022,1,gaya,710,986298.0
bihar,2022,1,saran,698,1079022.0
bihar,2022,1,begusarai,665,982309.0
bihar,2022,1,munger,652,604211.0
bihar,2022,2,patna,4980,5796863.0
bihar,2022,2,muzaffarpur,1312,1527583.0
bihar,2022,2,vaishali,1030,1332752.0
bihar,2022,2,munger,869,685212.0
bihar,2022,2,samastipur,866,1140296.0
bihar,2022,2,saran,831,1134410.0
bihar,2022,2,darbhanga,823,901618.0
bihar,2022,2,bhagalpur,806,1158286.0
bihar,2022,2,gaya,781,1127943.0
bihar,2022,2,begusarai,734,980380.0
bihar,2022,3,patna,6711,7663832.0
bihar,2022,3,muzaffarpur,1848,2047804.0
bihar,2022,3,vaishali,1495,1738699.0
bihar,2022,3,gaya,1052,1275154.0
bihar,2022,3,samastipur,1037,1446763.0
bihar,2022,3,bhagalpur,1030,1287137.0
bihar,2022,3,saran,1013,1475793.0
bihar,2022,3,begusarai,1010,1185869.0
bihar,2022,3,darbhanga,978,1175895.0
bihar,2022,3,nalanda,802,1007554.0
bihar,2022,4,patna,7741,8886520.0
bihar,2022,4,muzaffarpur,2305,2622512.0
bihar,2022,4,vaishali,1553,1950312.0
bihar,2022,4,samastipur,1371,1741058.0
bihar,2022,4,bhagalpur,1277,1839829.0
bihar,2022,4,saran,1260,1760294.0
bihar,2022,4,darbhanga,1183,1530684.0
bihar,2022,4,gaya,1156,1515312.0
bihar,2022,4,begusarai,1065,1313395.0
bihar,2022,4,nalanda,944,1190812.0
bihar,2024,1,patna,8766,12210439.0
bihar,2024,1,muzaffarpur,2904,3379803.0
bihar,2024,1,samastipur,2166,2404317.0
bihar,2024,1,vaishali,2155,2395023.0
bihar,2024,1,begusarai,2098,2480882.0
bihar,2024,1,bhagalpur,1961,2423152.0
bihar,2024,1,darbhanga,1834,2081177.0
bihar,2024,1,purbi champaran,1825,1988941.0
bihar,2024,1,gaya,1794,2115644.0
bihar,2024,1,saran,1758,2453695.0
bihar,2024,2,patna,8676,12515913.0
bihar,2024,2,muzaffarpur,3030,3566917.0
bihar,2024,2,vaishali,2208,2694296.0
bihar,2024,2,samastipur,2019,2589400.0
bihar,2024,2,saran,1947,2473772.0
bihar,2024,2,bhagalpur,1936,2519217.0
bihar,2024,2,purbi champaran,1912,2388778.0
bihar,2024,2,begusarai,1909,2345108.0
bihar,2024,2,darbhanga,1835,2503350.0
bihar,2024,2,gaya,1680,2474293.0
bihar,2024,3,patna,10836,14766457.0
bihar,2024,3,muzaffarpur,2707,3612823.0
bihar,2024,3,vaishali,1988,2661199.0
bihar,2024,3,begusarai,1885,2296315.0
bihar,2024,3,purbi champaran,1794,2325571.0
bihar,2024,3,gaya,1750,2519779.0
bihar,2024,3,bhagalpur,1672,2351538.0
bihar,2024,3,samastipur,1598,2004913.0
bihar,2024,3,saran,1597,2272074.0
bihar,2024,3,darbhanga,1284,1775628.0
bihar,2024,4,patna,12285,17467167.0
bihar,2024,4,muzaffarpur,3574,4618556.0
bihar,2024,4,bhagalpur,2880,3502440.0
bihar,2024,4,vaishali,2751,3366259.0
bihar,2024,4,purbi champaran,2743,3484729.0
bihar,2024,4,begusarai,2448,2967847.0
bihar,2024,4,samastipur,2399,3064251.0
bihar,2024,4,gaya,2142,2996672.0
bihar,2024,4,saran,2101,2867354.0
bihar,2024,4,madhubani,1964,2474980.0
bihar,2023,1,patna,6401,7935610.0
bihar,2023,1,muzaffarpur,1775,2423353.0
bihar,2023,1,vaishali,1280,1787246.0
bihar,2023,1,samastipur,1034,1410643.0
bihar,2023,1,bhagalpur,1004,1450332.0
bihar,2023,1,begusarai,981,1487117.0
bihar,2023,1,saran,934,1574069.0
bihar,2023,1,gaya,895,1335109.0
bihar,2023,1,darbhanga,881,1157743.0
bihar,2023,1,madhubani,811,1255509.0
bihar,2023,2,patna,7312,9370034.0
bihar,2023,2,muzaffarpur,2490,2986441.0
bihar,2023,2,vaishali,1300,1679995.0
bihar,2023,2,saran,1273,1702530.0
bihar,2023,2,samastipur,1088,1604418.0
bihar,2023,2,bhagalpur,999,1448813.0
bihar,2023,2,begusarai,966,1389526.0
bihar,2023,2,darbhanga,929,1257052.0
bihar,2023,2,gaya,918,1313271.0
bihar,2023,2,madhubani,838,1209798.0
bihar,2023,3,patna,10764,12203806.0
bihar,2023,3,muzaffarpur,2243,2653412.0
bihar,2023,3,vaishali,1795,2299571.0
bihar,2023,3,begusarai,1431,1674507.0
bihar,2023,3,saran,1328,1885167.0
bihar,2023,3,bhagalpur,1261,1763671.0
bihar,2023,3,gaya,1231,1481362.0
bihar,2023,3,samastipur,1151,1505350.0
bihar,2023,3,purnia,1062,1373810.0
bihar,2023,3,darbhanga,973,1187853.0
bihar,2023,4,patna,9152,12139703.0
bihar,2023,4,muzaffarpur,2640,3487730.0
bihar,2023,4,vaishali,2076,2700720.0
bihar,2023,4,bhagalpur,1712,2382914.0
bihar,2023,4,samastipur,1650,2083069.0
bihar,2023,4,begusarai,1515,1920706.0
bihar,2023,4,saran,1474,2082626.0
bihar,2023,4,gaya,1459,2063105.0
bihar,2023,4,darbhanga,1385,1986204.0
bihar,2023,4,madhubani,1261,1853704.0
bihar,2021,1,patna,2101,1349311.0
bihar,2021,1,muzaffarpur,750,518615.0
bihar,2021,1,gaya,597,370763.0
bihar,2021,1,vaishali,534,460907.0
bihar,2021,1,purbi champaran,505,265124.0
bihar,2021,1,samastipur,500,393366.0
bihar,2021,1,darbhanga,463,321486.0
bihar,2021,1,saran,459,385969.0
bihar,2021,1,madhubani,444,317538.0
bihar,2021,1,pashchim champaran,415,255416.0
bihar,2021,2,patna,2844,2420477.0
bihar,2021,2,muzaffarpur,855,728324.0
bihar,2021,2,vaishali,611,662818.0
bihar,2021,2,gaya,565,575770.0
bihar,2021,2,darbhanga,559,503233.0
bihar,2021,2,samastipur,559,524394.0
bihar,2021,2,saran,550,605534.0
bihar,2021,2,purbi champaran,509,475116.0
bihar,2021,2,begusarai,480,456120.0
bihar,2021,2,bhagalpur,475,428330.0
bihar,2021,3,patna,4025,3635269.0
bihar,2021,3,muzaffarpur,1031,999940.0
bihar,2021,3,vaishali,796,871661.0
bihar,2021,3,begusarai,780,770780.0
bihar,2021,3,samastipur,735,806958.0
bihar,2021,3,gaya,660,613726.0
bihar,2021,3,saran,640,671368.0
bihar,2021,3,darbhanga,606,630720.0
bihar,2021,3,bhagalpur,603,673714.0
bihar,2021,3,purbi champaran,561,606304.0
bihar,2021,4,patna,5114,5291931.0
bihar,2021,4,muzaffarpur,1372,1563252.0
bihar,2021,4,vaishali,1036,1200374.0
bihar,2021,4,saran,880,1231657.0
bihar,2021,4,samastipur,836,1098032.0
bihar,2021,4,bhagalpur,818,990253.0
bihar,2021,4,gaya,801,890348.0
bihar,2021,4,darbhanga,793,870539.0
bihar,2021,4,begusarai,719,859763.0
bihar,2021,4,purbi champaran,667,874730.0
bihar,2020,2,patna,685,126689.0
bihar,2020,2,begusarai,158,31671.0
bihar,2020,2,muzaffarpur,132,28803.0
bihar,2020,2,gaya,117,24619.0
bihar,2020,2,darbhanga,103,21997.0
bihar,2020,2,purbi champaran,100,22466.0
bihar,2020,2,bhagalpur,96,22602.0
bihar,2020,2,pashchim champaran,92,20072.0
bihar,2020,2,madhubani,89,19995.0
bihar,2020,2,vaishali,86,20680.0
bihar,2020,3,patna,1926,427322.0
bihar,2020,3,muzaffarpur,752,179003.0
bihar,2020,3,purbi champaran,497,111197.0
bihar,2020,3,gaya,408,85332.0
bihar,2020,3,vaishali,408,89031.0
bihar,2020,3,samastipur,344,81819.0
bihar,2020,3,darbhanga,325,73191.0
bihar,2020,3,bhagalpur,325,80091.0
bihar,2020,3,saran,323,78623.0
bihar,2020,3,purnia,292,61193.0
bihar,2020,4,patna,1831,1396144.0
bihar,2020,4,muzaffarpur,616,462851.0
bihar,2020,4,vaishali,445,381786.0
bihar,2020,4,saran,410,376021.0
bihar,2020,4,samastipur,404,405354.0
bihar,2020,4,darbhanga,375,329076.0
bihar,2020,4,gaya,366,260585.0
bihar,2020,4,madhubani,362,312107.0
bihar,2020,4,purbi champaran,336,195193.0
bihar,2020,4,bhagalpur,332,281912.0
jharkhand,2022,1,ranchi,2342,3350440.0
jharkhand,2022,1,east singhbhum,1582,1994586.0
jharkhand,2022,1,dhanbad,1203,1741406.0
jharkhand,2022,1,bokaro,809,1231429.0
jharkhand,2022,1,saraikela kharsawan,389,538634.0
jharkhand,2022,1,palamu,379,664690.0
jharkhand,2022,1,hazaribagh,322,588476.0
jharkhand,2022,1,ramgarh,299,447478.0
jharkhand,2022,1,deoghar,204,295711.0
jharkhand,2022,1,giridih,202,298725.0
jharkhand,2022,2,ranchi,2225,3046609.0
jharkhand,2022,2,east singhbhum,1708,2091608.0
jharkhand,2022,2,dhanbad,1262,1847695.0
jharkhand,2022,2,bokaro,943,1351623.0
jharkhand,2022,2,saraikela kharsawan,385,503592.0
jharkhand,2022,2,palamu,335,452609.0
jharkhand,2022,2,ramgarh,328,524659.0
jharkhand,2022,2,hazaribagh,320,467770.0
jharkhand,2022,2,giridih,287,459744.0
jharkhand,2022,2,deoghar,244,332029.0
jharkhand,2022,3,ranchi,3281,4087473.0
jharkhand,2022,3,east singhbhum,2570,2947659.0
jharkhand,2022,3,dhanbad,2278,2802748.0
jharkhand,2022,3,bokaro,1368,1846969.0
jharkhand,2022,3,saraikela kharsawan,575,658243.0
jharkhand,2022,3,palamu,492,613354.0
jharkhand,2022,3,ramgarh,475,754788.0
jharkhand,2022,3,hazaribagh,439,596772.0
jharkhand,2022,3,giridih,353,445260.0
jharkhand,2022,3,deoghar,335,432550.0
jharkhand,2022,4,ranchi,3465,4954150.0
jharkhand,2022,4,east singhbhum,2922,3742763.0
jharkhand,2022,4,dhanbad,2647,3394523.0
jharkhand,2022,4,bokaro,1438,2196150.0
jharkhand,2022,4,palamu,836,1119095.0
jharkhand,2022,4,saraikela kharsawan,821,1001690.0
jharkhand,2022,4,ramgarh,508,731301.0
jharkhand,2022,4,hazaribagh,489,820023.0
jharkhand,2022,4,deoghar,446,699994.0
jharkhand,2022,4,giridih,411,577270.0
jharkhand,2024,1,ranchi,4909,7487602.0
jharkhand,2024,1,east singhbhum,4224,5638498.0
jharkhand,2024,1,dhanbad,3509,4659985.0
jharkhand,2024,1,bokaro,2292,3440855.0
jharkhand,2024,1,saraikela kharsawan,1403,1691795.0
jharkhand,2024,1,palamu,1042,1334866.0
jharkhand,2024,1,ramgarh,821,1168156.0
jharkhand,2024,1,hazaribagh,787,1333311.0
jharkhand,2024,1,deoghar,751,987012.0
jharkhand,2024,1,giridih,654,837074.0
jharkhand,2024,2,ranchi,4661,7298351.0
jharkhand,2024,2,east singhbhum,4022,5532150.0
jharkhand,2024,2,dhanbad,2818,3833061.0
jharkhand,2024,2,bokaro,2162,3054577.0
jharkhand,2024,2,saraikela kharsawan,1189,1559768.0
jharkhand,2024,2,palamu,825,1134267.0
jharkhand,2024,2,ramgarh,765,1104446.0
jharkhand,2024,2,hazaribagh,760,1367112.0
jharkhand,2024,2,deoghar,651,1072013.0
jharkhand,2024,2,giridih,604,922936.0
jharkhand,2024,3,ranchi,5026,7826939.0
jharkhand,2024,3,east singhbhum,4855,6343645.0
jharkhand,2024,3,dhanbad,3365,4837925.0
jharkhand,2024,3,bokaro,2480,3592511.0
jharkhand,2024,3,seraikela kharsawan,1251,1633675.0
jharkhand,2024,3,hazaribag,852,1337065.0
jharkhand,2024,3,ramgarh,800,1272047.0
jharkhand,2024,3,palamu,694,1034769.0
jharkhand,2024,3,deoghar,608,949812.0
jharkhand,2024,3,west singhbhum,478,751095.0
jharkhand,2024,4,east singhbhum,5693,7616882.0
jharkhand,2024,4,ranchi,5480,9068274.0
jharkhand,2024,4,dhanbad,4077,5874868.0
jharkhand,2024,4,bokaro,2894,4357676.0
jharkhand,2024,4,seraikela kharsawan,1565,2028357.0
jharkhand,2024,4,hazaribag,982,1445214.0
jharkhand,2024,4,palamu,974,1129766.0
jharkhand,2024,4,ramgarh,904,1475834.0
jharkhand,2024,4,deoghar,850,1288200.0
jharkhand,2024,4,giridih,747,1005641.0
jharkhand,2023,1,east singhbhum,3445,4138971.0
jharkhand,2023,1,ranchi,3361,4959921.0
jharkhand,2023,1,dhanbad,2024,3004847.0
jharkhand,2023,1,bokaro,1274,2068544.0
jharkhand,2023,1,saraikela kharsawan,959,1214912.0
jharkhand,2023,1,palamu,862,1272161.0
jharkhand,2023,1,ramgarh,457,860169.0
jharkhand,2023,1,hazaribagh,412,895618.0
jharkhand,2023,1,deoghar,358,556745.0
jharkhand,2023,1,west singhbhum,343,546385.0
jharkhand,2023,2,east singhbhum,4220,4665989.0
jharkhand,2023,2,ranchi,3303,5125799.0
jharkhand,2023,2,dhanbad,1934,2695083.0
jharkhand,2023,2,bokaro,1689,2524598.0
jharkhand,2023,2,saraikela kharsawan,1094,1201420.0
jharkhand,2023,2,palamu,545,767545.0
jharkhand,2023,2,hazaribagh,469,776237.0
jharkhand,2023,2,ramgarh,459,767058.0
jharkhand,2023,2,giridih,324,630943.0
jharkhand,2023,2,west singhbhum,308,484218.0
jharkhand,2023,3,ranchi,4543,5962408.0
jharkhand,2023,3,east singhbhum,4396,4714889.0
jharkhand,2023,3,dhanbad,2437,3232731.0
jharkhand,2023,3,bokaro,1860,2563487.0
jharkhand,2023,3,saraikela kharsawan,1077,1291701.0
jharkhand,2023,3,ramgarh,628,948269.0
jharkhand,2023,3,hazaribagh,567,819073.0
jharkhand,2023,3,palamu,535,695377.0
jharkhand,2023,3,deoghar,394,639073.0
jharkhand,2023,3,giridih,385,527131.0
jharkhand,2023,4,ranchi,4651,7441219.0
jharkhand,2023,4,east singhbhum,4283,5861735.0
jharkhand,2023,4,dhanbad,3263,4735925.0
jharkhand,2023,4,bokaro,2126,3229786.0
jharkhand,2023,4,saraikela kharsawan,1193,1592632.0
jharkhand,2023,4,palamu,736,925141.0
jharkhand,2023,4,deoghar,685,1179198.0
jharkhand,2023,4,hazaribagh,678,1310320.0
jharkhand,2023,4,ramgarh,601,1083013.0
jharkhand,2023,4,west singhbhum,541,802644.0
jharkhand,2021,1,ranchi,1026,734770.0
jharkhand,2021,1,east singhbhum,625,404402.0
jharkhand,2021,1,dhanbad,570,392616.0
jharkhand,2021,1,bokaro,403,259603.0
jharkhand,2021,1,palamu,271,186504.0
jharkhand,2021,1,hazaribagh,271,134641.0
jharkhand,2021,1,ramgarh,204,131405.0
jharkhand,2021,1,giridih,184,108108.0
jharkhand,2021,1,garhwa,158,144421.0
jharkhand,2021,1,saraikela kharsawan,153,93522.0
jharkhand,2021,2,ranchi,1116,1206771.0
jharkhand,2021,2,east singhbhum,789,715258.0
jharkhand,2021,2,dhanbad,562,542379.0
jharkhand,2021,2,bokaro,405,422044.0
jharkhand,2021,2,palamu,248,225217.0
jharkhand,2021,2,hazaribagh,236,199302.0
jharkhand,2021,2,giridih,197,191694.0
jharkhand,2021,2,ramgarh,191,199495.0
jharkhand,2021,2,saraikela kharsawan,190,136575.0
jharkhand,2021,2,garhwa,159,161183.0
jharkhand,2021,3,ranchi,1484,1611727.0
jharkhand,2021,3,east singhbhum,963,921561.0
jharkhand,2021,3,dhanbad,820,813608.0
jharkhand,2021,3,palamu,606,672846.0
jharkhand,2021,3,bokaro,598,629738.0
jharkhand,2021,3,hazaribagh,282,274354.0
jharkhand,2021,3,saraikela kharsawan,241,241991.0
jharkhand,2021,3,ramgarh,238,272231.0
jharkhand,2021,3,giridih,194,175791.0
jharkhand,2021,3,deoghar,179,159871.0
jharkhand,2021,4,ranchi,2151,2693792.0
jharkhand,2021,4,east singhbhum,1241,1587274.0
jharkhand,2021,4,dhanbad,1022,1522634.0
jharkhand,2021,4,bokaro,651,1017720.0
jharkhand,2021,4,palamu,479,537986.0
jharkhand,2021,4,ramgarh,355,479936.0
jharkhand,2021,4,saraikela kharsawan,332,403274.0
jharkhand,2021,4,hazaribagh,276,496461.0
jharkhand,2021,4,giridih,254,311822.0
jharkhand,2021,4,deoghar,235,250418.0
jharkhand,2020,2,dhanbad,741,134652.0
jharkhand,2020,2,ranchi,376,71618.0
jharkhand,2020,2,east singhbhum,283,56879.0
jharkhand,2020,2,bokaro,175,35999.0
jharkhand,2020,2,saraikela kharsawan,69,13249.0
jharkhand,2020,2,hazaribagh,59,12131.0
jharkhand,2020,2,ramgarh,44,9554.0
jharkhand,2020,2,palamu,43,9949.0
jharkhand,2020,2,deoghar,42,8257.0
jharkhand,2020,2,giridih,40,9051.0
jharkhand,2020,3,dhanbad,1459,365170.0
jharkhand,2020,3,ranchi,1123,283853.0
jharkhand,2020,3,east singhbhum,698,168697.0
jharkhand,2020,3,bokaro,412,118920.0
jharkhand,2020,3,hazaribagh,238,63439.0
jharkhand,2020,3,ramgarh,199,60283.0
jharkhand,2020,3,saraikela kharsawan,185,42177.0
jharkhand,2020,3,giridih,144,32688.0
jharkhand,2020,3,palamu,121,24683.0
jharkhand,2020,3,deoghar,97,20112.0
jharkhand,2020,4,ranchi,670,559639.0
jharkhand,2020,4,dhanbad,553,360209.0
jharkhand,2020,4,east singhbhum,426,349290.0
jharkhand,2020,4,bokaro,296,231406.0
jharkhand,2020,4,palamu,216,179548.0
jharkhand,2020,4,hazaribagh,201,137221.0
jharkhand,2020,4,ramgarh,172,123911.0
jharkhand,2020,4,giridih,138,92474.0
jharkhand,2020,4,saraikela kharsawan,133,103772.0
jharkhand,2020,4,garhwa,121,99467.0
nagaland,2022,1,dimapur,137,296222.0
nagaland,2022,1,kohima,50,99600.0
nagaland,2022,1,wokha,19,24158.0
nagaland,2022,1,mokokchung,10,18633.0
nagaland,2022,1,mon,8,54277.0
nagaland,2022,1,peren,6,11251.0
nagaland,2022,1,phek,5,1771.0
nagaland,2022,1,zunheboto,4,12464.0
nagaland,2022,1,tuensang,2,8929.0
nagaland,2022,1,kiphire,1,1918.0
nagaland,2022,2,dimapur,104,204434.0
nagaland,2022,2,kohima,42,92317.0
nagaland,2022,2,mokokchung,11,32149.0
nagaland,2022,2,wokha,7,14423.0
nagaland,2022,2,mon,7,5614.0
nagaland,2022,2,phek,5,3985.0
nagaland,2022,2,peren,4,13035.0
nagaland,2022,2,zunheboto,3,7318.0
nagaland,2022,2,kiphire,2,7547.0
nagaland,2022,2,tuensang,1,56.0
nagaland,2022,3,dimapur,140,278631.0
nagaland,2022,3,kohima,21,31879.0
nagaland,2022,3,mokokchung,15,35162.0
nagaland,2022,3,mon,13,28116.0
nagaland,2022,3,wokha,8,15623.0
nagaland,2022,3,tuensang,4,23576.0
nagaland,2022,3,kiphire,3,13696.0
nagaland,2022,3,peren,2,3620.0
nagaland,2022,3,phek,2,8023.0
nagaland,2022,3,longleng,1,56.0
nagaland,2022,4,dimapur,254,442630.0
nagaland,2022,4,mokokchung,33,63375.0
nagaland,2022,4,kohima,27,61776.0
nagaland,2022,4,mon,15,56474.0
nagaland,2022,4,phek,8,19673.0
nagaland,2022,4,wokha,8,10913.0
nagaland,2022,4,zunheboto,7,5899.0
nagaland,2022,4,tuensang,6,13464.0
nagaland,2022,4,peren,5,12028.0
nagaland,2022,4,longleng,2,14520.0
nagaland,2024,1,dimapur,366,617926.0
nagaland,2024,1,kohima,45,69026.0
nagaland,2024,1,mokokchung,35,95063.0
nagaland,2024,1,mon,33,60598.0
nagaland,2024,1,wokha,11,28222.0
nagaland,2024,1,tuensang,10,26106.0
nagaland,2024,1,phek,8,8334.0
nagaland,2024,1,zunheboto,8,11865.0
nagaland,2024,1,peren,6,5503.0
nagaland,2024,1,longleng,2,92.0
nagaland,2024,2,dimapur,307,474960.0
nagaland,2024,2,kohima,40,84571.0
nagaland,2024,2,mokokchung,20,54012.0
nagaland,2024,2,wokha,14,16186.0
nagaland,2024,2,mon,12,26395.0
nagaland,2024,2,tuensang,8,9360.0
nagaland,2024,2,peren,7,5924.0
nagaland,2024,2,zunheboto,4,5546.0
nagaland,2024,2,phek,3,6214.0
nagaland,2024,2,longleng,2,2093.0
nagaland,2024,3,dimapur,226,374605.0
nagaland,2024,3,chumoukedima,58,89152.0
nagaland,2024,3,kohima,42,96907.0
nagaland,2024,3,mokokchung,27,100538.0
nagaland,2024,3,mon,16,44388.0
nagaland,2024,3,wokha,12,36145.0
nagaland,2024,3,phek,8,28926.0
nagaland,2024,3,peren,5,8897.0
nagaland,2024,3,kiphire,3,4164.0
nagaland,2024,3,noklak,3,3291.0
nagaland,2024,4,dimapur,298,571656.0
nagaland,2024,4,chumoukedima,94,182390.0
nagaland,2024,4,kohima,60,114999.0
nagaland,2024,4,mon,28,75471.0
nagaland,2024,4,mokokchung,25,104897.0
nagaland,2024,4,tuensang,14,24874.0
nagaland,2024,4,phek,10,34870.0
nagaland,2024,4,peren,10,10346.0
nagaland,2024,4,kiphire,10,293.0
nagaland,2024,4,wokha,9,19766.0
nagaland,2023,1,dimapur,204,445500.0
nagaland,2023,1,mokokchung,35,109339.0
nagaland,2023,1,kohima,30,46798.0
nagaland,2023,1,mon,15,23976.0
nagaland,2023,1,tuensang,13,34077.0
nagaland,2023,1,wokha,9,24638.0
nagaland,2023,1,phek,5,4309.0
nagaland,2023,1,peren,4,12378.0
nagaland,2023,1,longleng,2,1464.0
nagaland,2023,1,zunheboto,2,2293.0
nagaland,2023,2,dimapur,189,368751.0
nagaland,2023,2,kohima,22,69517.0
nagaland,2023,2,mokokchung,20,66019.0
nagaland,2023,2,mon,13,48562.0
nagaland,2023,2,peren,6,23417.0
nagaland,2023,2,zunheboto,5,15035.0
nagaland,2023,2,tuensang,5,22239.0
nagaland,2023,2,wokha,5,8157.0
nagaland,2023,2,phek,3,5930.0
nagaland,2023,2,longleng,1,1263.0
nagaland,2023,3,dimapur,179,396241.0
nagaland,2023,3,kohima,39,84219.0
nagaland,2023,3,mokokchung,15,60937.0
nagaland,2023,3,wokha,13,31834.0
nagaland,2023,3,tuensang,6,8088.0
nagaland,2023,3,mon,6,20067.0
nagaland,2023,3,phek,4,9530.0
nagaland,2023,3,peren,2,4275.0
nagaland,2023,3,zunheboto,2,3523.0
nagaland,2023,3,longleng,1,71.0
nagaland,2023,4,dimapur,221,486852.0
nagaland,2023,4,kohima,37,137578.0
nagaland,2023,4,mokokchung,20,73657.0
nagaland,2023,4,mon,18,57150.0
nagaland,2023,4,wokha,15,25038.0
nagaland,2023,4,tuensang,7,18554.0
nagaland,2023,4,peren,4,8375.0
nagaland,2023,4,zunheboto,4,12198.0
nagaland,2023,4,phek,3,1322.0
nagaland,2023,4,longleng,2,2249.0
nagaland,2021,1,dimapur,48,33072.0
nagaland,2021,1,kohima,9,1540.0
nagaland,2021,1,mon,5,688.0
nagaland,2021,1,zunheboto,4,1250.0
nagaland,2021,1,wokha,4,3531.0
nagaland,2021,1,tuensang,3,868.0
nagaland,2021,1,mokokchung,2,1256.0
nagaland,2021,1,longleng,2,702.0
nagaland,2021,1,peren,1,33.0
nagaland,2021,1,kiphire,1,33.0
nagaland,2021,2,dimapur,61,107022.0
nagaland,2021,2,kohima,7,2618.0
nagaland,2021,2,mokokchung,6,11572.0
nagaland,2021,2,mon,4,13636.0
nagaland,2021,2,peren,3,472.0
nagaland,2021,2,phek,2,2504.0
nagaland,2021,2,wokha,1,47.0
nagaland,2021,2,zunheboto,1,1608.0
nagaland,2021,3,dimapur,66,98101.0
nagaland,2021,3,kohima,11,18701.0
nagaland,2021,3,mokokchung,4,2596.0
nagaland,2021,3,phek,4,3770.0
nagaland,2021,3,wokha,2,95.0
nagaland,2021,3,mon,2,96.0
nagaland,2021,3,peren,1,236.0
nagaland,2021,3,tuensang,1,48.0
nagaland,2021,4,dimapur,133,229207.0
nagaland,2021,4,kohima,17,25180.0
nagaland,2021,4,mokokchung,13,36881.0
nagaland,2021,4,phek,5,5615.0
nagaland,2021,4,peren,4,18740.0
nagaland,2021,4,tuensang,3,9471.0
nagaland,2021,4,longleng,3,7896.0
nagaland,2021,4,mon,2,4069.0
nagaland,2021,4,zunheboto,1,425.0
nagaland,2021,4,wokha,1,463.0
nagaland,2020,2,dimapur,27,6065.0
nagaland,2020,2,kohima,6,1832.0
nagaland,2020,2,phek,2,457.0
nagaland,2020,2,tuensang,2,462.0
nagaland,2020,2,wokha,1,231.0
nagaland,2020,2,peren,1,231.0
nagaland,2020,2,mon,1,231.0
nagaland,2020,2,kiphire,1,282.0
nagaland,2020,3,dimapur,57,11587.0
nagaland,2020,3,kohima,17,5607.0
nagaland,2020,3,mon,4,938.0
nagaland,2020,3,wokha,4,868.0
nagaland,2020,3,tuensang,3,949.0
nagaland,2020,3,phek,2,783.0
nagaland,2020,3,longleng,1,33.0
nagaland,2020,3,zunheboto,1,33.0
nagaland,2020,4,dimapur,34,25648.0
nagaland,2020,4,mokokchung,9,2370.0
nagaland,2020,4,kohima,5,1333.0
nagaland,2020,4,zunheboto,3,1179.0
nagaland,2020,4,mon,3,3729.0
nagaland,2020,4,wokha,2,397.0
nagaland,2020,4,phek,2,65.0
nagaland,2020,4,tuensang,2,198.0
nagaland,2020,4,longleng,1,3884.0
nagaland,2020,4,kiphire,1,33.0
